"","Sample Name","AlphaVar","BetaVar","LutVar","LycoVar","PhytoVar","ZetaVar"
"1",90001,NA,NA,NA,NA,NA,NA
"2",90002,NA,NA,NA,NA,NA,NA
"3",90003,NA,NA,NA,NA,NA,NA
"4",90004,NA,NA,NA,NA,NA,NA
"5",90005,NA,NA,NA,NA,NA,NA
"6",90006,NA,NA,NA,NA,NA,NA
"7",90007,NA,NA,NA,NA,NA,NA
"8",90008,NA,NA,NA,NA,NA,NA
"9",90009,NA,NA,NA,NA,NA,NA
"10",90010,NA,NA,NA,NA,NA,NA
"11",90011,NA,NA,NA,NA,NA,NA
"12",90013,NA,NA,NA,NA,NA,NA
"13",90014,NA,NA,NA,NA,NA,NA
"14",90015,NA,NA,NA,NA,NA,NA
"15",90016,NA,NA,NA,NA,NA,NA
"16",90017,NA,NA,NA,NA,NA,NA
"17",90018,NA,NA,NA,NA,NA,NA
"18",90019,NA,NA,NA,NA,NA,NA
"19",90020,NA,NA,NA,NA,NA,NA
"20",90021,NA,NA,NA,NA,NA,NA
"21",90022,NA,NA,NA,NA,NA,NA
"22",90023,NA,NA,NA,NA,NA,NA
"23",90024,NA,NA,NA,NA,NA,NA
"24",90029,NA,NA,NA,NA,NA,NA
"25",90030,NA,NA,NA,NA,NA,NA
"26",90031,NA,NA,NA,NA,NA,NA
"27",90032,NA,NA,NA,NA,NA,NA
"28",90034,NA,NA,NA,NA,NA,NA
"29",90035,NA,NA,NA,NA,NA,NA
"30",90036,NA,NA,NA,NA,NA,NA
"31",90037,NA,NA,NA,NA,NA,NA
"32",90038,NA,NA,NA,NA,NA,NA
"33",90039,NA,NA,NA,NA,NA,NA
"34",90040,NA,NA,NA,NA,NA,NA
"35",90041,NA,NA,NA,NA,NA,NA
"36",90042,NA,NA,NA,NA,NA,NA
"37",90043,NA,NA,NA,NA,NA,NA
"38",90044,NA,NA,NA,NA,NA,NA
"39",90045,NA,NA,NA,NA,NA,NA
"40",90046,NA,NA,NA,NA,NA,NA
"41",90047,NA,NA,NA,NA,NA,NA
"42",90048,NA,NA,NA,NA,NA,NA
"43",90049,NA,NA,NA,NA,NA,NA
"44",90050,NA,NA,NA,NA,NA,NA
"45",90051,NA,NA,NA,NA,NA,NA
"46",90052,NA,NA,NA,NA,NA,NA
"47",90053,NA,NA,NA,NA,NA,NA
"48",90054,NA,NA,NA,NA,NA,NA
"49",90055,NA,NA,NA,NA,NA,NA
"50",90056,NA,NA,NA,NA,NA,NA
"51",90057,NA,NA,NA,NA,NA,NA
"52",90058,NA,NA,NA,NA,NA,NA
"53",90059,NA,NA,NA,NA,NA,NA
"54",90060,NA,NA,NA,NA,NA,NA
"55",90061,NA,NA,NA,NA,NA,NA
"56",90062,NA,NA,NA,NA,NA,NA
"57",90063,NA,NA,NA,NA,NA,NA
"58",90064,NA,NA,NA,NA,NA,NA
"59",90066,NA,NA,NA,NA,NA,NA
"60",90067,NA,NA,NA,NA,NA,NA
"61",90068,NA,NA,NA,NA,NA,NA
"62",90069,NA,NA,NA,NA,NA,NA
"63",90070,NA,NA,NA,NA,NA,NA
"64",90071,NA,NA,NA,NA,NA,NA
"65",90072,NA,NA,NA,NA,NA,NA
"66",90073,NA,NA,NA,NA,NA,NA
"67",90074,NA,NA,NA,NA,NA,NA
"68",90075,NA,NA,NA,NA,NA,NA
"69",90076,NA,NA,NA,NA,NA,NA
"70",90077,NA,NA,NA,NA,NA,NA
"71",90078,NA,NA,NA,NA,NA,NA
"72",90079,NA,NA,NA,NA,NA,NA
"73",90080,NA,NA,NA,NA,NA,NA
"74",90081,NA,NA,NA,NA,NA,NA
"75",90082,NA,NA,NA,NA,NA,NA
"76",90083,NA,NA,NA,NA,NA,NA
"77",90084,NA,NA,NA,NA,NA,NA
"78",90085,NA,NA,NA,NA,NA,NA
"79",90086,NA,NA,NA,NA,NA,NA
"80",90087,NA,NA,NA,NA,NA,NA
"81",90088,NA,NA,NA,NA,NA,NA
"82",90089,NA,NA,NA,NA,NA,NA
"83",90090,NA,0.00208193869187758,0.0179949325003652,Inf,NA,NA
"84",90091,NA,NA,0.0275792595264033,Inf,NA,NA
"85",90092,NA,0.0816780772545442,0.106805296625951,Inf,NA,NA
"86",90093,NA,NA,0.00800483935319994,Inf,NA,NA
"87",90094,NA,NA,0.061994326832691,Inf,NA,NA
"88",90095,NA,0.312200335437928,0.218058502429012,Inf,NA,NA
"89",90096,NA,NA,0.0349338474344581,Inf,NA,NA
"90",90098,NA,0.0384596228415977,0.0576171780039111,Inf,NA,NA
"91",90099,NA,NA,0.0559508838591848,Inf,NA,NA
"92",90100,NA,0.249960989078167,0.263430056391438,Inf,NA,NA
"93",90101,NA,NA,0.0251666044890998,Inf,NA,NA
"94",90102,0.075188943344116,0.104961623158607,0.166600129370464,0.297740722049845,0.0916929239827374,0.0647081563700025
"95",90103,NA,NA,0.101454103602474,Inf,NA,NA
"96",90104,NA,0.21245555844369,0.195380406753568,Inf,NA,NA
"97",90105,0.059833517847448,0.0704872627336244,0.0414001233091157,Inf,0.0741409726443697,NA
"98",90106,0.0100012585451138,0.00336909553811316,0.071473167016234,Inf,0.0245379667369689,NA
"99",90107,NA,NA,0.0354673621245425,Inf,NA,NA
"100",90108,NA,0.0543163343047987,0.0166625046554651,Inf,NA,NA
"101",90109,NA,NA,0.0730298969515509,Inf,NA,NA
"102",90110,NA,NA,0.0929756703199014,Inf,NA,NA
"103",90111,0.0254594281424942,0.024752210321802,0.0280963470649279,0.04513920636786,0.0337232970424104,NA
"104",90112,0.0164318290510025,0.0053720038161001,0.0247962979156084,Inf,0.0197438495759693,NA
"105",90113,0.028708865602619,0.0446786726521843,0.0272942266187706,Inf,0.0389274738804617,NA
"106",90114,NA,0.00321220801800307,0.0444928622819362,Inf,NA,NA
"107",90115,NA,0.0139678436056167,0.000181019863369214,Inf,NA,NA
"108",90116,0.149989280713193,0.155998162585915,0.157601844755375,Inf,0.181227356224558,NA
"109",90117,NA,0.0179625987619037,0.0378730606932487,Inf,0.00427203761472858,NA
"110",90118,0.00576745514858322,0.00568262398324211,0.00186697356460781,Inf,0.00483636535988136,0.00354199370717158
"111",90119,0.0895581634464455,0.0939309487473834,0.0984671709540702,Inf,0.0817843127513358,NA
"112",90120,NA,NA,0.0398223065598074,Inf,NA,NA
"113",90121,0.393619468787493,0.363189481993559,0.339645539233465,Inf,NA,NA
"114",90122,0.0231996217586474,0.0310111055313684,0.0271592168371345,Inf,0.0235397210156924,NA
"115",90123,NA,NA,0.0215984613182868,Inf,NA,NA
"116",90124,0.145490941525976,0.163520087735869,0.208998421871832,Inf,0.166416611033011,NA
"117",90125,NA,NA,0.00105599049013072,Inf,NA,NA
"118",90127,NA,0.0875372104992733,0.164074875980092,0.0395693342784868,0.0932289062087131,NA
"119",90128,NA,0.0243554510356626,0.0277020680216472,Inf,0.00611383318679256,NA
"120",90130,0.0789999376049461,0.0998159829408324,0.132556686355508,0.304827253047641,0.0997116994722811,NA
"121",90131,NA,NA,0.00315539952486937,Inf,NA,NA
"122",90132,NA,NA,0.0892979233159728,Inf,NA,NA
"123",90133,NA,0.066134892036355,0.0650699850433192,Inf,NA,NA
"124",90134,NA,0.0390370365491892,0.183752838051145,Inf,NA,NA
"125",90135,NA,0.0333096894551795,0.131644201951639,0.160525536721368,0.00186407190396016,NA
"126",90136,0.0050407019752202,0.0353724619944986,0.0854747292883857,0.247958293531605,0.098187892557943,NA
"127",90137,0.0143853409196361,0.00259891942081818,0.0466743512049522,Inf,NA,NA
"128",90138,0.00861934098894822,0.0412091339648941,0.0633560800121799,Inf,0.0116313650917407,NA
"129",90139,0.0059247575827485,0.0248397457881199,0.0568095636146021,Inf,0.00453073040027834,NA
"130",90140,0.0111125275873186,0.00914359820610374,0.0631843976026803,Inf,NA,NA
"131",90141,0.0462371155240226,0.00404093860886531,0.183950612115765,Inf,0.0731944608183956,NA
"132",90142,0.0232810851326656,0.00229713549341063,0.247235470216602,Inf,NA,NA
"133",90143,NA,NA,0.19269480800442,Inf,NA,NA
"134",90144,0.0336201951215914,0.00304462570233206,0.1964716125056,Inf,0.038812168271602,NA
"135",90145,NA,0.0240906304899868,0.043864724869898,Inf,NA,NA
"136",90146,NA,0.0204925640166159,0.0266074074526974,Inf,NA,NA
"137",90147,NA,NA,0.0227074677075734,Inf,NA,NA
"138",90148,NA,0.0139342991385557,0.0486788006954289,0.0238014168680816,0.00265566197419862,NA
"139",90149,NA,0.00860426968743801,0.0360152666101885,0.0109386950357291,0.00351402903219111,NA
"140",90150,0.012240726853129,0.00228200986162415,0.0651842939981384,0.180346816130636,0.00611281528881747,NA
"141",90151,0.00453695930619616,0.01260151121646,0.0121542105716432,0.0180713264447905,0.000637475179021062,NA
"142",90152,0.0181079576724394,0.0377680107047311,0.0140753159605015,Inf,0.0367022927916567,NA
"143",90153,3.35359487006651e-05,0.00346450504956637,0.0249234267607061,0.0273092435679993,0.0102176424640363,NA
"144",90154,0.0163569292162445,0.0117911504497276,0.00199936511445475,0.00283338991861997,0.0253390422398312,NA
"145",90155,0.00507337349735331,0.000909946927646647,0.108974409708486,Inf,NA,NA
"146",90156,NA,NA,0.127427680047129,Inf,NA,NA
"147",90157,NA,0.0187779196406633,0.0261639631261952,Inf,NA,NA
"148",90158,NA,NA,0.0632025255892615,Inf,NA,NA
"149",90159,0.0446061889093112,0.0240826148973262,0.00968012677664649,Inf,0.024883782561198,NA
"150",90160,0.0319590955305134,0.0111419014894026,0.0221796494769749,Inf,0.000995171619924237,NA
"151",90162,0.0235199341454693,0.0151694340041019,0.0258281645572947,0.0364858640670618,0.0171114095464148,NA
"152",90163,0.00472501011320112,1.31804889383e-05,0.0544155290867443,0.107588831188188,0.00418650251537084,NA
"153",90164,0.00639696155357795,0.0058275047485617,0.00446855401702353,0.0126267818082782,0.00968888707216675,0.0316789705935522
"154",90165,0.0223121207787331,0.013690224685393,0.0253448029838153,Inf,0.0030193212324103,NA
"155",90166,NA,NA,0.0849700237993855,Inf,NA,NA
"156",90167,0.00265962823096674,0.00417541920737918,0.0318020208632634,0.0478070596325211,0.00487869229915053,NA
"157",90168,NA,NA,0.0460119863222018,Inf,NA,NA
"158",90169,NA,NA,0.0461335008105796,Inf,NA,NA
"159",90170,NA,NA,0.00834764855074846,Inf,NA,NA
"160",90171,NA,NA,0.0140663935077146,Inf,NA,NA
"161",90172,0.00849254125248448,0.00980276980534045,0.00781179773671253,Inf,0.0118999530035279,NA
"162",90173,NA,0.0166754981585466,0.0092806613772039,0.00132772925546774,0.0292157317426784,NA
"163",90174,NA,NA,0.0138600248155153,Inf,NA,NA
"164",90175,NA,NA,0.0362155794654637,Inf,NA,NA
"165",90176,NA,NA,0.0346074658446252,Inf,NA,NA
"166",90177,NA,NA,0.0073109757496067,Inf,NA,NA
"167",90178,NA,NA,0.0131032462358502,Inf,NA,NA
"168",90179,NA,NA,0.017172746680028,Inf,NA,NA
"169",90180,NA,NA,0.0130779754997503,Inf,NA,NA
"170",90181,NA,NA,0.0125330248221825,Inf,NA,NA
"171",90182,NA,NA,0.0217046142921674,Inf,NA,NA
"172",90183,0.00639124335229352,0.0217270144605242,0.0272924684798229,0.0468978094322601,0.000957058387868039,NA
"173",90185,NA,NA,0.0194849261519632,Inf,NA,NA
"174",90186,NA,0.0177940880131499,0.0164829258384984,Inf,NA,NA
"175",90187,NA,NA,0.00364299483282312,Inf,NA,NA
"176",90188,NA,NA,0.119770529685636,Inf,NA,NA
"177",90189,NA,NA,0.0157777935234115,Inf,NA,NA
"178",90190,NA,NA,0.023797757142179,Inf,NA,NA
"179",90191,0.00888198868653008,0.00774942284083233,0.0225389183730397,0.0533845170910069,0.00474289833436015,NA
"180",90192,0.0455228080908046,0.0320094914922417,0.04221073337557,0.0533239725452608,0.025065552301832,NA
"181",90194,0.00237366375576168,0.00251140288907911,0.0120598469410453,0.0205071945343421,0.0104405118441334,NA
"182",90195,0.00983547547924889,0.000489293616150418,0.154867189844278,Inf,NA,NA
"183",90196,0.0221976465845048,0.0210803058607795,0.00791338561776462,Inf,0.0416437650380129,NA
"184",90197,0.0128242808491524,0.013668413139829,0.0294284261587026,0.0776262789276849,0.00813413759193918,NA
"185",90198,0.00806880060171705,0.00358165140697348,0.00874724430371658,Inf,0.00261325417052795,NA
"186",90199,0.0197577947356049,0.0217241107305354,0.0680366944908458,Inf,0.0305802869563997,NA
"187",90200,0.0260337545329619,0.0174468283191643,0.0363708959707725,0.0513625800597839,0.0219387081830788,NA
"188",90201,0.00848521196311782,0.0174535130037402,0.0234896401990078,0.0695309373826766,0.00920749221491252,0.0219494160723288
"189",90202,0.021145260891775,0.0156351603944102,0.0127519731353075,0.138364720351866,0.0110286682433351,0.0216576309301497
"190",90203,0.011587121145438,0.0108341812040301,0.00406161681735485,0.0249292152624936,0.00885674186180617,0.00261358997718784
"191",90204,0.0171813886848814,0.0130518611004989,0.0384981103408308,0.103856421415335,0.0038611640662987,1.4142135623731
"192",90205,NA,NA,0.00666260901947254,Inf,NA,NA
"193",90206,0.00930934591956869,0.00509872231942532,0.00657503918035748,0.0381975288563891,0.00643571923968456,NA
"194",90207,NA,0.00518483889885138,0.0193386266318472,Inf,NA,NA
"195",90208,NA,NA,0.012940952394844,Inf,NA,NA
"196",90209,0.00383222472226591,0.00655306518607885,0.0118691157630067,Inf,0.00367543182034273,NA
"197",90210,0.0162946137886914,0.00188031771629594,0.0143432513479947,0.0206846041807627,0.0124097090834804,NA
"198",90211,0.0023461881332906,0.00247436105507217,0.0129088127012389,0.0128734569269138,0.000607943837001855,NA
"199",90212,0.00460828909372768,0.00271364948966559,0.0316950529561248,0.106470879000337,0.00763500200272001,NA
"200",90213,0.0414963683981449,0.0213659239810374,0.0326870888070038,0.0928111544311184,0.0550146151180921,NA
"201",90214,0.0188633685876018,0.00796041653239949,0.0370255580863201,Inf,0.00265418611743829,0.0275889681429099
"202",90215,0.00753519151417658,0.00234857975438507,0.00106453391603196,0.00201213416608857,0.0116188436760683,NA
"203",90216,NA,NA,0.0437630111386928,Inf,NA,NA
"204",90217,0.00426016211303655,0.00333733183563047,0.00823474346910405,0.0271684897359672,0.00185700267087391,0.00939133773996382
"205",90218,NA,0.000614214935438157,0.0149139837151175,Inf,NA,NA
"206",90219,NA,1.4142135623731,0.095550608125611,Inf,NA,NA
"207",90220,NA,NA,0.17022472838326,Inf,NA,NA
"208",90221,0.0593167759938476,0.0680805674277049,0.0521206588208978,Inf,0.072484501061688,NA
"209",90222,NA,NA,0.030065125370893,Inf,NA,NA
"210",90223,0.0121415090662689,0.023296837407519,0.00624502194300791,0.0244068334048054,0.00802097881572081,NA
"211",90224,0.0200122679682675,0.0101275532563646,0.00125969133362093,Inf,0.00719335484390934,NA
"212",90225,0.0103688870145539,0.0188837159558618,0.00215330683023401,0.00461505051746059,0.0108703172851071,NA
"213",90226,0.0103163364329319,0.00219509434975356,0.0065242664320239,0.0121883715029539,0.00625629322123377,NA
"214",90227,0.00636548648072481,0.015591441712623,0.0197417293161274,Inf,0.0107067740056238,NA
"215",90228,0.0103460583931522,0.00376754475823841,0.00633861139304936,Inf,0.00126441672800986,NA
"216",90229,0.0513303934154061,0.0598782561910997,0.0455420344471908,0.0970809025651052,0.0528531923729987,0.113506072432756
"217",90230,0.0117406299061076,0.0169268916278023,0.00702801102272627,0.010772753421126,0.0194541324286737,NA
"218",90231,0.00980332861660704,0.0197248852478749,0.0144067580617189,0.114752279006136,0.0149583444490051,0.0143857310419665
"219",90232,0.00387889593556865,0.0171146491870674,0.00713626894375629,0.0107767591146186,0.00538353620321466,NA
"220",90233,0.0103612255679455,0.0100404609513398,0.0309874062453097,0.103549906304349,0.0111316326909431,NA
"221",90234,0.0137295251674619,0.0286084350068876,0.0337367081200786,0.0922177702963081,0.0304753110038991,NA
"222",90235,0.00441147830512883,0.00924654969014544,0.0211503585502932,Inf,0.0014913503501064,0.0241974920137179
"223",90236,0.00360241752189485,0.00188145470937815,0.00418917417701757,0.012742504442922,0.00856077495413821,0.0265799628469342
"224",90237,0.00200666093344927,0.00856550619186206,0.00715358265314589,0.016535100311504,0.00282718976656325,0.018162913238884
"225",90238,0.000977343810106415,0.0114993693217253,0.010842431101267,0.0640846015235562,0.00849495137221777,NA
"226",90240,0.00508361320999235,0.00828254799150062,0.0389692722700279,0.16936873850377,0.00115674614278506,NA
"227",90241,0.0111607749136647,0.00453143633536654,0.00430600046062664,Inf,0.00713220668536718,NA
"228",90242,0.0447184569796499,0.0601762669381899,0.0820119964241961,Inf,0.0654678049648612,NA
"229",90243,NA,NA,NA,NA,NA,NA
"230",90244,NA,NA,NA,NA,NA,NA
"231",90245,0.286683459621177,0.280920710463744,0.150356265294605,0.240305195377717,0.341880257223875,NA
"232",90246,0.337844128796989,0.334447983550932,0.199589052597975,0.646310144907138,0.3835393793395,NA
"233",90247,NA,NA,0.0995726117674147,Inf,NA,NA
"234",90248,0.113601318854194,0.124737921783869,0.0535957114516414,0.143642246136686,0.129347949282817,0.137355533491029
"235",90249,NA,NA,0.0989045261767056,Inf,NA,NA
"236",90250,0.461581969848352,0.476629333796451,0.231083214666177,0.783021708191363,0.552930712921497,NA
"237",90251,NA,NA,0.126399111006073,Inf,NA,NA
"238",90252,NA,NA,0.0777260615946971,Inf,NA,NA
"239",90253,0.0914406798404546,0.0805101643464109,0.0523662032224549,0.0866223958376838,0.102639801469365,NA
"240",90254,0.287499796044306,0.29578170829202,0.178151807887425,0.401089866560048,0.326832101681016,NA
"241",90255,0.103082062833274,0.114228295309168,0.070776235645854,0.0864053201245615,0.114540339452937,NA
"242",90256,0.241602145589309,0.244467657890522,0.14868254765151,0.240705179048542,0.279393972684698,NA
"243",90257,0.0781148230615984,0.0824675053270009,0.03797751491022,0.044147896917525,0.0903429875877383,NA
"244",90258,0.29132084001929,0.304735686875023,0.169296723517586,0.57858228590461,0.353250963620761,0.313853633157907
"245",90259,0.215405889461292,0.222357731009872,0.177136519919331,0.499687411098578,0.248068057744381,0.231402996955577
"246",90260,0.160181348882007,0.15780832854518,0.170146697967114,0.209869297954809,0.179960347417389,NA
"247",90261,NA,NA,0.0262802198233175,Inf,NA,NA
"248",90262,NA,NA,0.0196759766132465,Inf,NA,NA
"249",90263,0.0512355963357374,0.0523480215741687,0.0866107925721618,0.268653557198561,0.0600829374100147,NA
"250",90264,0.0249341123285443,0.0225574829378032,0.0308868841688239,Inf,0.0245556205616177,NA
"251",90265,NA,NA,0.00586891777377559,Inf,NA,NA
"252",90266,NA,0.00349076532386953,0.00828592448458815,0.00139287348985487,0.00706813181523559,NA
"253",90267,NA,0.0252639247244713,0.0348427497882477,0.0329589346443259,0.0224300838393683,NA
"254",90268,0.0263885681417121,0.0399223228048553,0.0632251461984804,0.132402328926391,0.0208312282448298,NA
"255",90269,0.00426128155392219,0.00152728003990473,0.031164117586785,0.0699889385892322,0.0125689440380852,NA
"256",90270,0.0143960602501951,0.0438761892755639,0.0789850709288388,0.0549368416569954,0.0456775341886947,NA
"257",90271,0.0175419642233353,0.0085174685509072,0.0295782001104359,Inf,0.0352154448793509,NA
"258",90272,0.0626265243786007,0.0476261145272365,0.119995630581955,Inf,NA,NA
"259",90273,0.0277084924346111,0.030779708559516,0.0368824813512723,0.0705711095528334,0.0227339741662682,NA
"260",90274,0.0547772042442056,0.0471020178195831,0.109218582535164,0.187588456120574,1.4142135623731,NA
"261",90275,0.0132367357020931,0.0199568360407069,0.0223593421567004,0.0576835444658547,0.0162910511054176,NA
"262",90276,0.0242354175800134,0.0287937989900002,0.0293091166976022,0.034938225082565,0.0541474594389588,NA
"263",90277,0.0108180322347008,0.0130043441873186,0.026210534891406,0.0685498147249687,0.00321989091898925,NA
"264",90278,NA,NA,0.0453508763121406,Inf,NA,NA
"265",90280,NA,NA,0.256700106264574,Inf,NA,NA
"266",90281,NA,NA,0.085017152816477,Inf,NA,NA
"267",90282,NA,NA,0.000911343390221157,Inf,NA,NA
"268",90283,NA,NA,0.0563367920623951,Inf,NA,NA
"269",90284,NA,NA,0.0124519521481262,Inf,NA,NA
"270",90285,NA,NA,0.0939118737439303,Inf,NA,NA
"271",90286,0.010974718370503,0.0182181825167123,0.053048005879782,0.111127572665799,0.00252251701900038,NA
"272",90287,0.00330822328933637,0.013470457393004,0.0151431044583359,0.0278085528263566,0.0211526561389676,NA
"273",90288,0.0411964564662615,0.0345272895458787,0.0719736244378906,0.434350286227063,0.0313386162263843,NA
"274",90290,0.0185460902425787,0.020144742306044,0.0286452258935471,0.0568613031936473,0.0106872831368483,NA
"275",90291,0.0681684469174526,0.0821480903733737,0.0821915611317983,0.222342012470731,0.0819049961009001,NA
"276",90292,0.00305623906021302,0.0190725702997526,0.0246900441184415,0.141821006343452,0.0145905971147473,NA
"277",90293,0.0056383706668853,0.00345159841746401,0.00136970950357102,Inf,0.00161535431747599,0.0167643121079178
"278",90294,0.0148737577335109,0.0280419555625393,0.0417970632826106,0.0664379546493627,0.0291095062072697,NA
"279",90295,0.00324620472755297,0.00913329506366334,0.0121440353410954,0.0402022364056748,0.0314123058286706,NA
"280",90296,0.0646807012140444,0.0717363297612083,0.103992570986622,0.346350556931908,0.076878851228369,1.4142135623731
"281",90297,0.00479778519219952,0.0193590127515148,0.0122415681294018,0.0292611031666372,0.019327267078536,NA
"282",90298,NA,NA,0.0484933232955926,Inf,NA,NA
"283",90299,NA,NA,0.0487463825100552,Inf,NA,NA
"284",90300,NA,0.0450860338648372,0.0124918953558447,Inf,NA,NA
"285",90301,NA,0.0831193762576365,0.00684550023243309,Inf,NA,NA
"286",90302,0.0139054139579977,0.019011379886511,0.0321163827456247,0.116001303362484,0.0101774523838556,NA
"287",90304,NA,NA,0.0103743572212099,Inf,NA,NA
"288",90305,NA,NA,0.508212388707496,Inf,NA,NA
"289",90306,0.219996769126725,0.233855727143602,0.277116314518195,1.51635854638555,0.235114490379125,0.247814095340657
"290",90307,0.335059975138895,0.288764243864969,0.291519795543329,Inf,0.266530241078179,NA
"291",90308,0.363601675274841,0.389605015299935,0.56543470047602,Inf,0.405862758489208,NA
"292",90309,0.373179249836402,0.372379692822639,0.50866171738459,Inf,0.358711631198223,NA
"293",90310,NA,NA,0.424820576085368,Inf,NA,NA
"294",90311,NA,0.294531981402199,0.324586425167743,0.294433954162142,0.379174993530818,NA
"295",90312,0.205086715841917,0.232650695566729,0.312741546281893,0.305257841267511,0.265722753500752,NA
"296",90313,0.270306983184631,0.291371437536241,0.482106578942007,0.813413974104432,0.280226823997325,1.41421356237309
"297",90314,0.568686235000491,0.60216579994887,0.810096332382098,1.05932839772565,1.4142135623731,NA
"298",90315,0.24352323933786,0.275435607995583,0.448815057175978,0.548696079553516,0.26807675974709,NA
"299",90316,0.384121402987039,0.407062677398186,0.620427272205041,1.21723668754892,0.414700684172886,NA
"300",90317,0.316398430939849,0.420203660764866,0.542419393794079,Inf,NA,NA
"301",90318,NA,1.4142135623731,0.522474315421489,Inf,NA,NA
"302",90319,0.326056891210991,0.339063062497426,0.54306567044988,0.867388214258338,0.340992823209489,NA
"303",90320,0.162577976732665,0.177994449993645,0.275911681404045,0.615111207164048,0.179073963400654,0.187360834975758
"304",90322,NA,1.41421356237309,0.649711640411379,Inf,NA,NA
"305",90323,0.252139703252835,0.276827798639903,0.331553946784268,1.22233931535238,0.317103512714107,NA
"306",90324,0.0681772435955261,0.101769079772915,0.149580485376958,Inf,NA,NA
"307",90325,0.28621284900077,0.319536412364849,0.390724838396806,1.52670271070936,0.323316308416959,NA
"308",90326,0.311004618380573,0.342327932718363,0.425505406902277,7.04006370581181,0.352274171428879,NA
"309",90327,NA,NA,0.334725103284345,Inf,NA,NA
"310",90330,NA,NA,0.547984911646003,Inf,NA,NA
"311",90331,0.214009662550271,0.227325419316109,0.464738083772961,2.77459892759633,0.231530834479671,NA
"312",90332,0.377852357180432,0.396664147284352,0.562285802180676,4.6225579840744,0.475108823917666,NA
"313",90334,NA,0.34251323495087,0.622734160427772,0.126129239853175,0.370381337881174,NA
"314",90335,NA,NA,0.131246724798127,Inf,NA,NA
"315",90336,NA,0.263619254218917,0.366628899239363,0.163407872583592,0.265911283675904,NA
"316",90337,NA,0.297065262981428,0.577248214709657,0.132066583261243,0.297631836392277,NA
"317",90338,NA,NA,0.416516099286223,Inf,NA,NA
"318",90339,0.612073074551767,0.617386048314776,0.866014083791906,1.40145036516596,1.4142135623731,NA
"319",90340,0.431410797051898,0.467702660967366,0.592958429299746,1.17303787544772,0.469860727419789,NA
"320",90341,0.452588164289646,0.484829775022839,0.606399154352933,1.33536706756846,0.605523967528491,NA
"321",90342,0.247808939636856,0.267006237229775,0.38998520616147,0.50274971167668,0.280756089060259,NA
"322",90343,0.249637919151509,0.280700268828099,0.424336762176498,0.792794436367651,0.280658952089109,NA
"323",90345,0.0169176406444894,0.0194166146468098,0.0569377308055245,0.0439294370557147,0.0355671411150427,NA
"324",90346,0.15447235917763,0.154490550857254,0.290809609719932,Inf,NA,NA
"325",90347,0.151217750236119,0.158758260515556,0.224224046615622,0.427636305387524,0.199410347016841,NA
"326",90348,0.0230408000552864,0.0197022560601714,0.0224256671454097,0.0605065036884529,0.00588179095582872,NA
"327",90349,0.194029826943307,0.202464686060615,0.196711628228699,0.646507154832727,NA,NA
"328",90350,0.145240234490193,0.150424282507108,0.195653055401654,0.635590755772905,0.168498590726503,NA
"329",90351,0.236779810188787,0.242435025828477,0.302492760257215,0.352854562392272,NA,NA
"330",90352,0.299880923677734,0.306011138503313,0.384504498556984,0.561255602585775,0.421245990853197,NA
"331",90354,0.162543686625527,0.104234911075138,0.0661900392834285,Inf,NA,NA
"332",90355,0.552093630789702,0.540012665539542,0.712557138920999,Inf,NA,NA
"333",90356,0.0308666558345466,0.034450148823457,0.0933990356952841,0.488881240699747,NA,NA
"334",90357,0.0419247452685903,0.0324460387876889,0.0527028407138898,0.0647789577644673,NA,NA
"335",90358,1.4142135623731,0.440867478140578,0.528083080408377,Inf,NA,NA
"336",90359,0.067810258031062,0.0694026260557859,0.05393458739534,Inf,NA,NA
"337",90360,0.0358791386649188,0.0556254172707657,0.0760128059344713,Inf,NA,NA
"338",90361,NA,NA,0.0397038566693181,Inf,NA,NA
"339",90362,0.00152562861066258,0.0397170757523184,0.0695288936193636,Inf,NA,NA
"340",90363,0.105487593221943,0.106122008563373,0.174080025278959,0.274362705775559,0.0937399176356581,NA
"341",90364,0.113530396320382,0.138485895421066,0.0803822397915945,0.167906447142873,NA,NA
"342",90365,0.120558083829251,0.142803048236376,0.124144341491721,Inf,NA,NA
"343",90366,0.0744596888503875,0.0861652163596379,0.0600414214438715,0.19589775305318,0.0929294576708993,NA
"344",90367,0.00104314575755648,0.00286105899630317,0.0272146942890776,0.0875707539963684,0.0157049998565557,NA
"345",90368,0.112889395226313,0.130533672497633,0.0766285244104856,0.0910723325050412,0.111986653310884,NA
"346",90369,0.177446778621375,0.195065028677344,0.166911750990221,0.469801203326288,0.174990254022317,NA
"347",90370,0.247068605498078,0.235886724023622,0.285958661503615,0.807785598530474,NA,NA
"348",90371,0.0816394813941795,0.0978126521208609,0.0603718804443024,0.166304733066851,NA,NA
"349",90372,0.131514554982105,0.14988197144911,0.214473645010819,Inf,NA,NA
"350",90373,0.000431989423345681,0.00406620742379304,0.0137968390130598,0.0483184517089969,0.0321120730988598,NA
"351",90374,0.141547005784539,0.146468372138612,0.145723040019039,Inf,NA,NA
"352",90375,NA,NA,0.246950472554595,Inf,NA,NA
"353",90376,0.138928705134075,0.163347440381769,0.201406529978853,0.455843594809929,0.189844750571447,NA
"354",90377,0.345106379109929,0.347274517751893,0.354342249926971,1.32762566030431,NA,NA
"355",90378,0.0615526468645825,0.0639143600771958,0.0745047418015466,0.118243682942696,NA,NA
"356",90379,0.14951505118084,0.157853289239018,0.156419564266425,1.57092831224701,0.125614878511842,NA
"357",90380,0.118586629567797,0.0979291017520246,0.134276465922258,0.186471057400404,NA,NA
"358",90381,0.220106601795341,0.227666862968689,0.287992793613587,0.352224505609041,NA,NA
"359",90382,NA,0.216840874229609,0.198077686285638,Inf,0.261693859940772,NA
"360",90383,0.175476365098518,0.181174613519026,0.22777177487081,0.75587655078083,1.4142135623731,NA
"361",90384,0.0377753204775585,0.0236051231997885,0.0452003183372382,Inf,NA,NA
"362",90386,0.154606569097334,0.159933186612644,0.161219831152828,0.324888301652682,NA,NA
"363",90387,NA,NA,0.224404647196762,Inf,NA,NA
"364",90388,0.205682530226634,0.235060129297109,0.28286022434145,Inf,NA,NA
"365",90389,0.188749618773686,0.196945881505114,0.223056833172116,Inf,0.19868599439018,NA
"366",90390,NA,NA,0.0788475472681506,Inf,NA,NA
"367",90391,NA,NA,0.246917996246351,Inf,NA,NA
"368",90392,0.216475250172588,0.234418309486896,0.248894068180211,Inf,NA,NA
"369",90393,0.377267203201008,0.399844419519026,0.489290068399112,2.46183716293499,1.4142135623731,NA
"370",90394,0.130631810947058,0.138922644255142,0.195115727138415,0.25445890527908,0.158453732577295,NA
"371",90395,0.0280302251416255,0.0190624285611938,0.0619537961881816,0.146349703549762,0.0051165059193264,NA
"372",90396,0.230687493581446,0.242990110017665,0.251319148131081,0.77718114306351,1.41421356237309,NA
"373",90397,0.0673022630648955,0.0725511337868519,0.14424153727734,0.147474804116054,NA,NA
"374",90398,0.128562520241143,0.128069689337509,0.216866311498275,0.306976401537679,NA,NA
"375",90399,0.121703728045255,0.137056022216417,0.158707499229524,0.371789819507679,0.135494569082706,NA
"376",90400,0.00396709148962969,0.00186183461753925,0.00513563603640782,0.0125147432258925,0.00120488261622492,NA
"377",90401,0.0814311307692836,0.0783027827407073,0.136891103042383,Inf,NA,NA
"378",90402,0.30889660310223,0.314290120018502,0.389533172171355,0.666170358389687,0.331756028020733,NA
"379",90403,0.0623812656264115,0.0470060745206665,0.0982863405409818,0.22558953298658,0.19778919613044,NA
"380",90404,0.236847674321052,0.247223224074852,0.344484004649298,0.416027981784311,0.273008397990109,NA
"381",90405,0.235750362827271,0.243146746336704,0.337254733744517,0.211018907841113,NA,NA
"382",90406,0.238111536173584,0.240105293915168,0.328824429111627,0.568218644225846,0.350769399453497,NA
"383",90407,NA,NA,0.0241863363754236,Inf,NA,NA
"384",90408,NA,NA,0.0903633863271365,Inf,NA,NA
"385",90409,NA,NA,0.262152638390479,Inf,NA,NA
"386",90410,0.0081708250479341,0.000643862685840882,0.00583138803808697,0.0494335216729252,0.00434943871933366,NA
"387",90411,0.0270879529030812,0.0373454155507285,0.0420251893890035,Inf,0.022354972331611,NA
"388",90412,0.0379334096750947,0.0474130171332256,0.0527364831434282,0.0961720088945115,0.0404674937062436,NA
"389",90413,0.16465967037744,0.156468300598159,0.223409252276537,Inf,0.164773104231709,NA
"390",90414,0.0204223271532655,0.0153380039308934,0.0454629731288375,Inf,NA,NA
"391",90415,0.00322318636912104,0.0207091516749042,0.0256365108179659,0.0504556012842085,0.0301243815795365,0.00524233538866557
"392",90416,NA,NA,0.0452950962293518,Inf,NA,NA
"393",90418,NA,NA,0.0735685021809449,Inf,NA,NA
"394",90419,0.00764545024350409,0.0152119944352657,0.00587630443015404,0.00628167115828608,0.0290060660433267,NA
"395",90424,NA,0.33908408140729,0.459278359535968,0.0695747364908404,0.341645127403257,NA
"396",90425,0.250065255521296,0.266476342965467,0.368151077948734,0.502700911364872,0.26553098123725,NA
"397",90426,0.142111778748339,0.136970505868397,0.127305605161155,0.0815851793357707,0.147990071210481,NA
"398",90427,0.142174470993379,0.136083617649722,0.134731343761662,0.145022940515372,0.131003451219301,NA
"399",90428,NA,0.419880744003942,0.561394825736656,0.0886559549617631,0.431389272004363,NA
"400",90429,0.0390406600735686,0.0497228400753601,0.0490447654558304,Inf,0.0413162455131037,NA
"401",90430,NA,NA,0.070862736143825,Inf,NA,NA
"402",90431,NA,NA,0.0454141585539693,Inf,NA,NA
"403",90432,0.12024499982157,0.12522071665268,0.170039160993071,0.405788095156793,0.140013051709571,NA
"404",90433,0.00399399328115442,0.0153945195317312,0.104631296092558,Inf,NA,NA
"405",90434,NA,NA,0.0183469337689377,Inf,NA,NA
"406",90435,NA,NA,0.179546345044675,Inf,NA,NA
"407",90436,0.0490825374227393,0.0415512791591418,0.0194969703146684,0.0450084292633429,0.0255375332589034,NA
"408",90437,NA,NA,0.035724624203151,Inf,NA,NA
"409",90438,NA,NA,0.0220619115783693,Inf,NA,NA
"410",90439,NA,NA,NA,NA,NA,NA
"411",90440,NA,NA,NA,NA,NA,NA
"412",90441,NA,NA,NA,NA,NA,NA
"413",90442,NA,NA,NA,NA,NA,NA
"414",90443,NA,NA,NA,NA,NA,NA
"415",90444,NA,NA,NA,NA,NA,NA
"416",90445,NA,NA,NA,NA,NA,NA
"417",90446,NA,NA,NA,NA,NA,NA
"418",90447,NA,NA,NA,NA,NA,NA
"419",90448,NA,1.4142135623731,0.0638197767697882,0.00943819885066423,0.37857349135191,NA
"420",90450,NA,0.279730179618589,0.211026698414936,0.0345660261698115,0.246605042129785,NA
"421",90451,0.301036539277757,0.341016693201575,0.106615959257965,Inf,0.392202940025985,NA
"422",90452,NA,NA,1.4142135623731,Inf,NA,NA
"423",90453,NA,NA,0.270133513787962,Inf,NA,NA
"424",90454,0.11571706329194,0.109979527260476,0.130688903450088,Inf,0.0961453248324573,NA
"425",90455,NA,NA,0.162972630977,Inf,NA,NA
"426",90456,NA,NA,0.371323755348363,Inf,NA,NA
"427",90457,0.0249520276922906,0.0281629860050188,0.0336416687823604,0.374577990520485,0.0208809677470736,NA
"428",90458,NA,NA,0.0219493787436377,Inf,NA,NA
"429",90459,NA,NA,0.0601906341958059,Inf,NA,NA
"430",90460,NA,NA,0.00485868891772004,Inf,NA,NA
"431",90461,NA,NA,0.163024409670946,Inf,NA,NA
"432",90462,0.0375416257056104,0.0538076250901531,0.0612158934391392,0.408042825249335,0.0724673978094406,NA
"433",90463,0.0762614378908835,0.0595676274345523,0.0729087806423826,0.106591517589129,0.042406541518512,NA
"434",90464,0.473404960443951,0.496239758936632,0.575013926090287,1.94076603902355,0.562148112246132,NA
"435",90465,0.0532381647042227,0.0608814773042304,0.0671459655755644,0.151877869157478,0.0670583488969843,NA
"436",90466,0.168481638167653,0.186272513461923,0.257246651131971,0.0791485095280528,0.215208612200226,NA
"437",90467,NA,NA,0.058959217559677,Inf,NA,NA
"438",90468,0.32308395042205,0.353669385605961,0.404787239492961,Inf,0.379352112162416,NA
"439",90469,0.0100419635594405,0.0104556781625694,0.0113257894647316,0.0181299102620512,0.0262883070913335,NA
"440",90470,0.22351989637922,0.239998788325377,0.352149152498935,0.659161982430916,0.256519672402978,NA
"441",90471,0.0090329491516773,0.00128855684367436,0.0046943264412078,0.00535522031516428,0.0217524837563116,NA
"442",90472,0.113807508293281,0.118784876252282,0.148008203305117,0.232033436270441,0.14591597827906,NA
"443",90473,0.0474655525468506,0.0618690797655054,0.0811579336801662,0.237191997039113,0.0948924005467397,NA
"444",90474,0.0537153723508954,0.0562250055149767,0.059035136517652,Inf,0.172953322966016,NA
"445",90475,NA,NA,0.0851894908020025,Inf,NA,NA
"446",90476,NA,0.224921829728333,0.309229021092087,0.0571738751612815,0.201762013033036,NA
"447",90477,NA,NA,0.22904937391796,Inf,NA,NA
"448",90478,NA,NA,0.081409242818107,Inf,NA,NA
"449",90479,0.167630666116131,0.199015315913124,0.233297192981991,0.537745511054854,0.190873037719217,NA
"450",90480,0.0233944704713245,0.0142491920226785,0.0490484924132291,0.0269038008129819,1.41421356237309,NA
"451",90481,0.0183016389992041,0.00565469318607453,0.0361786499183885,0.0426113622925977,0.00069659030787253,NA
"452",90482,0.0341201882949023,0.0359449788595682,0.0404041335680436,Inf,NA,NA
"453",90483,0.0380857096136744,0.0201896878568214,0.0314296803435223,Inf,0.0469202603698609,NA
"454",90484,0.0225055050335694,0.0152809279699715,0.0222590205471179,0.0237620259661717,0.0152540409126751,NA
"455",90485,0.0107062400393139,0.0130041402225652,0.0226222619444208,0.0645746362426097,0.0199421156975493,0.00228476457499277
"456",90486,0.00602317682597476,0.00770250077854868,0.00291697192022053,0.00314555078600787,0.0197879889317353,NA
"457",90487,0.0369682432127348,0.0302624360824938,0.0499339109752267,0.0815556460308563,0.0292109090671663,NA
"458",90488,0.0165409709571597,0.00177867841315816,0.012962690808008,0.0224566356945196,0.000458849768783947,NA
"459",90489,0.0113249394546338,0.0023361452668926,0.00952715721083659,0.0215376801921201,0.00243366252441397,0.102226829231041
"460",90490,0.00191420168338859,0.0218539723266562,0.0259081325822118,0.0898374269692829,0.0253250085993688,NA
"461",90491,0.00207315977951161,0.0132842544292433,0.000165233442945874,0.000209337545654654,0.00596749896982088,NA
"462",90492,0.00931248466150998,0.0090780375181844,0.00120408591389846,0.002349763218652,0.0169843453615914,NA
"463",90493,0.0117839823657686,0.0222985415957448,0.0147194823286124,0.0242689061491888,0.0188493540605563,NA
"464",90494,0.0315963927142488,0.00818401379479867,0.0262103611806157,Inf,0.00798652514614576,NA
"465",90495,0.0197222246510408,0.0349575271738899,0.0303794509060359,Inf,0.0166426104691616,0.0597373749495955
"466",90496,0.0216501741005037,0.0342620040065735,0.0447148733642563,Inf,0.052968919859057,NA
"467",90497,0.00493323387995234,0.0234033916651833,0.0157400219755279,Inf,0.0351398114700472,NA
"468",90498,0.0127543547878679,0.0219697519915763,0.0248443570033746,Inf,0.05386930549501,NA
"469",90499,NA,NA,0.00492548405797531,Inf,NA,NA
"470",90500,0.0124104713314298,0.0409059369093754,0.0292372015219414,0.202134244495455,0.0212068789834228,NA
"471",90501,NA,NA,0.00127451068770526,Inf,NA,NA
"472",90502,0.00156847395493757,0.0144691799911007,0.0057891127586469,0.0134570151787746,0.0126792649383984,0.0632134014685966
"473",90503,0.0196527273626097,0.00621222930610934,0.0172881409833966,Inf,0.0136013971628315,NA
"474",90504,0.0351292817432829,0.0427780496826091,0.0613479036525951,Inf,0.0399104252582793,NA
"475",90505,NA,NA,0.184702356114865,Inf,NA,NA
"476",90506,NA,NA,0.0171752035364206,Inf,NA,NA
"477",90507,NA,NA,0.124334767824719,Inf,NA,NA
"478",90508,NA,NA,0.0130642781882257,Inf,NA,NA
"479",90509,0.0474807020383576,0.0112439259626451,0.0225863539435104,Inf,0.00278736733032916,0.0259599589991784
"480",90510,0.0153621048759862,0.0111060348530444,0.0181640400717472,0.0489783887155528,0.0117174867325875,0.0132810896751574
"481",90511,0.0237155226220608,0.0139734016652467,0.0304145813021277,0.0436842583694855,0.0433099460977149,NA
"482",90512,NA,NA,0.0525489331361996,Inf,NA,NA
"483",90514,0.031705927355499,0.0121393647699365,0.0150929942169846,Inf,0.00198217370720772,NA
"484",90515,0.0183249724306325,0.00963616129659821,0.00984652871826689,0.0143298494419759,1.4142135623731,NA
"485",90516,0.0241765767838008,0.014000515876722,0.0230689968182056,Inf,0.017785972886343,NA
"486",90517,0.0444667008695164,0.0161339230722657,0.0609416127558585,Inf,0.0295273613058394,NA
"487",90518,0.0133838232024012,0.0159871982680667,0.0169651648019623,0.0190187528140729,0.012120596211608,NA
"488",90519,0.03686012635632,0.00744074205945186,0.0233100904881775,0.0699447004873401,0.0228363880232565,NA
"489",90520,0.0130571827113317,0.00393333115945699,0.0018031514315761,0.00268613967056824,0.0019208555086115,NA
"490",90521,0.0208169679326483,0.00908723930402115,0.00650837242418184,Inf,0.010984957145462,NA
"491",90522,0.0125816439555264,0.00847917405237637,0.00371605837705809,0.00474369334981329,0.00566445058149451,NA
"492",90523,0.0139323376585509,0.000621545629520153,0.00955258683360109,Inf,NA,NA
"493",90525,0.0519468695732865,0.04801432442384,0.115732466484747,0.122378210921078,0.0363490935008223,NA
"494",90526,0.042424086404313,0.0246061915214823,0.0687160333355292,0.103532768525553,0.0150110551244947,NA
"495",90527,0.0206816307335831,0.00638446392966228,0.0292912174829476,Inf,0.0215460435238138,NA
"496",90528,0.00793397460892403,0.000567087655351548,0.0391807046899989,0.0841549095587895,0.0016224768907368,NA
"497",90529,0.0207667022354374,0.0291571419519173,0.065890997441203,Inf,0.0367087164181034,NA
"498",90530,0.0210376467538396,0.0126999528415598,0.0420400389573307,0.0699610950570595,0.020602448515301,NA
"499",90531,0.00955666715341765,0.0121914445063476,0.0221764544607056,0.0554067546965381,9.19573038559303e-05,NA
"500",90532,NA,NA,0.00690843183889084,Inf,NA,NA
"501",90533,NA,NA,0.0158267451318976,Inf,NA,NA
"502",90534,NA,NA,0.00853358304836384,Inf,NA,NA
"503",90535,NA,0.00221779463736584,0.0158064920962111,Inf,0.00783186734395484,NA
"504",90536,0.0248372320028198,0.008821697519011,0.0110225092127079,0.0166792922724752,0.0142477851798802,1.41421356237309
"505",90537,0.00473794921705618,0.010609245492763,0.00209765823653372,Inf,0.0143831761604406,1.4142135623731
"506",90538,0.0226106166871161,0.00207696665103517,0.0101723217961064,Inf,0.0203437421645815,NA
"507",90539,0.00625206076128977,0.00228595945444476,0.00625127215540195,0.0100094878307211,0.00493512925669736,1.41421356237309
"508",90540,0.0129654751636233,0.020048076871172,0.0019776648991228,Inf,0.0427931873821375,1.4142135623731
"509",90541,0.00127828268837986,0.0150216528157532,0.00932281242181989,0.0104202444911113,0.0244574619019952,1.41421356237309
"510",90542,0.0187965495394949,0.00248264210726643,0.00817372959969875,0.0138244738555521,0.042815064851685,1.41421356237309
"511",90543,0.00191448528304064,0.00129516872963983,0.0250428004809145,Inf,0.0339652552650804,1.41421356237309
"512",90544,0.0052656108727008,0.00125068984480415,0.0238508945549594,0.0218151192743505,0.0130608762942269,1.41421356237309
"513",90546,0.0032943963892758,0.004438769717967,0.0110202274826684,0.0249603803217592,0.0143543626534788,1.41421356237309
"514",90547,0.0183708471905287,0.0217480023460488,0.0315929774027646,Inf,0.001133477308078,1.4142135623731
"515",90548,0.00441724293930157,0.00129239145318719,0.00886683097726453,Inf,0.0017711024637266,1.41421356237309
"516",90549,0.00466493760039173,0.025293154768383,0.011702393765622,Inf,0.0150840129921875,0.426470491980803
"517",90550,0.0708420581436758,0.072747889919777,0.0759256036280439,0.119170556157414,0.0649366144486562,1.41421356237309
"518",90551,0.0177838989155766,0.00424754179115962,0.00607365918927882,Inf,0.00377968957412739,NA
"519",90552,0.0131069063005232,0.0230664449808863,0.0506307234897823,Inf,0.0235695157541213,NA
"520",90553,0.0162863586349803,0.0112704016619491,0.0133100889865274,Inf,0.0243486182870617,NA
"521",90554,NA,NA,0.0324769642538074,Inf,NA,NA
"522",90555,0.000246956862999494,0.00697866181681231,0.00642582653253226,0.013431503910018,0.00288914237706997,0.0105640805126653
"523",90556,0.0166813380122345,0.0063251242090905,0.00706540761988884,Inf,0.00263494678716245,NA
"524",90557,0.00356172618353194,0.0131213393795626,0.0198512259212384,0.0650421801306446,0.00137218216211435,NA
"525",90558,0.0264746248896321,0.0242176087567941,0.0282260878086637,0.0367378572821373,0.0267740759830452,NA
"526",90559,0.026306863840703,0.0326684313421064,0.0454615498761227,Inf,0.0329479574503168,NA
"527",90560,0.0102212895857214,0.00422785625503452,0.00177966363653835,0.00300711053477537,0.0118865258636225,1.4142135623731
"528",90561,0.0205244743366713,0.00501856407857126,0.0223561730596481,Inf,0.0378168867671045,NA
"529",90562,0.00375584397413944,0.0020462009782342,0.0169133921766961,0.0203624373057779,0.0096126566933162,NA
"530",90563,0.00880906664752668,0.00423081814691072,0.0210344109550516,0.102007877757629,0.0122521099638941,NA
"531",90564,0.0139438408899832,0.0192415778047996,0.0494207157590917,0.0818015042111636,0.028927367328307,NA
"532",90565,0.00280875243883583,0.013651971877365,0.0135248291170397,Inf,0.0326195093760306,NA
"533",90566,0.0258230954264376,0.0471304935533845,0.068146020514195,0.0923440025439282,0.0261994066562593,NA
"534",90567,0.00773883873501493,0.00153989760876029,0.00231059866395004,0.00570184129015208,0.0143379871173239,0.0801049097917473
"535",90568,NA,NA,0.0718310753628429,Inf,NA,NA
"536",90569,0.0110901619128635,0.00544985552377264,0.00475200931917787,0.00531233615241349,0.0239872047250903,NA
"537",90570,0.0129064583030374,0.0114734518934563,0.0261049847230203,0.0422037555387403,0.0124932482099891,0.062350239724857
"538",90571,0.0396138573801169,0.0252337019392425,0.0428091586555405,0.089838168132389,0.0513330571060554,NA
"539",90572,0.00825439083567924,0.00578659843079901,0.0131972283748963,Inf,0.0121089649850558,0.0363345003201704
"540",90573,0.016357067603493,0.00624047981679569,0.0160111541045871,Inf,0.0244656652554843,NA
"541",90574,0.000793980052068527,0.00258534159347422,0.00233497016878315,Inf,0.00730928286794156,NA
"542",90575,0.00555221493616658,0.00386699121821193,0.00187880321026108,0.00196847758158935,0.0322848533469993,NA
"543",90576,NA,0.0288741714212678,0.0213530354457872,0.00424070155842713,0.0336553839295666,NA
"544",90578,0.0278327898905626,0.0180167644939689,0.0308612859477226,Inf,0.0284924948934583,NA
"545",90579,0.0147442620988971,0.00392377713487037,0.00272009624664708,Inf,0.0117640147674174,0.010487379508837
"546",90580,0.00155524904536633,0.00680036219023178,0.00274246513019028,0.00294690776118425,0.00532158183919085,0.0143610399765288
"547",90581,0.0268044487660576,0.0258006155912784,0.0564254538785597,Inf,0.00371699342421437,NA
"548",90582,0.0333480467760572,0.0128768527658744,0.022034726485701,Inf,0.0323349153940302,NA
"549",90583,0.00122145303611669,0.00834089268554613,0.00736824027323575,0.0129654640576649,0.00277769723797866,0.00634460209352377
"550",90584,0.00737860244125407,0.0184515147611199,0.0143178785289303,Inf,0.0200277224920722,NA
"551",90585,0.00248507164049125,0.00238572268118763,0.0048805695055588,0.00736343334244307,0.000386609748714919,0.0127206926834101
"552",90586,0.0390498599164486,0.0432677134507572,0.0742623560491227,Inf,0.0535877863750538,NA
"553",90587,0.00307378593290941,0.0144349956217353,0.0155412508462991,Inf,0.0100906647182406,NA
"554",90588,0.032782811010309,0.0124198689834897,0.0318274019665009,Inf,0.0218436637583934,NA
"555",90589,0.0333568458730216,0.0253712824702097,0.026207632681268,0.085310663463731,0.0204848572726641,0.0333698273153268
"556",90590,0.0549658630031071,0.0207606384288125,0.0463422655597261,Inf,0.0342864197245094,NA
"557",90591,0.003375607543626,0.00255386854207819,0.00418971802245242,0.0109909397640532,0.00673880619924924,0.00346847255507851
"558",90592,0.0013538022693559,0.0105498703092431,0.00473254172164769,0.0128001863423017,0.00613520382184215,0.0164704165812774
"559",90593,0.00416815980086908,0.00177351140042522,0.0203828315566693,Inf,0.0270436344660276,NA
"560",90594,0.028292511315723,0.00920552551747702,0.0210602575048724,Inf,0.0131675413901724,NA
"561",90595,0.0124400876991959,0.0178651916460618,0.0093336864643704,Inf,0.0619221245636827,NA
"562",90596,NA,NA,0.363377924792605,Inf,NA,NA
"563",90597,NA,NA,0.940435837917612,Inf,NA,NA
"564",90599,NA,NA,0.538568507248107,Inf,NA,NA
"565",90600,NA,NA,0.0129786739070381,Inf,NA,NA
"566",90601,0.0246231921455822,0.0331784834224581,0.0461414932626145,0.0799881863872159,0.00706649214812577,NA
"567",90602,0.00341732028895409,0.00352258444104941,0.0193784565738925,Inf,0.00302577836513807,NA
"568",90603,0.00948146298215753,0.00717368449721248,0.0126900624966085,0.013426430726759,0.00814017458641511,NA
"569",90604,0.00339611244077043,0.00228185075604334,0.0116479046737033,0.0356864977327883,0.0119763329201493,NA
"570",90605,NA,NA,0.197746767469855,Inf,NA,NA
"571",90606,0.00824532568182491,0.00561513306789426,0.00245178595529619,0.00423571960501881,0.00362732900301772,0.0145757171854612
"572",90607,0.0114056778390082,0.00642862140819025,0.0211909567274602,Inf,0.00193707149040126,NA
"573",90608,0.01640366914479,0.00385686053831285,0.0149332506493948,0.0464680463300657,0.00716410746021671,0.278992005544519
"574",90609,0.0014579838637922,0.00841138680906098,0.00163442510544111,Inf,0.0294576636795514,NA
"575",90610,0.0222382623080917,0.0326398511604032,0.0438364219090981,Inf,0.018093357743627,NA
"576",90611,0.0125580640079895,0.0166834897001739,0.0105780303711171,Inf,0.0270910947396622,NA
"577",90612,0.0919868499598775,0.0893248905162453,0.109418071447023,Inf,0.101967028110506,NA
"578",90613,0.0367456460231412,0.0334026390305745,0.064400108513945,0.0971893922097244,0.0501864225149367,NA
"579",90614,0.000918773793188468,0.00301636697536029,0.0269581580365732,Inf,0.0146188679995541,NA
"580",90615,0.0161473248202852,0.0132365304520185,0.0563499661687406,0.0736850129853363,0.0141329548601155,0.00763410991657209
"581",90616,0.00650334925685491,0.0109674738296591,0.000118373963404097,Inf,0.00525605675839781,NA
"582",90617,0.00975761777475055,0.0183192820151913,0.0291531496043406,Inf,0.0371664142996704,NA
"583",90618,0.00401320804239779,5.87927874740919e-05,0.0166011291624302,Inf,0.0172219584386347,NA
"584",90619,0.00356065038508748,0.0162393748123643,0.011497151913218,Inf,0.034599689994778,NA
"585",90620,0.00943414436404314,0.00890040243515211,0.0196507272370738,0.0276683448297433,0.00513603969271658,0.0111320383487634
"586",90621,0.06072329387443,0.0216355969117927,0.0228166693876408,Inf,NA,NA
"587",90622,0.0160437515935037,0.00463287631688649,0.0232932368920708,Inf,0.00762924857520648,NA
"588",90623,0.0215810806779606,0.00573425491966541,0.0369186115792397,Inf,0.00193666663625647,NA
"589",90624,0.0202232523227796,0.00456654986613617,0.0118183302387192,Inf,0.0175084458315071,NA
"590",90625,0.000270507630914575,0.0196523903063149,0.0411789898693078,Inf,0.0205121939800789,NA
"591",90626,0.00728133617057396,0.0171741290455249,0.027376268961833,Inf,0.00886184151169308,NA
"592",90627,0.0105693047934973,0.00501739317969713,0.0016886972337846,0.00580272842882727,0.00613103428610835,NA
"593",90629,0.0059818822195782,0.000235457030094355,0.00105730842609812,Inf,0.00529713348396081,NA
"594",90630,0.0204708476623966,0.000163062439723251,0.00443954038542486,Inf,0.0585881435508122,NA
"595",90631,0.00258058287754632,0.00680740882568606,0.00753618257825535,Inf,0.0213382616309685,NA
"596",90632,0.00253471690447814,0.0221958371086674,0.0228007480636708,Inf,NA,NA
"597",90633,0.00854946996557463,0.00676147570879895,0.00500096324313257,Inf,NA,NA
"598",90634,0.0145113185459575,0.0309060336690776,0.0200064717486059,Inf,0.0192004990572786,NA
"599",90635,0.000523666162511087,0.0108208505136156,0.00394636023656201,Inf,0.00798374159733538,NA
"600",90636,0.0144135045261137,0.0337322488953144,0.0166586720819822,Inf,0.0237990269108319,NA
"601",90637,0.00843862092540573,0.0195524164716905,0.0204216254035889,Inf,NA,NA
"602",90638,NA,NA,0.00577091465525089,Inf,NA,NA
"603",90639,0.00454903675216812,0.0274765581432132,0.0255109197637555,Inf,0.0197749743212947,NA
"604",90642,0.00197632980914829,0.0337979090996506,0.0239046923972328,0.0662173958266992,0.0277254984566013,0.0223612453370244
"605",90643,0.0148243227148099,0.004492167912885,0.00123874677693723,Inf,0.00517519981119661,NA
"606",90644,0.0362744253582768,0.0426120521690193,0.0568664218697157,Inf,0.046037313979595,NA
"607",90645,0.0051375560884829,0.0375613219696601,0.0212842373197443,0.0780015804725901,0.0280349483802043,0.0428535510464012
"608",90646,0.00049141601248562,0.019222774640409,0.0290548615159908,0.0463280203781121,0.00440564976125285,NA
"609",90647,0.0601947219694357,0.064676225856073,0.055142347762632,Inf,0.0509502451095335,NA
"610",90648,0.00319163418475471,0.0261520263731928,0.0198773001126429,Inf,0.0190450361534478,NA
"611",90649,0.0133621104590641,0.0287061761441879,0.0359242279502044,0.0526929491404353,0.0272867543880739,0.085401308824763
"612",90650,0.0069678061016747,0.0142260728027897,0.0286855258779367,Inf,NA,NA
"613",90651,NA,0.00543437331776257,0.016578074826213,Inf,NA,NA
"614",90652,NA,NA,0.0370513612772979,Inf,NA,NA
"615",90653,NA,0.0881082771490031,0.0759198662039531,Inf,NA,NA
"616",90654,0.0276379305769465,0.0197014502185331,0.0151331806483148,Inf,0.00110404747844627,NA
"617",90656,0.0635168552301614,0.0857092351708436,0.137854243842796,0.171277533977099,0.0841586413573396,NA
"618",90657,NA,0.0391898406023725,0.0463106087266012,Inf,NA,NA
"619",90658,0.01866981142932,0.033574597957048,0.0726139497165542,0.078036308801893,0.0287737771467325,NA
"620",90659,NA,NA,0.0486408155858049,Inf,NA,NA
"621",90660,0.0714580348043719,0.0793616915111338,0.110834863086082,Inf,0.0548853905166343,NA
"622",90661,0.0229750883811126,0.03476101800137,0.0286359218091186,0.0521872693206979,0.0351410178768888,NA
"623",90662,0.00402294122224455,0.0158129066430121,0.0277771149715958,0.0489260369144983,0.0226963616913499,0.0121439104709458
"624",90663,NA,NA,0.0797974168439794,Inf,NA,NA
"625",90664,0.0202389380752446,0.0231484334133968,0.0388020499262766,Inf,0.0560117395460498,NA
"626",90665,0.0109347028434502,0.0256829284956838,0.0302444208544895,0.0783518753141714,0.0220396393221146,NA
"627",90666,0.0275372561753215,0.012374616557814,0.052461379029039,0.0303768161921775,0.0175059967220928,NA
"628",90667,NA,NA,0.00922435255057274,Inf,NA,NA
"629",90668,0.0863353809377327,0.0770872459348078,0.156913480803768,0.0468393895345425,0.0784529124402275,NA
"630",90669,0.0177240882278509,0.00121843888334513,0.00806105533386628,0.0129196653789597,0.00431617248489241,NA
"631",90670,0.0221448455091359,0.0267708687926498,0.0569333327844775,Inf,0.0189148740135022,NA
"632",90671,0.00570430195005769,0.0102612477986022,0.00620682718153463,Inf,0.00547902746225843,NA
"633",90672,NA,0.0637472827400601,0.0826549602773484,0.0280988241184558,0.0643634324721842,NA
"634",90674,0.0148990984140131,0.0113771660750245,0.0391669524859864,0.0314856469582679,0.00324771213033606,NA
"635",90675,NA,0.0613942223663542,0.105892369403682,0.0178605857977761,0.0507422636591474,NA
"636",90676,NA,NA,0.036640312171204,Inf,NA,NA
"637",90677,NA,0.0519860367285718,0.0594868448283372,0.0111449924028403,0.0476075845219768,NA
"638",90684,0.0193638099844861,0.0403046727382118,0.0477140956589068,Inf,0.0479065442265762,NA
"639",90685,0.132988299979353,0.062772126223548,0.0374880916169624,Inf,NA,NA
"640",90686,0.0522737343797118,0.0485275693469581,0.0496865084203321,Inf,0.0527730540796883,NA
"641",90687,0.0299195763500677,0.00719351552456263,0.0334756687963347,Inf,0.00960720785604918,NA
"642",90688,0.0033226341082832,0.0176446676829091,0.0156844139673097,Inf,0.0124278187243077,0.0150164295500415
"643",90689,0.0568059662959429,0.0791429289484901,0.0841647849263425,Inf,0.0780294677241461,NA
"644",90690,NA,0.0057693940760032,0.0102717274524217,Inf,0.00312914013401562,0.0219236550736349
"645",90691,0.00781365556184918,0.00180323129450328,0.0174755130658666,Inf,0.00382456362441802,NA
"646",90692,0.00858281339589258,0.00229880377986647,0.00143295228733428,Inf,0.0167354367088485,NA
"647",90693,0.0212287724525623,0.0200993977126278,0.0150714763155212,Inf,0.0277787992252099,NA
"648",90694,0.00947696684306094,0.0056396355077814,0.0316029732421204,0.0629747560229211,0.0120724896173809,NA
"649",90695,0.0112628596863962,0.0146903337172896,0.0431943508728624,0.113465288767445,0.00273468656497338,NA
"650",90696,0.00748950313556873,0.0309530832421127,0.0168714784029232,0.037566062742413,0.0201808579124204,NA
"651",90697,0.0518654467416146,0.0465827423547526,0.0399679978741474,Inf,0.0437752333288861,0.093449363298484
"652",90700,0.0467432166354134,0.00204680751778453,0.00401391087638647,Inf,0.00489182701394929,0.00233834267852042
"653",90701,NA,NA,0.020914117926422,Inf,NA,NA
"654",90702,NA,0.0760655502501508,0.0551586910507396,Inf,0.0752555877002672,NA
"655",90706,NA,NA,0.00891336124735243,Inf,NA,NA
"656",90711,0.0190279211279061,0.00864782210188696,0.00933447736629814,0.0161320440485283,0.0170237218295293,0.0511255212266643
"657",90712,0.00686020915142072,0.00745887869728402,0.00422978494328155,0.0109074821159905,0.000687478266787073,NA
"658",90713,0.0384549481723948,0.042941457883564,0.0253130064702296,Inf,0.0430703716843565,NA
"659",90714,0.0125551862354813,0.010656237293819,0.0275740071204006,0.0614866844985921,0.00377688321131504,NA
"660",90715,0.00507830099504043,0.00817033736372883,0.00443597476100929,0.00878189648161782,0.00993499039424116,NA
"661",90716,0.000647861808879233,0.00791417922502165,0.0302284984144641,0.0784049609377874,0.00338556604624969,0.0665514492575989
"662",90717,NA,NA,0.0337780973412973,Inf,NA,NA
"663",90718,NA,0.00626471002171719,0.025188179330322,0.0026942246877014,0.0316254707748248,NA
"664",90720,0.0425721449523032,0.0599729867466952,0.0711732423582945,Inf,0.0507940599223531,NA
"665",90722,0.00144563626390894,0.0135398004878969,0.00842652195409349,Inf,0.0212180354609228,0.0522255988490554
"666",90724,0.0618851102966086,0.0438832800208482,0.0636365964044797,Inf,1.4142135623731,NA
"667",90726,0.0254224818574184,0.0183024073498522,0.0250384103805294,Inf,0.00685168221518702,NA
"668",90727,0.00451625487827299,0.00566013235414989,0.0192203864887271,0.0266743966612793,0.003175988280212,0.0155249598446506
"669",90728,0.00636410135332525,0.00117950847556145,0.00222591220164899,Inf,0.0361132718511914,NA
"670",90729,0.0131923788145911,0.0138469579996482,0.017847188364724,0.0259734869939833,0.0306013211148176,NA
"671",90731,0.00446125689024769,0.0181576443851064,0.0193880857252053,Inf,0.00448342713088785,NA
"672",90732,0.019375318386421,0.0078992500148933,0.0259860510349537,Inf,0.00555398796546204,NA
"673",90734,0.000808421150488996,0.0178632538726431,0.0127330433440105,Inf,0.00223354029628496,0.0121162168999503
"674",90735,0.0156085270815142,0.00154576470245244,0.000121896402179844,0.00014461402556263,0.011938416606427,0.0999948983779143
"675",90736,0.00792625051161753,0.00211020430670764,0.00653900498132877,0.00715345461952411,0.000513143788160481,0.000704406747595432
"676",90737,0.0585123554528459,0.0614778684065096,0.0956132120788184,0.149899751873286,0.0592605647502961,0.0663483015113451
"677",90738,NA,NA,0.0260371969251166,Inf,NA,NA
"678",90739,0.0166899257498747,0.00348471085568096,0.00640926113208996,0.00771681586840719,0.00293861300857565,0.0224431268346793
"679",90740,0.0210187803980004,0.0163649793996862,0.0404179763639275,0.048674982419054,0.0310044455483954,0.0329372172036679
"680",90741,0.0151161821143845,0.0126303257251091,0.0128857351934697,Inf,0.0115270723506587,NA
"681",90742,0.00962886280131623,0.0220085831806342,0.0334381299618831,Inf,0.0238217571376361,NA
"682",90743,0.0134154837108565,0.0180710806465397,0.0259564723879735,0.0579580783673081,0.0134349433755969,0.00887450516148258
"683",90744,0.0521979443714993,0.0668679764276766,0.0940880552440758,Inf,0.0691084466543164,0.00900704276968382
"684",90745,0.0119885818671097,0.0148101656409735,0.0100050991994568,0.0154436036778957,0.0101115294734239,0.0346825484279613
"685",90746,0.0168502105791985,0.0082938304719391,0.00174962337561999,Inf,0.00116743670458188,NA
"686",90747,0.0034463574707589,0.0165375850598237,0.0123884092916115,Inf,0.0159798142979426,NA
"687",90748,0.00272741051455729,0.00867850794176691,0.0196416643741491,0.02602200856691,0.00416784995504807,0.0551659789868428
"688",90749,0.0187812583671123,0.00311922740089402,0.00242791162938409,0.00446065521215349,0.0148372482420344,0.0316560483760788
"689",90751,0.0216699633197507,0.00670053705051948,0.0295358911581502,0.0359628802512823,0.0110785875351684,NA
"690",90752,0.00094477198084406,0.00981899393140452,0.0235905733244959,0.0472128849377275,0.00160555995177183,0.00602902289244874
"691",90753,0.00227439798952595,0.0221635035451152,0.0154064097709663,0.0170272299166889,0.017661119654766,0.0244640632031262
"692",90754,0.00217036157888328,0.00790882450884695,0.00206019864900694,Inf,0.00116647444798074,NA
"693",90755,0.0248921392702903,0.0216107808785113,0.0136800221786127,0.040229050542554,0.0150770111391189,NA
"694",90756,0.00341510491949145,0.016752010835994,0.000211122871929588,0.000431255983125874,0.00584692834614619,0.0271544673703758
"695",90757,0.00109600398781398,0.0022860068148047,0.00815602600684239,0.0128039802690725,0.00338844456300478,NA
"696",90758,0.0488997863588109,0.0603751763549386,0.0767573835063684,Inf,0.0539353643142905,NA
"697",90759,0.0093790239009527,0.00652573619411711,0.0049549147760056,0.00557569942092153,0.00236786424732195,0.0105237378992234
"698",90760,0.0144073583401553,0.000728821599074219,0.00481810122922362,0.00810887695244045,0.00654223686270815,0.0113752701785842
"699",90761,0.0357867303093275,0.0148898037754389,0.00460363326041402,Inf,0.00938804077509945,NA
"700",90762,0.0776147363197223,0.00869421445815151,0.00924994332203687,Inf,NA,NA
"701",90763,0.000337167434184048,0.0020685585093148,0.00346365736073008,0.000700626745737737,0.00509269519741427,NA
"702",90764,NA,NA,0.0165976047420346,Inf,NA,NA
"703",90765,NA,0.000826156167868571,0.0185710735649215,0.00167705653282737,0.00313850175513873,NA
"704",90766,NA,0.0094056544876519,0.0222505067043245,0.00383526126776117,0.0135997973836265,0.0317213472192101
"705",90767,NA,NA,0.0226781040383033,Inf,NA,NA
"706",90768,NA,NA,0.0122893672740818,Inf,NA,NA
"707",90769,0.000917610123795617,0.0200084425753921,0.0277050168896112,0.0554753520205552,0.0116724137956036,0.0736918794826036
"708",90770,0.012637370877116,0.0145362726345829,0.0286466152214424,0.0280210029293936,0.00784368886397124,NA
"709",90771,0.0212312191931554,0.00683816162465914,0.00739507788767405,0.00849516005658266,0.0165520522112175,NA
"710",90772,NA,0.0221599262425983,0.0897829045799562,Inf,NA,NA
"711",90773,0.00470980964964708,0.00635861328234678,0.0167062785748373,0.0700736450555074,0.0088183250801849,NA
"712",90774,0.00192292395130591,0.0151745703684392,0.0311691620935421,Inf,0.00880654244858855,NA
"713",90775,0.00357434004121224,0.00168428014933868,0.00851168130561836,0.0126419971391922,0.0144555626783619,NA
"714",90776,0.0097279471545163,0.0199639771661269,0.0300303315591758,0.0569862778378187,0.0292416786350441,0.00714697966706786
"715",90777,0.00905104190475174,0.00468775942357399,0.00922748503705554,0.0289907615484734,0.000664886624766479,NA
"716",90778,0.0228404797126058,0.00414158464486306,0.017260301561859,0.022818408971432,0.0198814172769902,NA
"717",90779,0.00536271683468451,0.00727187567435259,0.00983958983629703,0.0134163541641833,0.016826811623315,NA
"718",90782,0.00316224373639298,0.00347253646983141,0.0047595862903796,0.00712327484372294,0.00957785318972885,1.41421356237309
"719",90783,0.0252218520992303,0.0158005309249454,0.0314498249941703,0.0538277298647958,0.0204785013934947,NA
"720",90784,0.0257767303556069,0.0343030356587686,0.0619681390622824,0.0780955903677372,0.0288408602880396,NA
"721",90785,0.0150703169147013,0.0211201780319255,0.0462855018732923,0.0641313724703062,0.0125609987950943,NA
"722",90786,0.0347139744552605,0.018821198808055,0.0316854051014993,Inf,0.0274635846946346,NA
"723",90788,0.00343970505736083,0.00197151763650844,0.0104832437979677,0.0200153573881326,0.00444948501781344,NA
"724",91581,0.0101629393038024,0.0071046417461917,0.00100985294225888,0.00214755358762677,0.00596600795570452,1.41421356237309
"725",91583,0.0200601422414541,0.0155413259707067,0.0165793901200889,0.0370722228390854,0.0188216251940274,0.0153419299346192
"726",91585,0.0174548379358543,0.0178918636253956,0.0376133478776946,0.0417536381521249,0.00249174668853563,NA
