"Sample Name","Alpha (ug/g)","Beta (ug/g)","Lut (ug/g)","Lycopene (ug/g)","Phyto (ug/g)","Zeta (ug/g)","Total (ug/g)","AB.Ratio"
90001,0,18.46858309,13.75358572,0,0,0,18.46858309,1.342819499292
90002,611.9940507,1219.299988,97.06455139,47.4668498,92.35847118,0,1923.65250988,18.8667645651806
90003,150.4932993,317.0559409,42.65803351,0,39.57637956,0,507.12561976,10.9604030408574
90004,768.6158112,1605.396379,69.0279498,59.14013328,167.2237013,0,2541.2358915,34.3920426012711
90005,392.8818481,1467.215777,86.9699011,68.00892644,180.1640624,0,2040.2616875,21.3878319001561
90006,584.4175655,1277.534902,178.6471331,71.31943308,232.5132284,30.03557638,2124.50127228,10.422515241024
90007,594.423525,1218.880783,152.5662966,63.12176503,211.0511807,0,2024.3554887,11.8853531114683
90008,287.7148752,781.4970917,82.8121441,0,106.7821425,0,1175.9941094,12.911294333943
90009,104.3355381,258.7245281,66.61241423,0,18.24053913,0,381.30060533,5.45033640345811
90010,0,92.92626872,91.8621291,321.5898674,239.3528627,0,332.27913142,1.01158409488682
90011,12.40990809,648.6523391,112.4491344,905.6332109,666.7224023,0,1327.78464949,5.87876688173066
90013,0,357.1354716,88.2361899,428.0634891,337.2651407,0,694.4006123,4.04749425382884
90014,0,0,6.790270612,0,0,0,0,0
90015,0,0,10.87121605,0,0,0,0,0
90016,15.80394252,43.49843516,28.40321725,0,0,0,59.30237768,2.08787536841447
90017,0,33.98355858,218.576126,0,0,0,33.98355858,0.155476991938269
90018,0,0,254.1775706,0,0,0,0,0
90019,0,0,205.9026691,0,0,0,0,0
90020,0,0,177.0935149,0,0,0,0,0
90021,0,0,10.81416321,0,0,0,0,0
90022,167.3665999,330.0233661,179.0192506,0,92.83077241,0,590.22073841,2.77841608839804
90023,314.1838393,651.5222879,124.4034235,0,130.6710599,0,1096.3771871,7.76269736017353
90024,187.8265118,679.7612704,49.77633809,0,76.8868796,0,944.4746618,17.4297229464997
90029,660.1383943,1375.730556,141.4912231,72.72325878,89.60555326,0,2125.47450356,14.3886589266469
90030,530.9258643,1095.953575,82.60147456,45.51288619,52.12827832,0,1679.00771762,19.6955253882092
90031,25.79215211,87.47424081,21.07114174,0,0,0,113.26639292,5.3754274124113
90032,392.4812574,1202.594725,67.4392743,52.27149264,145.0313849,0,1740.1073673,23.652033610332
90034,68.36549438,165.8566236,29.91284678,0,0,0,234.22211798,7.83015136281188
90035,442.9870107,635.1772195,116.4282123,39.36752782,65.94862088,0,1144.11285108,9.26033483552852
90036,246.3921103,809.2373769,50.05777356,41.4534157,71.51039662,0,1127.13988382,21.0882229097686
90037,174.586169,685.3575004,59.86165959,52.52155809,26.93640893,0,886.88007833,14.3655166811255
90038,35.41904095,110.5083012,24.73525653,0,26.50968298,0,172.43702513,5.89956857625523
90039,531.0446969,1141.824009,96.30116996,59.86522727,170.1964342,0,1843.0651401,17.3712189228319
90040,140.3121403,653.9294786,29.57157257,28.41031447,41.75618981,0,835.99780871,26.8582814464777
90041,114.8304538,486.8082544,34.82805842,0,98.07771684,0,699.71642504,17.2745405714178
90042,447.8479898,1194.160647,44.13106701,25.66048357,125.7688705,40.86560605,1808.64311335,37.2075444363927
90043,760.7506271,1181.107416,56.69561733,35.06062846,152.6769038,0,2094.5349469,34.2505846932984
90044,630.6433384,1551.86825,59.45799596,53.94697702,134.0238288,0,2316.5354172,36.7067801926636
90045,1107.654802,2028.478994,106.6069762,75.29862645,173.1442992,0,3309.2780952,29.4177164364596
90046,420.1310233,1498.562004,71.1377493,42.56564345,195.8337908,0,2114.5268181,26.971517178714
90047,1195.415791,1515.422185,48.02116275,78.74448035,320.6349528,0,3031.4729288,56.4509024929847
90048,282.6862811,413.3016032,31.48920967,13.72240204,14.5208122,0,710.5086965,22.1024246589165
90049,322.7541271,835.9404862,111.7860467,43.40672037,54.29674939,0,1212.99136269,10.3652884014191
90050,138.1038215,387.7284312,68.30407963,16.87589227,30.31947331,0,556.15172601,7.6984018458108
90051,103.3833605,213.0096092,79.03955487,0,0,0,316.3929697,4.00297003469195
90052,166.9626062,501.3765617,71.94529557,23.17518255,70.73125323,0,739.07042113,9.28954648952316
90053,165.871747,292.0665196,102.0742893,6.49722633,0,0,457.9382666,4.48632334097476
90054,0,0,58.91269609,0,0,0,0,0
90055,0,0,16.47688008,0,0,0,0,0
90056,0,26.1901843,172.0756619,0,0,0,26.1901843,0.152201560701944
90057,0,112.1064525,79.70940593,304.9840011,150.2182618,0,262.3247143,1.40643944327537
90058,13.83890173,253.6490612,130.0621342,7.083000492,69.66195498,0,337.14991791,2.05661674379936
90059,0,0,54.76827152,0,0,0,0,0
90060,0,0,39.30935673,0,0,0,0,0
90061,0,0,96.34292372,0,0,0,0,0
90062,0,0,32.60586011,44.7626504,16.2760526,0,16.2760526,0
90063,228.0218477,602.4151347,102.3000506,23.7004044,97.54115128,0,927.97813368,8.11765954688589
90064,0,0,101.4997765,0,0,0,0,0
90066,0,89.3302018,43.14765699,42.20276432,56.77657399,0,146.10677579,2.07033725656768
90067,0,17.17667811,103.1679925,0,0,0,17.17667811,0.166492316984844
90068,31.20911209,187.4215029,85.49997566,8.72724005,30.42820395,0,249.05881894,2.55708394420378
90069,223.1433237,365.6699401,138.202468,11.81286345,87.12811211,0,675.94137591,4.26051193094468
90070,87.54462657,203.1770497,30.59237582,5.722323059,24.68637606,0,315.40805233,9.50307612525924
90071,46.10216849,139.8514286,20.26405297,6.349671874,22.69286857,0,208.64646566,9.17652541499451
90072,0,0,83.66507922,0,0,0,0,0
90073,0,0,115.8662713,0,0,0,0,0
90074,0,0,22.4064953,0,0,0,0,0
90075,0,59.68907865,110.2767379,0,0,0,59.68907865,0.541266270535919
90076,184.3499384,672.0265295,156.2134876,26.4046776,185.5867456,0,1041.9632135,5.48209044594687
90077,411.9475744,817.2851174,79.27349818,52.62241378,81.29549176,0,1310.52818356,15.5062249051868
90078,0,0,12.39571205,0,0,0,0,0
90079,82.44633492,249.4501014,124.1155709,0,0,0,331.89643632,2.67409184772964
90080,440.8308094,596.623218,116.5687538,0,76.76307378,0,1114.21710118,8.89993238822804
90081,41.11088591,199.4610192,42.03829464,0,30.54789674,0,271.11980185,5.72268468952336
90082,173.8582707,377.6644276,73.4503842,0,169.4204139,0,720.9431122,7.50877894386834
90083,210.8449579,430.4582861,143.0748923,0,59.16688968,0,700.47013368,4.48229059404296
90084,46.40856381,130.2407106,67.49571984,0,0,0,176.64927441,2.61719224313409
90085,269.1516022,783.1421315,121.397063,0,140.7072136,39.31187255,1232.31281985,8.6681976292952
90086,0,0,130.2810359,0,0,0,0,0
90087,133.972615,443.8647063,117.6456927,0,90.18870235,0,668.02602365,4.91167426565716
90088,25.58013521,133.8416952,100.639005,0,31.09434995,0,190.51618036,1.58409585239838
90089,0,0,51.76744775,0,0,0,0,0
90090,0,40.00135945,131.50825175,NA,0,0,40.00135945,0.304173760335917
90091,0,0,118.43690225,NA,0,0,0,0
90092,0,23.319981005,NA,NA,0,0,23.319981005,NA
90093,0,0,77.770914405,NA,0,0,0,0
90094,0,0,119.59943485,NA,0,0,0,0
90096,0,0,101.380929005,NA,0,0,0,0
90098,0,26.641394135,162.7176894,NA,0,0,26.641394135,0.163727706761549
90099,0,0,17.05746445,NA,0,0,0,0
90101,0,0,112.53860655,NA,0,0,0,0
90103,0,0,NA,NA,0,0,0,NA
90105,42.947924355,398.37410815,209.834525,NA,68.0498942,0,509.371926705,2.10319075235593
90106,55.568230125,248.41283255,30.387436445,NA,25.135315725,0,329.1163784,10.0035112611488
90107,0,0,124.80470345,NA,0,0,0,0
90108,0,78.157884645,106.91023355,NA,0,0,78.157884645,0.731060835335721
90109,0,0,63.81427391,NA,0,0,0,0
90110,0,0,36.340364095,NA,0,0,0,0
90111,205.8577721,646.43787135,53.425918635,33.25430979,56.54685071,0,908.84249416,15.9528495761166
90112,222.72926995,741.93114465,85.9845517,NA,113.67381435,0,1078.33422895,11.2189968491747
90113,102.7667635,283.8682114,115.7759424,NA,52.791423385,0,439.426398285,3.33951049661246
90114,0,78.45472139,158.79697895,NA,0,0,78.45472139,0.49405676297345
90115,0,48.3788265,158.8510997,NA,0,0,48.3788265,0.304554558271025
90117,0,125.01563015,177.4834243,NA,19.670569155,0,144.686199305,0.704379187200526
90118,63.725646485,415.5530529,129.47922055,NA,229.17209235,56.641272295,765.09206403,3.70158777098848
90119,101.32330834,458.2076198,143.32563945,NA,29.884768955,0,589.415697095,3.90391370509249
90120,0,0,19.501848325,NA,0,0,0,0
90122,89.464494855,691.751315,217.92617735,NA,92.465684905,0,873.68149476,3.58477269392162
90123,0,0,46.14672272,NA,0,0,0,0
90125,0,0,39.834422415,NA,0,0,0,0
90127,0,147.093329,NA,389.70694185,271.7392728,0,418.8326018,NA
90128,0,91.85948349,63.04026943,NA,30.223154795,0,122.082638285,1.45715562957739
90130,686.2093533,1540.3021165,NA,NA,208.21183805,0,2434.72330785,NA
90131,0,0,18.329967875,NA,0,0,0,0
90132,0,0,145.2127145,NA,0,0,0,0
90133,0,48.49315921,187.3739359,NA,0,0,48.49315921,0.258804187343753
90134,0,42.05806733,NA,NA,0,0,42.05806733,NA
90135,0,145.6278998,NA,NA,75.95194653,0,221.57984633,NA
90136,436.60014535,873.35709465,144.784061,NA,73.229416245,0,1383.186656245,9.04766195223658
90137,18.535855475,109.97940915,179.030727,NA,0,0,128.515264625,0.717839148499911
90138,291.4845301,619.0063369,127.86780845,NA,57.68909269,0,968.17995969,7.12056363549883
90139,367.60231045,565.77264335,155.7421532,NA,88.049286075,0,1021.424239875,5.99307852512726
90140,28.22936086,86.34731644,102.89488413,NA,0,0,114.5766773,1.11353133121022
90141,14.52139835,105.4631227,NA,NA,20.856294085,0,140.840815135,NA
90142,31.04334543,88.27151825,NA,NA,0,0,119.31486368,NA
90143,0,0,NA,NA,0,0,0,NA
90144,145.40022165,323.35667175,NA,NA,25.26529855,0,494.02219195,NA
90145,0,32.451138355,71.635089585,NA,0,0,32.451138355,0.453006180951229
90146,0,51.389478755,177.1765814,NA,0,0,51.389478755,0.290046677438602
90147,0,0,100.433913975,NA,0,0,0,0
90148,0,160.02466895,58.872068355,120.4055077,275.88042145,0,435.9050904,2.71817643615046
90149,0,363.8217119,73.402072685,241.6737288,264.9323703,0,628.7540822,4.95655910782405
90150,481.0582908,1394.1113895,112.58724925,NA,239.30416085,0,2114.47384115,16.6552579691878
90151,344.51369615,1316.732265,134.8261601,90.679870425,107.1090521,0,1768.35501325,12.3213919310456
90152,170.7544409,803.1836577,75.309841235,NA,103.3783601,0,1077.3164587,12.9324147100627
90153,489.96359025,1503.7374775,105.05717485,95.87906734,84.19063222,0,2077.89169997,18.9772956544529
90154,588.8198969,1127.3794315,162.82041935,114.8932818,91.41324769,0,1807.61257609,10.5404428710557
90155,66.443839135,188.8798586,NA,NA,0,0,255.323697735,NA
90156,0,0,NA,NA,0,0,0,NA
90157,0,39.050110485,252.20134795,NA,0,0,39.050110485,0.154837041127718
90158,0,0,76.359617635,NA,0,0,0,0
90159,23.462144805,133.4858905,168.007189,NA,20.91723623,0,177.865271535,0.934174520978385
90160,213.24824685,849.2017551,139.3661139,NA,73.538651585,0,1135.988653535,7.62344570153075
90162,531.754549,1372.7258215,121.603506,86.08252659,110.23783775,0,2014.71820825,15.6613935991286
90163,284.32131145,733.80261605,98.32619396,NA,89.175563265,0,1107.299490765,10.3545544325064
90164,892.0741433,2516.5371695,194.09606775,68.689613585,347.20297105,33.93628254,3789.75056639,17.5614650637352
90165,185.8245582,529.79050285,183.1377667,NA,86.673391205,0,802.288452255,3.90752313924553
90166,0,0,66.855045285,NA,0,0,0,0
90167,773.3664629,1898.963664,110.0992107,73.239756275,91.678306405,0,2764.008433305,24.2720189355545
90168,0,0,78.300029515,NA,0,0,0,0
90169,0,0,26.70074397,NA,0,0,0,0
90170,0,0,121.74003745,NA,0,0,0,0
90171,0,0,45.462823215,NA,0,0,0,0
90172,26.78946434,201.3925778,39.575728365,NA,50.726004465,0,278.908046605,5.76570669869969
90173,0,133.38136905,80.99275022,566.12919065,161.02320495,0,294.404574,1.64683096558269
90174,0,0,145.7492112,NA,0,0,0,0
90175,0,0,77.151196575,NA,0,0,0,0
90176,0,0,51.387806175,NA,0,0,0,0
90177,0,0,92.383182595,NA,0,0,0,0
90178,0,0,121.4858178,NA,0,0,0,0
90179,0,0,82.149923295,NA,0,0,0,0
90180,0,0,149.6408797,NA,0,0,0,0
90181,0,0,137.5728499,NA,0,0,0,0
90182,0,0,37.03882148,NA,0,0,0,0
90183,355.04696805,1202.0157355,109.37777645,63.65306935,113.97193575,0,1671.0346393,14.2356404937687
90185,0,0,121.954648,NA,0,0,0,0
90186,0,111.57713495,314.8856458,NA,0,0,111.57713495,0.35434176323448
90187,0,0,124.9425487,NA,0,0,0,0
90188,0,0,NA,NA,0,0,0,NA
90189,0,0,12.12907198,NA,0,0,0,0
90190,0,0,81.37378325,NA,0,0,0,0
90191,1207.798833,2213.054844,151.02112165,63.761047565,151.8752414,0,3572.7289184,22.6514916564322
90192,614.93955715,2047.6800115,102.093221305,80.8159921,176.04802955,0,2838.6675982,26.080277756106
90194,821.6688981,1689.2278415,84.976266835,49.972743465,71.195219305,0,2582.091958905,29.548211908102
90195,26.9666834,80.233821665,NA,NA,0,0,107.200505065,NA
90196,365.83741815,871.3987037,75.277059685,NA,43.41246129,0,1280.64858314,16.4357657834574
90197,366.0660821,1382.093619,79.02899336,29.96020069,176.80899025,0,1924.96869135,22.1204854924145
90198,264.24043345,870.91871705,49.56449062,NA,101.62598475,0,1236.78513525,22.9026695583944
90199,187.3385609,675.138572,77.170583885,NA,100.15948749,0,962.63662039,11.1762421570539
90200,211.9570633,709.93077715,53.336953045,37.76898996,96.876837585,0,1018.764678035,17.2842239351807
90201,1258.3465435,2179.996975,169.98299135,57.425362825,362.99231165,76.84098192,3878.17681207,20.2275738954396
90202,356.16971875,1156.954935,173.62661535,NA,391.95796315,72.701320375,1977.783937275,8.71481973371314
90203,215.4519692,1011.956523,103.0777613,16.794045235,393.0452114,51.91235576,1672.36605936,11.9075974945529
90204,1409.67028,3730.418038,272.61732465,NA,540.1739914,21.36829988,5701.63060928,18.85459159501
90205,0,0,69.131022435,NA,0,0,0,0
90206,358.2754822,684.8839299,167.67395745,28.862150845,50.38345498,0,1093.54286708,6.22135618413532
90207,0,24.61718801,83.12109537,NA,0,0,24.61718801,0.296160534223239
90208,0,0,87.95854528,NA,0,0,0,0
90209,318.683896,921.2577842,84.41101533,NA,180.2763847,0,1420.2180649,14.6893349801862
90210,383.559561,1029.681126,106.63130805,73.94096786,70.721853155,0,1483.962540155,13.2535248122186
90211,416.49128575,2060.567997,140.820992,141.207744,139.363849,0,2616.42313175,17.5901280595296
90212,1010.8953385,1763.829229,156.56739775,NA,126.3076311,0,2901.0321986,17.7222372433536
90213,706.9645909,753.4959714,123.52103875,43.50277925,86.90274402,0,1547.36330632,11.8235774008984
90214,235.91698495,838.49812705,132.24065475,NA,142.2716835,44.71385885,1261.40065435,8.12469594945045
90215,336.03725175,1159.8328185,96.357569445,50.978658615,154.08843055,0,1649.9585008,15.5241573533445
90216,0,0,8.3932397485,NA,0,0,0,0
90217,535.3840497,2302.2931815,138.64887945,42.02434385,304.31863465,63.847285875,3205.843151725,20.4666438160673
90218,0,29.193187115,62.075978815,NA,0,0,29.193187115,0.470281543235945
90220,0,0,NA,NA,0,0,0,NA
90221,95.08922352,307.9581511,80.16952024,NA,61.098065345,0,464.145439965,5.02743902437503
90222,0,0,19.38027362,NA,0,0,0,0
90223,471.6788035,1337.977443,121.4496977,31.07556046,152.98878775,0,1962.64503425,14.9004590441233
90224,142.5460977,261.47448015,36.08890821,NA,46.740520535,0,450.761098385,11.1951454862258
90225,545.96188095,1481.009875,155.6755677,72.635664975,131.52743505,0,2158.499191,13.0204873243575
90226,462.3460064,1009.2015925,112.76302635,60.36048601,143.9675849,0,1615.5151838,13.0499122498941
90227,213.54366885,756.79166345,54.734665345,NA,105.60321465,0,1075.93854695,17.7279851111511
90228,386.59705055,560.46562065,101.01540915,NA,167.8135017,0,1114.8761729,9.37542776066655
90229,656.63603615,1445.668232,135.40276465,63.5193659,334.31574805,75.078576115,2511.698592315,15.5263023881691
90230,1132.788008,3232.830356,195.8121897,127.74544945,138.44529855,0,4504.06366255,22.2949264327644
90231,743.2742778,1728.3321,143.09897955,NA,316.40603225,87.945230735,2875.957640785,17.2720056115872
90232,535.17892835,1902.321081,103.0750423,68.255327545,116.7371002,0,2554.23710955,23.6478196366454
90233,854.58066625,2235.292635,143.18278255,NA,195.5491721,0,3285.42247335,21.5799221541948
90234,700.19550465,1536.1904695,124.1098478,45.40402242,169.2502985,0,2405.63627265,18.0194079180073
90235,397.8123293,1083.4243885,96.300448575,NA,304.5838927,44.254257805,1830.074868305,15.3814103643182
90236,799.49968995,3129.2827135,181.04335715,59.519081205,382.15173625,95.076794755,4406.010934455,21.7007818751112
90237,1181.213037,2226.7548725,189.4499403,81.96175294,437.8342403,99.35241263,3945.15456243,17.9887515620399
90238,608.17652945,1064.389966,144.72180535,24.485385975,178.22518265,0,1850.7916781,11.5571146407759
90240,412.1655685,1596.0646655,81.454322465,NA,94.853322355,0,2103.083556355,24.6546797422925
90241,246.4171808,643.9715285,65.99028499,NA,119.1349187,0,1009.523628,13.4927241098432
90242,200.71084125,540.6546545,51.046143275,NA,107.7271901,0,849.09268585,14.5234379756381
90243,100.5630009,313.2435882,42.29297406,0,74.89713212,0,488.70372122,9.78428683007591
90244,319.2492786,890.2101434,100.8727665,59.96741914,102.4784968,0,1311.9379188,11.9899499534396
90247,0,0,6.6630388525,NA,0,0,0,0
90249,0,0,95.06025462,NA,0,0,0,0
90251,0,0,NA,NA,0,0,0,NA
90252,0,0,92.68188269,NA,0,0,0,0
90253,438.8795873,1285.12579,151.760352,91.744327285,NA,0,NA,11.3600512556797
90257,580.97146025,1841.0791215,108.5903667,93.413108175,128.60000555,0,2550.6505873,22.304470049736
90261,0,0,124.4206559,NA,0,0,0,0
90262,0,0,84.76633093,NA,0,0,0,0
90263,307.79914915,963.66384455,119.61271705,NA,96.665128925,0,1368.128122625,10.6298312174324
90264,27.84561028,221.763719,103.47517835,NA,36.08326404,0,285.69259332,2.41226285627368
90265,0,0,77.303156595,NA,0,0,0,0
90266,0,163.67053275,94.76552921,563.74108955,490.66077855,0,654.3313113,1.72711041783249
90267,0,200.0346894,177.352052,187.4888627,274.7949741,0,474.8296635,1.12789610914679
90268,388.23033715,1268.022293,113.79910885,NA,143.40050885,0,1799.653139,14.5541792628018
90269,292.23850995,764.4934897,122.22277125,54.422382905,124.18319265,0,1180.9151923,8.64595025004393
90270,22.66082672,419.4906066,154.8535782,222.6396802,58.44737996,0,500.59881328,2.85528715874387
90271,93.44359067,294.7128173,50.25007745,NA,22.42953128,0,410.58593925,7.72449372553156
90272,58.48087185,223.5227338,NA,NA,0,0,282.00360565,NA
90273,353.7894506,710.81709015,96.161029615,50.25650587,63.40499096,0,1128.01153171,11.0710809255305
90275,555.54853345,762.6341627,184.5582568,71.53862076,195.94929985,0,1514.131996,7.14236642134344
90276,438.94136715,947.2778583,126.241279,105.90178435,80.60777967,0,1466.82700512,10.9807127781872
90277,360.4281555,924.19269805,154.42809805,59.04673949,138.67657255,0,1423.2974261,8.318569416908
90278,0,0,43.221434795,NA,0,0,0,0
90280,0,0,NA,NA,0,0,0,NA
90281,0,0,11.64143207,NA,0,0,0,0
90282,0,0,162.33407125,NA,0,0,0,0
90283,0,0,12.49371108,NA,0,0,0,0
90284,0,0,57.06933117,NA,0,0,0,0
90285,0,0,10.060427735,NA,0,0,0,0
90286,255.9616726,911.8272218,130.7655406,NA,140.3122492,0,1308.1011436,8.93040237544049
90287,256.37309415,845.3408544,119.8024969,65.23826451,109.7698748,0,1211.48382335,9.19608503209753
90288,311.54587505,1002.23423865,85.98007311,NA,263.08836805,0,1576.86848175,15.2800534609827
90290,338.28278665,1507.209118,193.06260055,97.259849735,153.87488395,0,1999.3667886,9.55903369887555
90291,388.0796874,937.23202605,162.71214155,NA,143.66524025,0,1468.9769537,8.14513103217158
90292,313.35056655,672.6610443,142.6154732,NA,199.9663925,0,1185.97800335,6.91377722715434
90293,229.86865065,805.60880915,172.17339555,NA,181.29230895,48.716443405,1265.486212155,6.01415483787269
90294,135.44609505,426.5315461,47.81125181,30.0787393,86.029323965,0,648.006965115,11.7540875813768
90295,308.35354425,581.26454805,149.1221792,45.04587745,64.023977705,0,953.642070005,5.96569938202727
90296,265.6347068,768.98668645,NA,NA,155.74898535,21.391556825,1211.761935425,NA
90297,257.3595128,662.56008955,110.74131665,46.329332315,96.64179436,0,1016.56139671,8.30692310853972
90298,0,0,14.632840575,NA,0,0,0,0
90299,0,0,6.491649788,NA,0,0,0,0
90300,0,28.16437098,201.27862945,NA,0,0,28.16437098,0.139927279199784
90301,0,21.054891165,86.151398915,NA,0,0,21.054891165,0.244394071717553
90302,219.6325238,616.17627345,162.58792915,NA,62.34412803,0,898.15292528,5.14065713008068
90304,0,0,12.147805025,NA,0,0,0,0
90305,0,0,NA,NA,0,0,0,NA
90310,0,0,NA,NA,0,0,0,NA
90327,0,0,NA,NA,0,0,0,NA
90330,0,0,NA,NA,0,0,0,NA
90335,0,0,NA,NA,0,0,0,NA
90338,0,0,NA,NA,0,0,0,NA
90345,174.9602407,582.51656035,33.12014679,42.927615935,26.99923657,0,784.47603762,22.8705749963254
90348,326.544156,605.0857035,63.201088085,23.42436727,172.3945766,0,1104.0244361,14.7407250053518
90356,70.549965975,248.91674125,31.609139695,NA,0,0,319.466707225,10.1067827314368
90357,161.34712145,594.2120775,30.12091138,24.50576004,0,0,755.55919895,25.0842077591213
90359,60.52450424,222.4686435,19.960266555,NA,0,0,282.99314774,14.1778240766585
90360,28.19794999,56.13681663,9.456990349,NA,0,0,84.33476662,8.91771731890556
90361,0,0,6.9759088245,NA,0,0,0,0
90362,57.971606415,162.42944225,18.60119883,NA,0,0,220.401048665,11.848755054945
90366,153.6017956,450.82062085,69.786473815,NA,47.575824305,0,651.998240755,8.66102531634267
90367,151.82037155,735.9854557,86.63790558,26.92478946,61.391995985,0,949.197823235,10.247314051587
90371,180.7868724,517.16411035,58.299629275,NA,0,0,697.95098275,11.9717910976373
90373,111.6454006,480.2225674,49.388060155,14.10225475,46.28988389,0,638.15785189,11.9840294626368
90375,0,0,NA,NA,0,0,0,NA
90378,78.218998915,377.4601846,29.593847775,NA,0,0,455.679183515,15.3977673663627
90384,35.231279535,171.5446237,20.159021965,NA,0,0,206.775903235,10.2572388478967
90387,0,0,NA,NA,0,0,0,NA
90390,0,0,51.651101435,NA,0,0,0,0
90391,0,0,NA,NA,0,0,0,NA
90395,184.38760095,574.5243411,51.490485075,NA,69.30379473,0,828.21573678,14.7388773080033
90397,182.5676109,451.7916742,NA,NA,0,0,634.3592851,NA
90400,208.8591614,780.0522674,68.54828381,28.129944835,117.7595968,0,1106.6710256,14.4264943458108
90401,54.09941338,208.00165055,NA,NA,0,0,262.10106393,NA
90403,126.19087735,372.70906795,37.522872205,NA,NA,0,NA,13.2958890400059
90407,0,0,29.477908985,NA,0,0,0,0
90408,0,0,109.50547095,NA,0,0,0,0
90409,0,0,NA,NA,0,0,0,NA
90410,104.00903255,381.80850355,64.82165224,7.646637235,192.35189795,0,678.16943405,7.4946799304232
90411,33.138405735,253.4753918,114.78568205,NA,123.2894627,0,409.903260235,2.49694728833996
90412,525.8912701,1015.9369092,96.585870995,52.963426845,68.83355643,0,1610.66173573,15.9632890754779
90414,108.6531835,218.13869335,14.305266395,NA,0,0,326.79187685,22.8441657657086
90415,399.2659171,1458.3013985,72.651624615,36.914318985,294.9818425,52.220677675,2204.769835775,25.5681455912891
90416,0,0,4.801967576,NA,0,0,0,0
90418,0,0,66.407945155,NA,0,0,0,0
90419,435.14883515,1761.9820305,77.725442965,72.709690355,272.11440835,0,2469.245274,28.2678461754071
90429,386.095734,1129.6626685,127.0784359,NA,94.573026295,0,1610.331428795,11.9277388942116
90430,0,0,70.29605539,NA,0,0,0,0
90431,0,0,123.24345335,NA,0,0,0,0
90433,30.534793515,110.90834415,NA,NA,0,0,141.443137665,NA
90434,0,0,111.2859592,NA,0,0,0,0
90435,0,0,NA,NA,0,0,0,NA
90436,297.5494682,938.7746792,117.0829822,50.718575735,134.26111295,0,1370.58526035,10.5593838162417
90437,0,0,151.0424475,NA,0,0,0,0
90438,0,0,14.209579895,NA,0,0,0,0
90439,195.0344243,652.8857347,77.53618417,20.85482274,204.5060928,0,1052.4262518,10.9357994345055
90440,0,0,84.99446534,0,0,0,0,0
90441,0,0,86.61136169,0,0,0,0,0
90442,0,47.55565719,22.26668907,144.7017161,68.02822901,0,115.5838862,2.13573095849584
90443,303.0397805,675.9926856,109.6669815,82.42641328,242.0014622,0,1221.0339283,8.92732208645681
90444,138.0020329,527.9363377,31.22910253,0,171.9364562,0,837.8748268,21.3242878164773
90445,0,0,57.14097417,0,0,0,0,0
90446,0,169.5423244,72.46791409,687.6713888,351.6968548,0,521.2391792,2.33955022065959
90447,264.6480418,825.5132649,41.55911404,13.96580325,109.8743424,0,1200.0356491,26.2315819738298
90452,0,0,NA,NA,0,0,0,NA
90453,0,0,NA,NA,0,0,0,NA
90455,0,0,NA,NA,0,0,0,NA
90456,0,0,NA,NA,0,0,0,NA
90457,313.485593,952.8914506,189.1797378,NA,93.21081832,0,1359.58786192,6.6940416469908
90458,0,0,56.94949926,NA,0,0,0,0
90459,0,0,12.585163,NA,0,0,0,0
90460,0,0,8.200626256,NA,0,0,0,0
90461,0,0,NA,NA,0,0,0,NA
90462,177.98934925,648.01958975,114.25974775,NA,127.60651825,0,953.61545725,7.22922074716378
90463,242.2886894,778.55157295,42.7398254,NA,134.43279725,0,1155.2730596,23.8849890657251
90465,404.6211257,1152.9143575,73.674699195,NA,261.674481,0,1819.2099642,21.1407104503754
90467,0,0,13.311292345,NA,0,0,0,0
90469,150.9177945,522.64390955,28.059078675,17.52855988,52.22314376,0,725.78484781,24.0051254658667
90471,154.8405047,413.9958571,34.770052005,30.479040055,35.138818175,0,603.975179975,16.359951423662
90473,205.66271555,638.33937285,61.527476485,NA,102.87330045,0,946.87538885,13.7174826047963
90474,137.34272085,490.62749425,71.56123318,NA,NA,0,NA,8.77528498594272
90475,0,0,94.08018595,NA,0,0,0,0
90477,0,0,NA,NA,0,0,0,NA
90478,0,0,63.629961535,NA,0,0,0,0
90480,307.98895725,964.15407915,37.25732417,67.92406748,NA,0,NA,34.1447772952074
90481,948.8433626,2075.9456895,181.7392949,154.30349965,115.21869455,0,3140.00774665,16.6435610623688
90482,58.586506065,141.1217495,185.7082555,NA,0,0,199.708255565,1.07538706358156
90483,157.5687838,638.6810119,33.81466579,NA,63.73027721,0,859.98007291,23.5474690373984
90484,226.5314747,1074.640788,71.70071645,67.165473305,163.8251043,0,1464.997367,18.1472700291267
90485,255.89647745,875.96500025,156.2429958,54.736196495,250.31703955,76.07520439,1458.25372164,7.24423819387621
90486,349.67221115,782.94366335,62.447726885,57.909815545,105.61809545,0,1238.23396995,18.1370232512347
90487,424.4759253,1078.4064895,109.1245314,66.81345684,147.2166237,0,1650.0990385,13.7721774885899
90488,385.4523592,829.96909395,98.273815085,56.7267999,109.6799683,0,1325.10142145,12.3677039717929
90489,457.83498255,1127.4815725,142.97443145,63.24450328,238.21026865,43.898505505,1867.425329205,11.0881123217084
90490,306.9105961,930.61074275,83.88419022,24.191284135,171.3791996,0,1408.90053845,14.7527363094809
90491,473.6258452,1446.3945095,112.59509005,88.873089295,148.2606774,0,2068.2810321,17.0524341145549
90492,212.84445,680.65034635,71.04453826,36.40525441,68.424351365,0,961.919147715,12.5765444921339
90493,408.02050315,995.5955736,86.084936385,52.211899955,184.21286195,0,1587.8289387,16.305013811854
90494,209.96280125,739.09960295,43.25094863,NA,232.5207327,0,1181.5831369,21.9431581101022
90495,346.3322739,1112.055366,97.2610143,NA,140.1601464,47.75896045,1646.30674675,14.9945756827255
90496,274.6461847,529.62051695,43.377391855,NA,64.804447345,0,869.071148995,18.541149369664
90497,267.24200005,606.26244355,54.090101285,NA,42.00784715,0,915.51229075,16.1490628201548
90498,214.64743625,430.12408695,44.540877075,NA,88.65960861,0,733.43113181,14.4759503077208
90499,0,0,95.90568766,NA,0,0,0,0
90500,261.5314185,480.41254705,107.36694905,NA,117.5193636,0,859.46332915,6.91035716405132
90501,0,0,163.02283645,NA,0,0,0,0
90502,338.3451004,941.47259325,122.1652249,52.55461577,207.85557595,29.081974885,1516.755244485,10.47612112774
90503,251.50125125,480.90404455,95.50095835,NA,150.7191135,0,883.1244093,7.66908844114233
90504,198.91401565,546.93948285,71.26849522,NA,173.821922,0,919.6754205,10.4654026466759
90505,0,0,NA,NA,0,0,0,NA
90506,0,0,5.8950575535,NA,0,0,0,0
90507,0,0,NA,NA,0,0,0,NA
90508,0,0,96.284858155,NA,0,0,0,0
90509,41.90394605,535.3030419,116.74505345,NA,122.3242097,73.49630626,773.02750391,4.94416654832582
90510,984.0074241,2183.0045165,301.23706645,111.71625465,380.25656895,176.96179945,3724.230309,10.5133540766494
90511,245.4921115,779.46745935,70.565319695,49.13016114,49.554775435,0,1074.514346285,14.524975941158
90512,0,0,9.3245969895,NA,0,0,0,0
90514,117.63615805,732.5839269,58.513826305,NA,122.2660277,0,972.48611265,14.5302424852252
90515,364.61818655,1166.160855,111.4931755,76.61076684,NA,0,NA,13.7298003638797
90516,152.27970055,399.57123265,44.566366295,NA,77.345102355,0,629.196035555,12.3826773209893
90517,248.43986135,430.1419342,63.900979505,NA,198.5394997,0,877.12129525,10.6192706403961
90518,263.5115778,1140.0516875,64.226414365,57.29143835,253.17733265,0,1656.74059795,21.8533648371451
90519,326.7425145,933.6391792,71.336501325,23.773928395,394.0644521,0,1654.4461458,17.6681175876269
90520,310.5026788,1108.213955,121.2830596,81.414873895,176.3035581,0,1595.0201919,11.6975663252479
90521,83.055431545,384.3462939,54.91919906,NA,112.67635705,0,580.078082495,8.51071635138664
90522,664.7175618,412.31118795,48.24602449,37.7943999,186.1289559,0,1263.15770565,22.3236787100093
90523,18.71079178,133.82085665,120.09492335,NA,0,0,152.53164843,1.27009239171141
90525,228.6652733,894.7329441,NA,NA,82.56322931,0,1205.96144671,NA
90526,224.87596435,437.6221414,51.689803435,NA,66.886549665,0,729.384655415,12.8168045092896
90527,479.7882032,1325.1521755,63.779702315,NA,146.21588875,0,1951.15626745,28.2996049399168
90528,357.95730525,640.75356445,91.797697935,42.73902156,117.5153684,0,1116.2262381,10.8794761978363
90529,177.4496342,626.3696761,68.209253425,NA,103.69731805,0,907.51662835,11.7846079518206
90530,256.8261137,668.1794595,62.36708493,37.476753015,113.7280406,0,1038.7336138,14.8316307269807
90531,515.4875948,1049.5278505,101.7188418,40.712784485,205.56295235,0,1770.57839765,15.3856986336626
90532,0,0,14.19575316,NA,0,0,0,0
90533,0,0,77.83333627,NA,0,0,0,0
90534,0,0,49.070919195,NA,0,0,0,0
90535,0,119.8851465,92.61203382,NA,69.84818334,0,189.73332984,1.29448778474089
90536,220.4598905,978.64145485,88.102948005,58.222827455,133.79636235,48.136726125,1381.034433825,13.6102295383118
90537,564.1350605,1268.2955345,136.7902161,NA,270.52583485,128.36517605,2231.3216059,13.3959185623364
90538,119.71092935,542.6707823,64.25666716,NA,43.715006445,0,706.096718095,10.3083732930104
90539,625.86615205,1991.778817,131.41119945,82.07084977,235.42080265,143.47572325,2996.54149495,19.9194968161445
90540,283.41489085,462.78541735,55.174554565,NA,79.30547428,63.47038425,888.97616673,13.5243558209594
90541,305.20813665,1188.339945,92.958648835,83.168494445,76.35628903,68.4244101,1638.32878078,16.0668006728564
90542,194.808618,549.16824615,51.913269605,30.693756075,32.779527895,42.33295856,819.089350605,14.3311502013031
90543,80.02973078,260.4141918,28.45558092,NA,47.047142145,17.542336665,405.03340139,11.9640475285718
90544,635.07625835,2087.131346,159.48772795,174.37103755,136.8799748,140.5832649,2999.67084405,17.068445574718
90546,512.27914105,1288.950332,161.9589388,71.506296195,134.8400436,114.7403133,2050.80982995,11.1215193579053
90547,183.47330365,683.15291905,63.496293645,NA,59.915364515,38.03010276,964.571689975,13.648453680544
90548,205.3459944,555.28115715,82.40031164,NA,137.50938045,42.644049855,940.780581855,9.23087712183803
90549,245.98727745,581.6606171,53.44530695,NA,160.05103035,87.28537506,1074.98429996,15.4858853243054
90550,2561.163094,3472.8879625,309.66974815,NA,1198.85314,114.56651215,7347.47070865,19.4854392221005
90551,204.8806149,622.4974235,43.296841835,NA,58.975313365,0,886.353351765,19.1094316198178
90552,114.01322455,398.1877395,34.54216064,NA,48.161334235,0,560.362298285,14.8282838872815
90553,157.16507995,757.42218185,44.762809695,NA,46.74028885,0,961.32755065,20.4318555522255
90554,0,0,69.936942695,NA,0,0,0,0
90555,323.40381525,1205.4791195,134.80709865,64.49367376,166.92578225,94.696574665,1790.505291665,11.3412642958769
90556,67.067939605,221.6259205,26.270143515,NA,65.3820503,0,354.075910405,10.9894283577156
90557,194.79535855,682.7534712,53.08981856,16.203300385,76.13923032,0,953.68806007,16.5295126928759
90558,466.0506056,1241.527883,71.37794573,54.840437435,215.5319582,0,1923.1104468,23.9230545392722
90559,118.2622443,449.81475165,35.71825486,NA,77.54346258,0,645.62045853,15.9043883352256
90560,374.4258226,1245.6141215,77.443887635,45.83272517,112.92505525,21.430506595,1754.395505945,20.9188871268368
90561,141.66323025,227.26003415,49.15660181,NA,52.89216519,0,421.81542959,7.50506037471755
90562,658.34715,1646.977454,74.891910235,62.20651436,145.66457225,0,2450.98917625,30.7820243437005
90563,393.01199245,632.88053455,69.73754771,NA,81.03150981,0,1106.92403681,14.7107628628715
90564,262.02892805,1146.5189115,49.82443253,30.10163617,69.271308815,0,1477.819148365,28.2702234230544
90565,316.3812645,665.1704728,56.272883985,NA,40.407520475,0,1021.959257775,17.4427125071756
90566,389.51645685,1220.9504135,76.95486439,56.78947872,223.16390305,0,1833.6307734,20.9274213282776
90567,293.2573365,921.02874515,97.81622532,39.638781235,180.9887544,34.090671445,1429.365507495,12.4139535918252
90568,0,0,4.788297812,NA,0,0,0,0
90569,302.3207546,1614.5810125,67.121998915,60.042202755,235.20910845,0,2152.11087555,28.5584726034079
90570,651.6889509,1628.592783,164.03427745,101.46282605,187.2882798,43.62138684,2511.19140054,13.9012514295682
90571,186.6208919,528.83894685,60.73870068,28.94285055,26.32458188,0,741.78442063,11.7793076035554
90572,137.2683528,547.89681445,59.49486428,NA,112.46277695,39.82222884,837.45017304,11.5163749937375
90573,132.0208079,397.7106598,32.57989171,NA,83.732572585,0,613.464040285,16.259460664119
90574,146.675977,554.1437739,43.75870085,NA,45.54394584,0,746.36369674,16.0155520453483
90575,181.2592713,778.307125,52.05425345,49.682912015,67.55608939,0,1027.12248569,18.4339671151311
90576,0,210.03660375,67.421497735,339.4847789,143.7959434,0,353.83254715,3.11527644454812
90578,434.9975156,1310.1922705,69.756805505,NA,169.95563015,0,1915.14541625,25.018201069642
90579,446.61361905,1117.018251,107.4728923,NA,284.0651385,111.0963651,1958.79337365,14.5490815087145
90580,462.96215535,2610.966066,137.5424102,128.00036325,333.61069235,66.225924675,3473.764838375,22.3489483489508
90581,143.79827965,567.1139693,32.118852905,NA,74.069726165,0,784.981975115,22.1337994558122
90582,172.2037154,458.9255655,30.90170724,NA,48.39828656,0,679.52756746,20.4237673989432
90583,431.8833885,1647.104744,107.53153255,61.109896665,439.54844435,58.62409012,2577.16066697,19.3337533949245
90584,152.0702271,296.25565285,40.95845142,NA,33.03397911,0,481.35985906,10.9458698853805
90585,804.20504025,1376.5522335,75.258501545,49.88221263,253.52870035,40.95969262,2475.24566672,28.9768893743658
90586,372.14249495,785.04095075,62.971658075,NA,180.02050195,0,1337.20394765,18.3762581623908
90587,133.23981255,340.9819731,52.979481025,NA,61.72618595,0,535.9479716,8.95104626310371
90588,380.23799375,1095.2445215,101.21919,NA,250.59562185,0,1726.0781371,14.5771025756084
90589,430.9596438,1547.215633,203.1988851,62.42316641,424.0908975,76.688026095,2478.954200395,9.73516796524983
90590,267.15119995,309.8832733,51.56085011,NA,151.8780076,0,728.91248085,11.1913297010998
90591,561.85455225,994.2424788,138.2775733,52.71105596,153.94864565,83.06752948,1793.11320618,11.2534302845623
90592,748.13751605,1764.024149,166.107115,61.41386,453.4657565,51.973929655,3017.601351205,15.1237450909312
90593,146.427616,432.54661805,39.133083215,NA,91.79145646,0,670.76569051,14.795006845463
90594,189.9334866,711.02282935,46.57284275,NA,109.49465355,0,1010.4509695,19.3451003363972
90595,79.70441671,232.53561245,41.982976945,NA,16.964266385,0,329.204295545,7.43730082716744
90596,0,0,NA,NA,0,0,0,NA
90597,0,0,NA,NA,0,0,0,NA
90599,0,0,NA,NA,0,0,0,NA
90600,0,0,22.70587219,NA,0,0,0,0
90601,268.2389547,598.7800904,73.833829745,42.59132894,150.90630095,0,1017.92534605,11.7428426521342
90602,413.05006415,1142.8809865,46.55346055,NA,36.42870149,0,1592.35975214,33.4224573698206
90603,445.1728993,1414.880583,60.55900336,57.2376645,58.10727054,0,1918.16075284,30.7147307435477
90604,182.9683574,640.00822945,53.256761605,17.382755995,106.57746045,0,929.5540473,15.4529971790988
90605,0,0,NA,NA,0,0,0,NA
90606,582.4157128,1618.637238,146.27887395,84.671442435,215.99018285,52.06724242,2469.11037607,15.0469640035126
90607,245.00649405,546.0325805,41.99733811,NA,69.760416055,0,860.799490605,18.835457439662
90608,325.13412205,1118.0173125,91.90543712,29.53528364,90.73711579,23.097855675,1556.986406015,15.7025686376497
90609,152.053599,676.3817598,42.8333477,NA,42.73846683,0,871.17382563,19.3408968311856
90610,162.273038,619.70980295,45.341438545,NA,39.92865853,0,821.91149948,17.2465379582941
90611,170.5815299,405.1529181,43.333125845,NA,47.3162553,0,623.0507033,13.2862431863182
90613,317.22084675,1080.7190465,90.439913565,59.927736095,211.11449935,0,1609.0543926,15.4571122212018
90614,281.30715315,911.2772677,75.834798075,NA,95.91062999,0,1288.49505084,15.7260842136158
90615,627.66473665,969.9365009,152.7160476,116.7882554,322.61481945,51.11631148,1971.33236848,10.4612531731734
90616,611.4547504,1056.4952275,64.283513465,NA,104.0316927,0,1771.9816706,25.9467768327277
90617,60.19301745,134.6809671,18.749688405,NA,28.924084795,0,223.798069345,10.393451898541
90618,104.9643046,257.201956,27.716649795,NA,19.316878105,0,381.483138705,13.0667401463987
90619,166.130606,803.2644387,34.427773495,NA,107.09135165,0,1076.48639635,28.1573551319195
90620,418.324866,1469.7140195,114.8180816,81.546576685,229.5610757,73.854365145,2191.454326345,16.4437417799532
90621,14.66124964,47.99055474,7.6077352395,NA,0,0,62.65180438,8.23527665036325
90622,85.139343575,236.92862575,16.27157978,NA,34.189589885,0,356.25755921,19.7932821323757
90623,126.3820551,330.0344344,28.79519765,NA,52.03322127,0,508.44971077,15.8504378072918
90624,125.78653105,461.31729515,30.645379515,NA,50.73543139,0,637.83925759,19.1579884306093
90625,60.031463085,173.9382362,18.534484575,NA,43.195697825,0,277.16539711,12.6234802126943
90626,478.4813109,1171.762324,45.99312429,NA,38.28946054,0,1688.53309544,35.8802247156496
90627,379.16156575,1450.7601895,91.079074365,26.505631415,91.460477525,0,1921.382232775,20.091571724989
90629,88.316542455,320.53098815,25.862533725,NA,36.135154705,0,444.98268531,15.8084870938143
90630,94.199128245,391.97699705,27.08617529,NA,30.768497885,0,516.94462318,17.9492349912722
90631,59.18697299,177.45518345,18.566403675,NA,19.77178871,0,256.41394515,12.74571858839
90632,26.655153455,125.27802685,9.306312258,NA,0,0,151.933180305,16.3258201630182
90633,56.52764874,303.16682335,18.542216635,NA,0,0,359.69447209,19.3986770390249
90634,165.47140505,518.24163545,32.232869385,NA,72.03219225,0,755.74523275,21.2116716117795
90635,172.85590735,577.1020271,42.096687205,NA,37.08159103,0,787.03952548,17.8151295088352
90636,54.97508474,259.26084895,16.481969045,NA,37.111190395,0,351.347124085,19.0654364676972
90637,34.321472485,164.0298945,16.63293368,NA,0,0,198.351366985,11.9252184131236
90638,0,0,6.091187781,NA,0,0,0,0
90639,149.70759675,564.5760466,31.080821795,NA,130.8892145,0,845.17285785,22.9814915468196
90642,628.98777365,1948.88982,261.91988395,94.553918655,183.6962091,92.506005345,2854.079808095,9.84223707941972
90643,292.22890295,1401.7579885,68.88204374,NA,118.3107521,0,1812.29764355,24.5925759381366
90644,282.88285215,691.1147713,67.16028847,NA,89.61502298,0,1063.61264643,14.5025824879397
90645,367.7605496,777.7173653,178.5526175,48.721529255,129.47438555,44.30524391,1319.25754436,6.41535212946402
90646,336.4230765,1041.8622715,95.74608761,60.04766216,283.12422875,0,1661.40957675,14.3952132395648
90647,116.18366895,382.3219384,59.83160465,NA,65.856293635,0,564.361900985,8.33181075898154
90648,224.86860335,731.51188325,44.08281154,NA,77.311031395,0,1033.691517995,21.695088248448
90649,315.39698,1483.649212,88.39905469,60.2674142,404.4048935,24.728977,2228.1800625,20.3514188959253
90650,16.829493005,95.276489255,154.1263032,NA,0,0,112.10598226,0.727364375401434
90651,0,28.16658617,99.95342595,NA,0,0,28.16658617,0.281797106025059
90652,0,0,81.574776395,NA,0,0,0,0
90653,0,36.29621718,288.5248258,NA,0,0,36.29621718,0.125799286350353
90654,35.653757935,182.73494665,43.654934335,NA,31.228495545,0,249.61720013,5.00261214251578
90656,393.6099448,995.9647512,NA,NA,171.36418745,0,1560.93888345,NA
90657,0,21.61314029,8.1445287025,NA,0,0,21.61314029,2.65370054910185
90658,278.99548735,845.86611865,66.49164682,61.871469485,88.003030365,0,1212.864636365,16.917337136274
90659,0,0,5.99078226,NA,0,0,0,0
90660,39.5650214,491.60434325,NA,NA,50.106260545,0,581.275625195,NA
90661,20.88175825,331.40646005,130.31623165,71.506431905,119.74660415,0,472.03482245,2.70333337481832
90662,85.72213247,772.54166805,248.1810607,140.90153815,455.18945565,133.44006285,1446.89331902,3.458216344548
90663,0,0,16.978934045,NA,0,0,0,0
90664,143.1728435,700.88729925,71.879929985,NA,27.300265805,0,871.360408555,11.7426400238027
90665,378.50426695,1164.320978,58.396190335,22.541374405,337.9607937,0,1880.78603865,26.4199639753777
90666,110.91672595,1102.5301995,70.56492437,121.86705875,428.46005175,0,1641.9069772,17.1961769431994
90667,0,0,13.925410695,NA,0,0,0,0
90668,77.1810689,388.9391351,NA,148.40923055,110.7961555,0,576.9163595,NA
90669,476.4919054,1843.325141,99.56851449,62.1244654,146.31897315,0,2466.13601955,23.2987009827588
90670,200.0707089,841.60917945,59.20180698,NA,112.13711225,0,1153.8170006,17.5954069898898
90671,59.322574395,478.3972,130.7026728,NA,190.193219,0,727.912993395,4.11406869404893
90672,0,215.11186695,61.11376785,179.7710834,286.1865978,0,501.29846475,3.5198593462275
90674,498.80600775,2194.8095725,150.38579205,187.07423035,143.93360925,0,2837.5491895,17.9113701070539
90675,0,191.4015972,NA,301.39162245,584.43443165,0,775.83602885,NA
90676,0,0,44.47160954,NA,0,0,0,0
90677,0,203.00202105,53.339096485,284.699571,282.51575875,0,485.5177798,3.80587663510739
90684,78.70716738,252.09163545,38.96937744,NA,39.86625518,0,370.66505801,8.4886858492754
90686,238.38266205,686.588246,100.48052161,NA,130.3666513,0,1055.33755935,9.20547478485567
90687,228.0874464,632.85896745,58.245115815,NA,47.732824005,0,908.679237855,14.7814353496105
90688,266.5354892,1087.2971585,83.870464115,NA,143.4244216,61.97287698,1559.22994628,16.1419477283883
90689,278.822554,918.82908285,98.58933923,NA,169.7887731,0,1367.44040995,12.1478817710299
90690,0,200.98069345,130.68711955,NA,86.37951386,45.32667901,332.68688632,1.53787683240739
90691,391.6464269,840.95908385,89.053770695,NA,136.52964815,0,1369.1351589,13.8411377882195
90692,39.28736749,146.20706725,19.86431231,NA,23.74660094,0,209.24103568,9.33807482711693
90693,344.69624025,1006.4951695,83.98033893,NA,116.7648351,0,1467.95624485,16.0893779063723
90694,363.77335985,1088.859098,140.6162153,70.566220025,124.0319134,0,1576.66437125,10.3304761456626
90695,381.20313935,764.18782175,138.87484835,NA,157.40493545,0,1302.79589655,8.24764869023168
90696,323.4582543,1148.525512,119.1474796,53.51090804,302.21378125,0,1774.19754755,12.3543004958369
90697,229.56660125,803.4611855,71.747085025,NA,200.2806616,45.546518695,1278.854967045,14.3981847679254
90700,20.852793355,382.52667745,108.5558438,NA,167.0133109,56.291068165,626.68384987,3.71587062183565
90701,0,0,75.18099819,NA,0,0,0,0
90702,0,132.0656194,111.4487779,NA,47.02053868,0,179.08615808,1.18498939053866
90706,0,0,102.61728095,NA,0,0,0,0
90711,814.31379885,1693.5347285,103.98453695,60.16852568,255.47050265,48.425186765,2811.744216765,24.1175140161068
90712,562.80204055,1345.0338655,152.7239063,59.224417925,129.20200705,0,2037.0379131,12.4920580691695
90713,650.19518215,803.3931756,68.76765413,NA,82.595428035,0,1536.183785785,21.1376754978744
90714,390.23920105,1130.1839595,125.30462065,56.19347555,140.83147535,0,1661.2546359,12.1338155980444
90715,417.8867283,927.5402376,136.21187325,68.80432184,169.49637815,0,1514.92334405,9.87745733024782
90716,684.5998261,1328.265451,169.3089258,65.27590262,281.577857,59.271065835,2353.714199935,11.8887132948782
90717,0,0,7.9506283975,NA,0,0,0,0
90718,0,55.547212745,40.876324355,382.1508254,177.34659825,0,232.893810995,1.35890918817913
90720,134.74154375,325.90396275,38.03971385,NA,86.88084841,0,547.52635491,12.1095944179927
90722,689.7464813,1576.6884155,79.153246305,NA,179.4847696,43.43513223,2489.35479863,28.6335052900646
90724,76.526707585,369.49954965,26.383644945,NA,NA,0,NA,16.905407049132
90726,261.1106822,424.66388655,60.7720901,NA,35.1011351,0,720.87570385,11.284367011593
90727,591.20696895,1747.824149,103.91576145,74.87708617,218.0610032,77.8714222,2634.96354335,22.5089157343609
90728,701.772104,1310.0217515,198.9980528,NA,46.21006773,0,2058.00392323,10.1096157836375
90729,1210.889022,2723.44951,118.38246325,81.3442616,105.6736091,0,4040.0121411,33.2341330294122
90731,451.7101933,1000.1758981,56.853586525,NA,24.90309848,0,1476.78918988,25.5372823447395
90732,575.039748,1080.4955925,50.41792551,NA,118.0518475,0,1773.587188,32.8362447235485
90734,313.4493312,1127.215585,166.3084387,NA,291.8758763,122.72028775,1855.26108025,8.66260862925171
90735,1254.5052815,2664.251456,119.35026965,100.60136569,188.88573095,35.33194664,4142.97441509,32.834083651356
90736,1303.211742,4884.5005155,159.5195998,145.8175823,523.3929542,218.3260615,6929.4312732,38.789667634936
90737,806.7238916,2297.568665,127.02395725,NA,122.4493162,60.17633712,3286.91820992,24.4386383781946
90738,0,0,64.67645442,NA,0,0,0,0
90739,1543.784593,4155.6168995,203.7083803,169.19157155,367.2763161,150.3796309,6217.0574395,27.9782377342873
90740,415.67162605,1624.3049605,116.8919082,97.062888325,138.67197625,39.15368717,2217.80224997,17.4518203865715
90741,360.5211312,752.3017018,68.202485495,NA,69.70076795,0,1182.52360095,16.3164556969347
90742,128.3398809,447.75103495,28.4711698,NA,76.801586705,0,652.892502555,20.2341849631342
90743,676.4057434,1818.9547985,174.06212055,77.95356149,179.36556735,109.6738274,2784.39993665,14.3360343652897
90744,296.37060365,753.4653451,60.79769015,NA,184.63314475,41.80568624,1276.27477974,17.2676946469487
90745,517.9089437,1270.5893065,110.43299045,71.543730815,216.4966749,36.063017115,2041.057942215,16.1953257166369
90746,285.5997217,739.8530189,78.748960465,NA,137.84750785,0,1163.30024845,13.0217939963254
90747,231.2341161,580.49425145,44.60402189,NA,90.902519485,0,902.630887035,18.1985465246125
90748,1232.017205,3990.238739,168.7792503,127.3962146,230.90451435,40.509506525,5493.669964875,30.9413386699941
90749,1081.22244,2393.7433055,98.061890305,53.37458121,132.9777719,25.6619805,3633.6054979,35.436454821459
90751,309.779587,1096.3241405,71.169914595,58.45101495,469.26558685,0,1875.36931435,19.7569961338521
90752,3117.223904,6791.6255555,215.38827045,107.62173915,479.48051885,376.01186275,10764.3418411,46.0045917950775
90753,1078.560776,3598.355334,117.0238124,105.88432855,375.41763085,151.24797215,5203.581713,39.9655079943371
90754,966.71206575,2107.9115235,76.450062275,NA,79.831837195,0,3154.455426445,40.2174111799963
90755,498.9774542,1582.2669505,99.310922465,33.77100885,44.866968935,0,2126.111373635,20.9568530131566
90756,884.1062757,1317.426963,109.20920075,53.463745445,112.2921098,49.328097845,2363.153446345,20.1588622898149
90757,1127.5131445,2165.623438,146.85896045,93.54790273,70.44209704,0,3363.57867954,22.4238042568822
90758,346.00742525,1062.5383645,77.157949115,NA,125.2620235,0,1533.80781325,18.2553554871013
90759,283.7557773,1652.9479895,191.40776485,170.0968956,216.6151112,79.913364555,2233.232242555,10.118208988636
90760,1194.225109,2714.6575235,154.92755375,92.054256285,387.0971152,169.12009215,4465.09983985,25.2303901913251
90761,25.5620844,181.02634225,102.478871,NA,41.97945176,0,248.56787841,2.01591239866411
90762,26.69931981,131.8820841,9.684274584,NA,0,0,158.58140391,16.3751453487288
90763,293.81090215,1271.748474,212.3395719,1049.7337215,347.9760629,0,1913.53543905,7.37290445742864
90764,0,0,8.137041911,NA,0,0,0,0
90765,0,112.88024075,65.28091699,722.89555425,163.2692761,0,276.14951685,1.72914606526271
90766,0,367.78967775,189.80011145,1101.1371475,574.37806975,55.850177315,998.017924815,1.93777377125982
90767,0,0,68.00604345,NA,0,0,0,0
90768,0,0,8.484628703,NA,0,0,0,0
90769,463.8387447,1746.6601185,112.53969045,56.203591525,198.1183473,30.32587664,2438.94308714,19.6419490258159
90770,450.7505184,1714.98538,73.202213765,74.83656657,144.3218195,0,2310.0577179,29.5856612390526
90771,279.2778108,1064.3714705,93.20214452,81.132917265,126.70634725,0,1470.35562855,14.4165060602406
90772,0,37.120577595,7.5438478895,NA,0,0,37.120577595,4.92064237491675
90773,313.36361145,816.7386087,93.26413026,22.235129055,73.348750075,0,1203.450970225,12.1172225270264
90774,297.17181425,738.88992595,95.72341039,NA,48.350162915,0,1084.411903115,10.8234938138835
90775,415.6402392,1275.8715265,87.917081115,59.19335114,127.13384345,0,1818.64560915,19.2398535557319
90776,594.8495423,893.6547351,190.1671934,100.213316015,154.0462763,74.32048021,1716.87103391,7.82734524702724
90777,276.3473631,713.1260615,73.79844248,23.489345825,33.03857791,0,1022.51200251,13.4077819442891
90778,304.2732793,890.82042425,73.110538325,55.302275475,36.213689,0,1231.30739255,16.3463945271121
90779,355.31360095,1047.699096,95.99968424,70.406423815,53.35981132,0,1456.37250827,14.6147636636226
90782,353.17178625,1345.9589895,117.74626105,78.67497775,52.09290618,16.321574405,1767.545256335,14.43044357076
90783,454.1848287,1791.487471,154.70035815,90.386483,39.19834478,0,2284.87064448,14.5162708513096
90784,444.30247495,1211.7068605,76.81520478,60.95216477,63.359410295,0,1719.368745745,21.5583534561008
90785,578.472193,1569.4599225,176.05104725,127.06123015,310.76024235,0,2458.69235785,12.200621064468
90786,242.9871396,742.42154315,82.54381096,NA,232.35931435,0,1217.7679971,11.9380080867301
90788,467.4454718,863.31155325,123.89160945,64.88947068,144.4527634,0,1475.20978845,10.7413006494767
91581,955.7609288,2358.1466515,195.94870665,92.141764975,158.01481775,12.05121751,3483.97361556,16.9121176503565
91583,729.8530874,1850.4801985,188.3142991,84.21767002,509.85026245,218.15935305,3308.3429014,13.7022695474111
91585,759.41252315,1937.997487,95.976118185,86.45912742,102.76154515,0,2800.1715553,28.1050125923052
