Sample Name,Outer Color,Inner Color,Color,Alpha (ug/g),Beta (ug/g),Lut (ug/g),Lycopene (ug/g),Phyto (ug/g),Zeta (ug/g),Total (ug/g),AB.Ratio
90002,Orange,Orange,Orange,611.9940507,1219.299988,97.06455139,47.4668498,92.35847118,0,1923.65251,18.86676457
90003,Orange,Orange,Orange,150.4932993,317.0559409,42.65803351,0,39.57637956,0,507.1256198,10.96040304
90004,Orange,Orange,Orange,768.6158112,1605.396379,69.0279498,59.14013328,167.2237013,0,2541.235892,34.3920426
90005,Orange,Orange,Orange,392.8818481,1467.215777,86.9699011,68.00892644,180.1640624,0,2040.261688,21.3878319
90006,Orange,Orange,Orange,584.4175655,1277.534902,178.6471331,71.31943308,232.5132284,30.03557638,2124.501272,10.42251524
90007,Orange,Orange,Orange,594.423525,1218.880783,152.5662966,63.12176503,211.0511807,0,2024.355489,11.88535311
90008,Orange,Yellow,Orange,287.7148752,781.4970917,82.8121441,0,106.7821425,0,1175.994109,12.91129433
90009,Orange,Orange,Orange,104.3355381,258.7245281,66.61241423,0,18.24053913,0,381.3006053,5.450336403
90016,Orange,Orange,Orange,15.80394252,43.49843516,28.40321725,0,0,0,59.30237768,2.087875368
90022,Orange,Yellow,Orange,167.3665999,330.0233661,179.0192506,0,92.83077241,0,590.2207384,2.778416088
90023,Orange,Orange,Orange,314.1838393,651.5222879,124.4034235,0,130.6710599,0,1096.377187,7.76269736
90024,Orange,Orange,Orange,187.8265118,679.7612704,49.77633809,0,76.8868796,0,944.4746618,17.42972295
90029,Orange,Orange,Orange,660.1383943,1375.730556,141.4912231,72.72325878,89.60555326,0,2125.474504,14.38865893
90030,Orange,Orange,Orange,530.9258643,1095.953575,82.60147456,45.51288619,52.12827832,0,1679.007718,19.69552539
90031,Orange,Orange,Orange,25.79215211,87.47424081,21.07114174,0,0,0,113.2663929,5.375427412
90032,Orange,Yellow,Orange,392.4812574,1202.594725,67.4392743,52.27149264,145.0313849,0,1740.107367,23.65203361
90034,Orange,Orange,Orange,68.36549438,165.8566236,29.91284678,0,0,0,234.222118,7.830151363
90035,Orange,Orange,Orange,442.9870107,635.1772195,116.4282123,39.36752782,65.94862088,0,1144.112851,9.260334836
90036,Orange,Yellow,Orange,246.3921103,809.2373769,50.05777356,41.4534157,71.51039662,0,1127.139884,21.08822291
90037,Orange,Orange,Orange,174.586169,685.3575004,59.86165959,52.52155809,26.93640893,0,886.8800783,14.36551668
90038,Orange,Orange,Orange,35.41904095,110.5083012,24.73525653,0,26.50968298,0,172.4370251,5.899568576
90039,Orange,Orange,Orange,531.0446969,1141.824009,96.30116996,59.86522727,170.1964342,0,1843.06514,17.37121892
90040,Orange,Yellow,Orange,140.3121403,653.9294786,29.57157257,28.41031447,41.75618981,0,835.9978087,26.85828145
90041,Orange,Orange,Orange,114.8304538,486.8082544,34.82805842,0,98.07771684,0,699.716425,17.27454057
90042,Orange,Orange,Orange,447.8479898,1194.160647,44.13106701,25.66048357,125.7688705,40.86560605,1808.643113,37.20754444
90043,Orange,Orange,Orange,760.7506271,1181.107416,56.69561733,35.06062846,152.6769038,0,2094.534947,34.25058469
90044,Orange,Orange,Orange,630.6433384,1551.86825,59.45799596,53.94697702,134.0238288,0,2316.535417,36.70678019
90045,Orange,Orange,Orange,1107.654802,2028.478994,106.6069762,75.29862645,173.1442992,0,3309.278095,29.41771644
90046,Orange,Orange,Orange,420.1310233,1498.562004,71.1377493,42.56564345,195.8337908,0,2114.526818,26.97151718
90047,Orange,Orange,Orange,1195.415791,1515.422185,48.02116275,78.74448035,320.6349528,0,3031.472929,56.45090249
90048,Orange,Orange,Orange,282.6862811,413.3016032,31.48920967,13.72240204,14.5208122,0,710.5086965,22.10242466
90049,Orange,Orange,Orange,322.7541271,835.9404862,111.7860467,43.40672037,54.29674939,0,1212.991363,10.3652884
90050,Orange,Orange,Orange,138.1038215,387.7284312,68.30407963,16.87589227,30.31947331,0,556.151726,7.698401846
90051,Orange,Orange,Orange,103.3833605,213.0096092,79.03955487,0,0,0,316.3929697,4.002970035
90052,Orange,Orange,Orange,166.9626062,501.3765617,71.94529557,23.17518255,70.73125323,0,739.0704211,9.28954649
90053,Orange,Orange,Orange,165.871747,292.0665196,102.0742893,6.49722633,0,0,457.9382666,4.486323341
90058,Orange,Orange,Orange,13.83890173,253.6490612,130.0621342,7.083000492,69.66195498,0,337.1499179,2.056616744
90063,Orange,Yellow,Orange,228.0218477,602.4151347,102.3000506,23.7004044,97.54115128,0,927.9781337,8.117659547
90066,Orange,Yellow,Orange,0,89.3302018,43.14765699,42.20276432,56.77657399,0,146.1067758,2.070337257
90068,Orange,Orange,Orange,31.20911209,187.4215029,85.49997566,8.72724005,30.42820395,0,249.0588189,2.557083944
90069,Orange,Yellow,Orange,223.1433237,365.6699401,138.202468,11.81286345,87.12811211,0,675.9413759,4.260511931
90070,Orange,Yellow,Orange,87.54462657,203.1770497,30.59237582,5.722323059,24.68637606,0,315.4080523,9.503076125
90071,Orange,Yellow,Orange,46.10216849,139.8514286,20.26405297,6.349671874,22.69286857,0,208.6464657,9.176525415
90076,Orange,Yellow,Orange,184.3499384,672.0265295,156.2134876,26.4046776,185.5867456,0,1041.963214,5.482090446
90077,Orange,Orange,Orange,411.9475744,817.2851174,79.27349818,52.62241378,81.29549176,0,1310.528184,15.50622491
90079,Orange,Yellow,Orange,82.44633492,249.4501014,124.1155709,0,0,0,331.8964363,2.674091848
90080,Orange,Yellow,Orange,440.8308094,596.623218,116.5687538,0,76.76307378,0,1114.217101,8.899932388
90081,Orange,Orange,Orange,41.11088591,199.4610192,42.03829464,0,30.54789674,0,271.1198019,5.72268469
90082,Orange,Orange,Orange,173.8582707,377.6644276,73.4503842,0,169.4204139,0,720.9431122,7.508778944
90083,Orange,Yellow,Orange,210.8449579,430.4582861,143.0748923,0,59.16688968,0,700.4701337,4.482290594
90084,Orange,Yellow,Orange,46.40856381,130.2407106,67.49571984,0,0,0,176.6492744,2.617192243
90085,Orange,Yellow,Orange,269.1516022,783.1421315,121.397063,0,140.7072136,39.31187255,1232.31282,8.668197629
90087,Orange,Yellow,Orange,133.972615,443.8647063,117.6456927,0,90.18870235,0,668.0260237,4.911674266
90088,Orange,Yellow,Orange,25.58013521,133.8416952,100.639005,0,31.09434995,0,190.5161804,1.584095852
90105,Orange,Yellow,Orange,42.94792436,398.3741082,209.834525,NA,68.0498942,0,509.3719267,2.103190752
90106,Orange,Orange,Orange,55.56823013,248.4128326,30.38743645,NA,25.13531573,0,329.1163784,10.00351126
90111,Orange,Yellow,Orange,205.8577721,646.4378714,53.42591864,33.25430979,56.54685071,0,908.8424942,15.95284958
90112,Orange,Orange,Orange,222.72927,741.9311447,85.9845517,NA,113.6738144,0,1078.334229,11.21899685
90113,Orange,Yellow,Orange,102.7667635,283.8682114,115.7759424,NA,52.79142339,0,439.4263983,3.339510497
90117,Orange,Yellow,Orange,0,125.0156302,177.4834243,NA,19.67056916,0,144.6861993,0.704379187
90122,Orange,Orange,Orange,89.46449486,691.751315,217.9261774,NA,92.46568491,0,873.6814948,3.584772694
90130,Orange,Orange,Orange,686.2093533,1540.302117,NA,NA,208.2118381,0,2434.723308,NA
90136,Orange,Yellow,Orange,436.6001454,873.3570947,144.784061,NA,73.22941625,0,1383.186656,9.047661952
90138,Orange,Yellow,Orange,291.4845301,619.0063369,127.8678085,NA,57.68909269,0,968.1799597,7.120563635
90139,Orange,Yellow,Orange,367.6023105,565.7726434,155.7421532,NA,88.04928608,0,1021.42424,5.993078525
90141,Orange,Yellow,Orange,14.52139835,105.4631227,NA,NA,20.85629409,0,140.8408151,NA
90142,Orange,Yellow,Orange,31.04334543,88.27151825,NA,NA,0,0,119.3148637,NA
90144,Orange,Orange,Orange,145.4002217,323.3566718,NA,NA,25.26529855,0,494.022192,NA
90150,Orange,Orange,Orange,481.0582908,1394.11139,112.5872493,NA,239.3041609,0,2114.473841,16.65525797
90151,Orange,Orange,Orange,344.5136962,1316.732265,134.8261601,90.67987043,107.1090521,0,1768.355013,12.32139193
90152,Orange,Orange,Orange,170.7544409,803.1836577,75.30984124,NA,103.3783601,0,1077.316459,12.93241471
90153,Orange,Orange,Orange,489.9635903,1503.737478,105.0571749,95.87906734,84.19063222,0,2077.8917,18.97729565
90154,Orange,Orange,Orange,588.8198969,1127.379432,162.8204194,114.8932818,91.41324769,0,1807.612576,10.54044287
90155,Orange,Orange,Orange,66.44383914,188.8798586,NA,NA,0,0,255.3236977,NA
90160,Orange,Yellow,Orange,213.2482469,849.2017551,139.3661139,NA,73.53865159,0,1135.988654,7.623445702
90162,Orange,Orange,Orange,531.754549,1372.725822,121.603506,86.08252659,110.2378378,0,2014.718208,15.6613936
90163,Orange,Orange,Orange,284.3213115,733.8026161,98.32619396,NA,89.17556327,0,1107.299491,10.35455443
90164,Orange,Orange,Orange,892.0741433,2516.53717,194.0960678,68.68961359,347.2029711,33.93628254,3789.750566,17.56146506
90167,Orange,Orange,Orange,773.3664629,1898.963664,110.0992107,73.23975628,91.67830641,0,2764.008433,24.27201894
90183,Orange,Yellow,Orange,355.0469681,1202.015736,109.3777765,63.65306935,113.9719358,0,1671.034639,14.23564049
90191,Orange,Orange,Orange,1207.798833,2213.054844,151.0211217,63.76104757,151.8752414,0,3572.728918,22.65149166
90192,Orange,Orange,Orange,614.9395572,2047.680012,102.0932213,80.8159921,176.0480296,0,2838.667598,26.08027776
90194,Orange,Orange,Orange,821.6688981,1689.227842,84.97626684,49.97274347,71.19521931,0,2582.091959,29.54821191
90195,Orange,Orange,Orange,26.9666834,80.23382167,NA,NA,0,0,107.2005051,NA
90196,Orange,Orange,Orange,365.8374182,871.3987037,75.27705969,NA,43.41246129,0,1280.648583,16.43576578
90197,Orange,Orange,Orange,366.0660821,1382.093619,79.02899336,29.96020069,176.8089903,0,1924.968691,22.12048549
90198,Orange,Orange,Orange,264.2404335,870.9187171,49.56449062,NA,101.6259848,0,1236.785135,22.90266956
90199,Orange,Orange,Orange,187.3385609,675.138572,77.17058389,NA,100.1594875,0,962.6366204,11.17624216
90200,Orange,Orange,Orange,211.9570633,709.9307772,53.33695305,37.76898996,96.87683759,0,1018.764678,17.28422394
90201,Orange,Yellow,Orange,1258.346544,2179.996975,169.9829914,57.42536283,362.9923117,76.84098192,3878.176812,20.2275739
90202,Orange,Yellow,Orange,356.1697188,1156.954935,173.6266154,NA,391.9579632,72.70132038,1977.783937,8.714819734
90203,Orange,Yellow,Orange,215.4519692,1011.956523,103.0777613,16.79404524,393.0452114,51.91235576,1672.366059,11.90759749
90206,Orange,Yellow,Orange,358.2754822,684.8839299,167.6739575,28.86215085,50.38345498,0,1093.542867,6.221356184
90209,Orange,Orange,Orange,318.683896,921.2577842,84.41101533,NA,180.2763847,0,1420.218065,14.68933498
90210,Orange,Orange,Orange,383.559561,1029.681126,106.6313081,73.94096786,70.72185316,0,1483.96254,13.25352481
90211,Orange,Orange,Orange,416.4912858,2060.567997,140.820992,141.207744,139.363849,0,2616.423132,17.59012806
90212,Orange,Orange,Orange,1010.895339,1763.829229,156.5673978,NA,126.3076311,0,2901.032199,17.72223724
90213,Orange,Orange,Orange,706.9645909,753.4959714,123.5210388,43.50277925,86.90274402,0,1547.363306,11.8235774
90214,Orange,Yellow,Orange,235.916985,838.4981271,132.2406548,NA,142.2716835,44.71385885,1261.400654,8.124695949
90215,Orange,Orange,Orange,336.0372518,1159.832819,96.35756945,50.97865862,154.0884306,0,1649.958501,15.52415735
90217,Orange,Orange,Orange,535.3840497,2302.293182,138.6488795,42.02434385,304.3186347,63.84728588,3205.843152,20.46664382
90221,Orange,Yellow,Orange,95.08922352,307.9581511,80.16952024,NA,61.09806535,0,464.14544,5.027439024
90223,Orange,Orange,Orange,471.6788035,1337.977443,121.4496977,31.07556046,152.9887878,0,1962.645034,14.90045904
90224,Orange,Orange,Orange,142.5460977,261.4744802,36.08890821,NA,46.74052054,0,450.7610984,11.19514549
90225,Orange,Orange,Orange,545.961881,1481.009875,155.6755677,72.63566498,131.5274351,0,2158.499191,13.02048732
90226,Orange,Orange,Orange,462.3460064,1009.201593,112.7630264,60.36048601,143.9675849,0,1615.515184,13.04991225
90227,Orange,Orange,Orange,213.5436689,756.7916635,54.73466535,NA,105.6032147,0,1075.938547,17.72798511
90228,Orange,Orange,Orange,386.5970506,560.4656207,101.0154092,NA,167.8135017,0,1114.876173,9.375427761
90229,Orange,Orange,Orange,656.6360362,1445.668232,135.4027647,63.5193659,334.3157481,75.07857612,2511.698592,15.52630239
90230,Orange,Orange,Orange,1132.788008,3232.830356,195.8121897,127.7454495,138.4452986,0,4504.063663,22.29492643
90231,Orange,Orange,Orange,743.2742778,1728.3321,143.0989796,NA,316.4060323,87.94523074,2875.957641,17.27200561
90232,Orange,Orange,Orange,535.1789284,1902.321081,103.0750423,68.25532755,116.7371002,0,2554.23711,23.64781964
90233,Orange,Yellow,Orange,854.5806663,2235.292635,143.1827826,NA,195.5491721,0,3285.422473,21.57992215
90234,Orange,Orange,Orange,700.1955047,1536.19047,124.1098478,45.40402242,169.2502985,0,2405.636273,18.01940792
90235,Orange,Yellow,Orange,397.8123293,1083.424389,96.30044858,NA,304.5838927,44.25425781,1830.074868,15.38141036
90236,Orange,Orange,Orange,799.49969,3129.282714,181.0433572,59.51908121,382.1517363,95.07679476,4406.010934,21.70078188
90237,Orange,Orange,Orange,1181.213037,2226.754873,189.4499403,81.96175294,437.8342403,99.35241263,3945.154562,17.98875156
90238,Orange,Yellow,Orange,608.1765295,1064.389966,144.7218054,24.48538598,178.2251827,0,1850.791678,11.55711464
90240,Orange,Orange,Orange,412.1655685,1596.064666,81.45432247,NA,94.85332236,0,2103.083556,24.65467974
90241,Orange,Orange,Orange,246.4171808,643.9715285,65.99028499,NA,119.1349187,0,1009.523628,13.49272411
90242,Orange,Orange,Orange,200.7108413,540.6546545,51.04614328,NA,107.7271901,0,849.0926859,14.52343798
90243,Orange,Yellow,Orange,100.5630009,313.2435882,42.29297406,0,74.89713212,0,488.7037212,9.78428683
90244,Orange,Orange,Orange,319.2492786,890.2101434,100.8727665,59.96741914,102.4784968,0,1311.937919,11.98994995
90253,Orange,Orange,Orange,438.8795873,1285.12579,151.760352,91.74432729,NA,0,NA,11.36005126
90257,Orange,Orange,Orange,580.9714603,1841.079122,108.5903667,93.41310818,128.6000056,0,2550.650587,22.30447005
90263,Orange,Orange,Orange,307.7991492,963.6638446,119.6127171,NA,96.66512893,0,1368.128123,10.62983122
90264,Orange,Yellow,Orange,27.84561028,221.763719,103.4751784,NA,36.08326404,0,285.6925933,2.412262856
90268,Orange,Orange,Orange,388.2303372,1268.022293,113.7991089,NA,143.4005089,0,1799.653139,14.55417926
90269,Orange,Yellow,Orange,292.23851,764.4934897,122.2227713,54.42238291,124.1831927,0,1180.915192,8.64595025
90271,Orange,Yellow,Orange,93.44359067,294.7128173,50.25007745,NA,22.42953128,0,410.5859393,7.724493726
90272,Orange,Orange,Orange,58.48087185,223.5227338,NA,NA,0,0,282.0036057,NA
90273,Orange,Orange,Orange,353.7894506,710.8170902,96.16102962,50.25650587,63.40499096,0,1128.011532,11.07108093
90275,Orange,Orange,Orange,555.5485335,762.6341627,184.5582568,71.53862076,195.9492999,0,1514.131996,7.142366421
90276,Orange,Orange,Orange,438.9413672,947.2778583,126.241279,105.9017844,80.60777967,0,1466.827005,10.98071278
90277,Orange,Orange,Orange,360.4281555,924.1926981,154.4280981,59.04673949,138.6765726,0,1423.297426,8.318569417
90286,Orange,Yellow,Orange,255.9616726,911.8272218,130.7655406,NA,140.3122492,0,1308.101144,8.930402375
90287,Orange,Orange,Orange,256.3730942,845.3408544,119.8024969,65.23826451,109.7698748,0,1211.483823,9.196085032
90288,Orange,Orange,Orange,311.5458751,1002.234239,85.98007311,NA,263.0883681,0,1576.868482,15.28005346
90290,Orange,Orange,Orange,338.2827867,1507.209118,193.0626006,97.25984974,153.874884,0,1999.366789,9.559033699
90291,Orange,Orange,Orange,388.0796874,937.2320261,162.7121416,NA,143.6652403,0,1468.976954,8.145131032
90292,Orange,Orange,Orange,313.3505666,672.6610443,142.6154732,NA,199.9663925,0,1185.978003,6.913777227
90293,Orange,Orange,Orange,229.8686507,805.6088092,172.1733956,NA,181.292309,48.71644341,1265.486212,6.014154838
90294,Orange,Orange,Orange,135.4460951,426.5315461,47.81125181,30.0787393,86.02932397,0,648.0069651,11.75408758
90295,Orange,Orange,Orange,308.3535443,581.2645481,149.1221792,45.04587745,64.02397771,0,953.64207,5.965699382
90296,Orange,Orange,Orange,265.6347068,768.9866865,NA,NA,155.7489854,21.39155683,1211.761935,NA
90297,Orange,Orange,Orange,257.3595128,662.5600896,110.7413167,46.32933232,96.64179436,0,1016.561397,8.306923109
90302,Orange,Yellow,Orange,219.6325238,616.1762735,162.5879292,NA,62.34412803,0,898.1529253,5.14065713
90345,Orange,Orange,Orange,174.9602407,582.5165604,33.12014679,42.92761594,26.99923657,0,784.4760376,22.870575
90348,Orange,Orange,Orange,326.544156,605.0857035,63.20108809,23.42436727,172.3945766,0,1104.024436,14.74072501
90356,Orange,Orange,Orange,70.54996598,248.9167413,31.6091397,NA,0,0,319.4667072,10.10678273
90357,Orange,Orange,Orange,161.3471215,594.2120775,30.12091138,24.50576004,0,0,755.559199,25.08420776
90359,Orange,Orange,Orange,60.52450424,222.4686435,19.96026656,NA,0,0,282.9931477,14.17782408
90360,Orange,Orange,Orange,28.19794999,56.13681663,9.456990349,NA,0,0,84.33476662,8.917717319
90362,Orange,Orange,Orange,57.97160642,162.4294423,18.60119883,NA,0,0,220.4010487,11.84875505
90366,Orange,Yellow,Orange,153.6017956,450.8206209,69.78647382,NA,47.57582431,0,651.9982408,8.661025316
90367,Orange,Yellow,Orange,151.8203716,735.9854557,86.63790558,26.92478946,61.39199599,0,949.1978232,10.24731405
90371,Orange,Orange,Orange,180.7868724,517.1641104,58.29962928,NA,0,0,697.9509828,11.9717911
90378,Orange,Orange,Orange,78.21899892,377.4601846,29.59384778,NA,0,0,455.6791835,15.39776737
90384,Orange,Yellow,Orange,35.23127954,171.5446237,20.15902197,NA,0,0,206.7759032,10.25723885
90395,Orange,Orange,Orange,184.387601,574.5243411,51.49048508,NA,69.30379473,0,828.2157368,14.73887731
90397,Orange,Orange,Orange,182.5676109,451.7916742,NA,NA,0,0,634.3592851,NA
90400,Orange,Orange,Orange,208.8591614,780.0522674,68.54828381,28.12994484,117.7595968,0,1106.671026,14.42649435
90401,Orange,Orange,Orange,54.09941338,208.0016506,NA,NA,0,0,262.1010639,NA
90403,Orange,Orange,Orange,126.1908774,372.709068,37.52287221,NA,NA,0,NA,13.29588904
90410,Orange,Orange,Orange,104.0090326,381.8085036,64.82165224,7.646637235,192.351898,0,678.1694341,7.49467993
90411,Orange,Yellow,Orange,33.13840574,253.4753918,114.7856821,NA,123.2894627,0,409.9032602,2.496947288
90412,Orange,Orange,Orange,525.8912701,1015.936909,96.585871,52.96342685,68.83355643,0,1610.661736,15.96328908
90414,Orange,Orange,Orange,108.6531835,218.1386934,14.3052664,NA,0,0,326.7918769,22.84416577
90415,Orange,Orange,Orange,399.2659171,1458.301399,72.65162462,36.91431899,294.9818425,52.22067768,2204.769836,25.56814559
90419,Orange,Orange,Orange,435.1488352,1761.982031,77.72544297,72.70969036,272.1144084,0,2469.245274,28.26784618
90429,Orange,Orange,Orange,386.095734,1129.662669,127.0784359,NA,94.5730263,0,1610.331429,11.92773889
90433,Orange,Yellow,Orange,30.53479352,110.9083442,NA,NA,0,0,141.4431377,NA
90436,Orange,Orange,Orange,297.5494682,938.7746792,117.0829822,50.71857574,134.261113,0,1370.58526,10.55938382
90439,Orange,Yellow,Orange,195.0344243,652.8857347,77.53618417,20.85482274,204.5060928,0,1052.426252,10.93579943
90443,Orange,Yellow,Orange,303.0397805,675.9926856,109.6669815,82.42641328,242.0014622,0,1221.033928,8.927322086
90444,Orange,Orange,Orange,138.0020329,527.9363377,31.22910253,0,171.9364562,0,837.8748268,21.32428782
90447,Orange,Orange,Orange,264.6480418,825.5132649,41.55911404,13.96580325,109.8743424,0,1200.035649,26.23158197
90457,Orange,Yellow,Orange,313.485593,952.8914506,189.1797378,NA,93.21081832,0,1359.587862,6.694041647
90462,Orange,Orange,Orange,177.9893493,648.0195898,114.2597478,NA,127.6065183,0,953.6154573,7.229220747
90463,Orange,Orange,Orange,242.2886894,778.551573,42.7398254,NA,134.4327973,0,1155.27306,23.88498907
90465,Orange,Orange,Orange,404.6211257,1152.914358,73.6746992,NA,261.674481,0,1819.209964,21.14071045
90469,Orange,Orange,Orange,150.9177945,522.6439096,28.05907868,17.52855988,52.22314376,0,725.7848478,24.00512547
90471,Orange,Orange,Orange,154.8405047,413.9958571,34.77005201,30.47904006,35.13881818,0,603.97518,16.35995142
90473,Orange,Orange,Orange,205.6627156,638.3393729,61.52747649,NA,102.8733005,0,946.8753889,13.7174826
90474,Orange,Yellow,Orange,137.3427209,490.6274943,71.56123318,NA,NA,0,NA,8.775284986
90480,Orange,Orange,Orange,307.9889573,964.1540792,37.25732417,67.92406748,NA,0,NA,34.1447773
90483,Orange,Yellow,Orange,157.5687838,638.6810119,33.81466579,NA,63.73027721,0,859.9800729,23.54746904
90484,Orange,Orange,Orange,226.5314747,1074.640788,71.70071645,67.16547331,163.8251043,0,1464.997367,18.14727003
90485,Orange,Yellow,Orange,255.8964775,875.9650003,156.2429958,54.7361965,250.3170396,76.07520439,1458.253722,7.244238194
90486,Orange,Orange,Orange,349.6722112,782.9436634,62.44772689,57.90981555,105.6180955,0,1238.23397,18.13702325
90487,Orange,Yellow,Orange,424.4759253,1078.40649,109.1245314,66.81345684,147.2166237,0,1650.099039,13.77217749
90488,Orange,Orange,Orange,385.4523592,829.969094,98.27381509,56.7267999,109.6799683,0,1325.101421,12.36770397
90489,Orange,Yellow,Orange,457.8349826,1127.481573,142.9744315,63.24450328,238.2102687,43.89850551,1867.425329,11.08811232
90490,Orange,Orange,Orange,306.9105961,930.6107428,83.88419022,24.19128414,171.3791996,0,1408.900538,14.75273631
90491,Orange,Orange,Orange,473.6258452,1446.39451,112.5950901,88.8730893,148.2606774,0,2068.281032,17.05243411
90492,Orange,Orange,Orange,212.84445,680.6503464,71.04453826,36.40525441,68.42435137,0,961.9191477,12.57654449
90493,Orange,Orange,Orange,408.0205032,995.5955736,86.08493639,52.21189996,184.212862,0,1587.828939,16.30501381
90494,Orange,Orange,Orange,209.9628013,739.099603,43.25094863,NA,232.5207327,0,1181.583137,21.94315811
90495,Orange,Orange,Orange,346.3322739,1112.055366,97.2610143,NA,140.1601464,47.75896045,1646.306747,14.99457568
90496,Orange,Orange,Orange,274.6461847,529.620517,43.37739186,NA,64.80444735,0,869.071149,18.54114937
90497,Orange,Orange,Orange,267.2420001,606.2624436,54.09010129,NA,42.00784715,0,915.5122908,16.14906282
90498,Orange,Orange,Orange,214.6474363,430.124087,44.54087708,NA,88.65960861,0,733.4311318,14.47595031
90500,Orange,Yellow,Orange,261.5314185,480.4125471,107.3669491,NA,117.5193636,0,859.4633292,6.910357164
90502,Orange,Orange,Orange,338.3451004,941.4725933,122.1652249,52.55461577,207.855576,29.08197489,1516.755244,10.47612113
90503,Orange,Yellow,Orange,251.5012513,480.9040446,95.50095835,NA,150.7191135,0,883.1244093,7.669088441
90504,Orange,Orange,Orange,198.9140157,546.9394829,71.26849522,NA,173.821922,0,919.6754205,10.46540265
90509,Orange,Orange,Orange,41.90394605,535.3030419,116.7450535,NA,122.3242097,73.49630626,773.0275039,4.944166548
90510,Orange,Orange,Orange,984.0074241,2183.004517,301.2370665,111.7162547,380.256569,176.9617995,3724.230309,10.51335408
90511,Orange,Orange,Orange,245.4921115,779.4674594,70.5653197,49.13016114,49.55477544,0,1074.514346,14.52497594
90514,Orange,Orange,Orange,117.6361581,732.5839269,58.51382631,NA,122.2660277,0,972.4861127,14.53024249
90515,Orange,Orange,Orange,364.6181866,1166.160855,111.4931755,76.61076684,NA,0,NA,13.72980036
90516,Orange,Orange,Orange,152.2797006,399.5712327,44.5663663,NA,77.34510236,0,629.1960356,12.38267732
90517,Orange,Orange,Orange,248.4398614,430.1419342,63.90097951,NA,198.5394997,0,877.1212953,10.61927064
90518,Orange,Orange,Orange,263.5115778,1140.051688,64.22641437,57.29143835,253.1773327,0,1656.740598,21.85336484
90519,Orange,Orange,Orange,326.7425145,933.6391792,71.33650133,23.7739284,394.0644521,0,1654.446146,17.66811759
90520,Orange,Orange,Orange,310.5026788,1108.213955,121.2830596,81.4148739,176.3035581,0,1595.020192,11.69756633
90521,Orange,Orange,Orange,83.05543155,384.3462939,54.91919906,NA,112.6763571,0,580.0780825,8.510716351
90522,Orange,Orange,Orange,664.7175618,412.311188,48.24602449,37.7943999,186.1289559,0,1263.157706,22.32367871
90525,Orange,Orange,Orange,228.6652733,894.7329441,NA,NA,82.56322931,0,1205.961447,NA
90526,Orange,Orange,Orange,224.8759644,437.6221414,51.68980344,NA,66.88654967,0,729.3846554,12.81680451
90527,Orange,Orange,Orange,479.7882032,1325.152176,63.77970232,NA,146.2158888,0,1951.156267,28.29960494
90528,Orange,Orange,Orange,357.9573053,640.7535645,91.79769794,42.73902156,117.5153684,0,1116.226238,10.8794762
90529,Orange,Orange,Orange,177.4496342,626.3696761,68.20925343,NA,103.6973181,0,907.5166284,11.78460795
90530,Orange,Orange,Orange,256.8261137,668.1794595,62.36708493,37.47675302,113.7280406,0,1038.733614,14.83163073
90531,Orange,Orange,Orange,515.4875948,1049.527851,101.7188418,40.71278449,205.5629524,0,1770.578398,15.38569863
90535,Orange,Yellow,Orange,0,119.8851465,92.61203382,NA,69.84818334,0,189.7333298,1.294487785
90536,Orange,Orange,Orange,220.4598905,978.6414549,88.10294801,58.22282746,133.7963624,48.13672613,1381.034434,13.61022954
90537,Orange,Orange,Orange,564.1350605,1268.295535,136.7902161,NA,270.5258349,128.3651761,2231.321606,13.39591856
90538,Orange,Orange,Orange,119.7109294,542.6707823,64.25666716,NA,43.71500645,0,706.0967181,10.30837329
90539,Orange,Orange,Orange,625.8661521,1991.778817,131.4111995,82.07084977,235.4208027,143.4757233,2996.541495,19.91949682
90540,Orange,Yellow,Orange,283.4148909,462.7854174,55.17455457,NA,79.30547428,63.47038425,888.9761667,13.52435582
90541,Orange,Orange,Orange,305.2081367,1188.339945,92.95864884,83.16849445,76.35628903,68.4244101,1638.328781,16.06680067
90542,Orange,Orange,Orange,194.808618,549.1682462,51.91326961,30.69375608,32.7795279,42.33295856,819.0893506,14.3311502
90543,Orange,Yellow,Orange,80.02973078,260.4141918,28.45558092,NA,47.04714215,17.54233667,405.0334014,11.96404753
90546,Orange,Orange,Orange,512.2791411,1288.950332,161.9589388,71.5062962,134.8400436,114.7403133,2050.80983,11.12151936
90547,Orange,Orange,Orange,183.4733037,683.1529191,63.49629365,NA,59.91536452,38.03010276,964.57169,13.64845368
90548,Orange,Yellow,Orange,205.3459944,555.2811572,82.40031164,NA,137.5093805,42.64404986,940.7805819,9.230877122
90549,Orange,Orange,Orange,245.9872775,581.6606171,53.44530695,NA,160.0510304,87.28537506,1074.9843,15.48588532
90551,Orange,Orange,Orange,204.8806149,622.4974235,43.29684184,NA,58.97531337,0,886.3533518,19.10943162
90552,Orange,Yellow,Orange,114.0132246,398.1877395,34.54216064,NA,48.16133424,0,560.3622983,14.82828389
90553,Orange,Orange,Orange,157.16508,757.4221819,44.7628097,NA,46.74028885,0,961.3275507,20.43185555
90555,Orange,Orange,Orange,323.4038153,1205.47912,134.8070987,64.49367376,166.9257823,94.69657467,1790.505292,11.3412643
90556,Orange,Yellow,Orange,67.06793961,221.6259205,26.27014352,NA,65.3820503,0,354.0759104,10.98942836
90557,Orange,Orange,Orange,194.7953586,682.7534712,53.08981856,16.20330039,76.13923032,0,953.6880601,16.52951269
90558,Orange,Orange,Orange,466.0506056,1241.527883,71.37794573,54.84043744,215.5319582,0,1923.110447,23.92305454
90559,Orange,Yellow,Orange,118.2622443,449.8147517,35.71825486,NA,77.54346258,0,645.6204585,15.90438834
90560,Orange,Orange,Orange,374.4258226,1245.614122,77.44388764,45.83272517,112.9250553,21.4305066,1754.395506,20.91888713
90561,Orange,Yellow,Orange,141.6632303,227.2600342,49.15660181,NA,52.89216519,0,421.8154296,7.505060375
90562,Orange,Orange,Orange,658.34715,1646.977454,74.89191024,62.20651436,145.6645723,0,2450.989176,30.78202434
90563,Orange,Orange,Orange,393.0119925,632.8805346,69.73754771,NA,81.03150981,0,1106.924037,14.71076286
90564,Orange,Orange,Orange,262.0289281,1146.518912,49.82443253,30.10163617,69.27130882,0,1477.819148,28.27022342
90565,Orange,Orange,Orange,316.3812645,665.1704728,56.27288399,NA,40.40752048,0,1021.959258,17.44271251
90566,Orange,Orange,Orange,389.5164569,1220.950414,76.95486439,56.78947872,223.1639031,0,1833.630773,20.92742133
90567,Orange,Orange,Orange,293.2573365,921.0287452,97.81622532,39.63878124,180.9887544,34.09067145,1429.365507,12.41395359
90569,Orange,Orange,Orange,302.3207546,1614.581013,67.12199892,60.04220276,235.2091085,0,2152.110876,28.5584726
90570,Orange,Orange,Orange,651.6889509,1628.592783,164.0342775,101.4628261,187.2882798,43.62138684,2511.191401,13.90125143
90571,Orange,Orange,Orange,186.6208919,528.8389469,60.73870068,28.94285055,26.32458188,0,741.7844206,11.7793076
90572,Orange,Orange,Orange,137.2683528,547.8968145,59.49486428,NA,112.462777,39.82222884,837.450173,11.51637499
90573,Orange,Orange,Orange,132.0208079,397.7106598,32.57989171,NA,83.73257259,0,613.4640403,16.25946066
90574,Orange,Orange,Orange,146.675977,554.1437739,43.75870085,NA,45.54394584,0,746.3636967,16.01555205
90575,Orange,Orange,Orange,181.2592713,778.307125,52.05425345,49.68291202,67.55608939,0,1027.122486,18.43396712
90578,Orange,Orange,Orange,434.9975156,1310.192271,69.75680551,NA,169.9556302,0,1915.145416,25.01820107
90579,Orange,Orange,Orange,446.6136191,1117.018251,107.4728923,NA,284.0651385,111.0963651,1958.793374,14.54908151
90580,Orange,Orange,Orange,462.9621554,2610.966066,137.5424102,128.0003633,333.6106924,66.22592468,3473.764838,22.34894835
90581,Orange,Orange,Orange,143.7982797,567.1139693,32.11885291,NA,74.06972617,0,784.9819751,22.13379946
90582,Orange,Orange,Orange,172.2037154,458.9255655,30.90170724,NA,48.39828656,0,679.5275675,20.4237674
90583,Orange,Orange,Orange,431.8833885,1647.104744,107.5315326,61.10989667,439.5484444,58.62409012,2577.160667,19.33375339
90584,Orange,Orange,Orange,152.0702271,296.2556529,40.95845142,NA,33.03397911,0,481.3598591,10.94586989
90585,Orange,Orange,Orange,804.2050403,1376.552234,75.25850155,49.88221263,253.5287004,40.95969262,2475.245667,28.97688937
90586,Orange,Orange,Orange,372.142495,785.0409508,62.97165808,NA,180.020502,0,1337.203948,18.37625816
90587,Orange,Yellow,Orange,133.2398126,340.9819731,52.97948103,NA,61.72618595,0,535.9479716,8.951046263
90588,Orange,Orange,Orange,380.2379938,1095.244522,101.21919,NA,250.5956219,0,1726.078137,14.57710258
90589,Orange,Yellow,Orange,430.9596438,1547.215633,203.1988851,62.42316641,424.0908975,76.6880261,2478.9542,9.735167965
90590,Orange,Orange,Orange,267.1512,309.8832733,51.56085011,NA,151.8780076,0,728.9124809,11.1913297
90591,Orange,Orange,Orange,561.8545523,994.2424788,138.2775733,52.71105596,153.9486457,83.06752948,1793.113206,11.25343028
90592,Orange,Orange,Orange,748.1375161,1764.024149,166.107115,61.41386,453.4657565,51.97392966,3017.601351,15.12374509
90593,Orange,Yellow,Orange,146.427616,432.5466181,39.13308322,NA,91.79145646,0,670.7656905,14.79500685
90594,Orange,Orange,Orange,189.9334866,711.0228294,46.57284275,NA,109.4946536,0,1010.45097,19.34510034
90595,Orange,Orange,Orange,79.70441671,232.5356125,41.98297695,NA,16.96426639,0,329.2042955,7.437300827
90601,Orange,Yellow,Orange,268.2389547,598.7800904,73.83382975,42.59132894,150.906301,0,1017.925346,11.74284265
90602,Orange,Orange,Orange,413.0500642,1142.880987,46.55346055,NA,36.42870149,0,1592.359752,33.42245737
90603,Orange,Orange,Orange,445.1728993,1414.880583,60.55900336,57.2376645,58.10727054,0,1918.160753,30.71473074
90604,Orange,Yellow,Orange,182.9683574,640.0082295,53.25676161,17.382756,106.5774605,0,929.5540473,15.45299718
90606,Orange,Orange,Orange,582.4157128,1618.637238,146.278874,84.67144244,215.9901829,52.06724242,2469.110376,15.046964
90607,Orange,Orange,Orange,245.0064941,546.0325805,41.99733811,NA,69.76041606,0,860.7994906,18.83545744
90608,Orange,Orange,Orange,325.1341221,1118.017313,91.90543712,29.53528364,90.73711579,23.09785568,1556.986406,15.70256864
90609,Orange,Orange,Orange,152.053599,676.3817598,42.8333477,NA,42.73846683,0,871.1738256,19.34089683
90610,Orange,Orange,Orange,162.273038,619.709803,45.34143855,NA,39.92865853,0,821.9114995,17.24653796
90611,Orange,Orange,Orange,170.5815299,405.1529181,43.33312585,NA,47.3162553,0,623.0507033,13.28624319
90613,Orange,Orange,Orange,317.2208468,1080.719047,90.43991357,59.9277361,211.1144994,0,1609.054393,15.45711222
90614,Orange,Orange,Orange,281.3071532,911.2772677,75.83479808,NA,95.91062999,0,1288.495051,15.72608421
90615,Orange,Orange,Orange,627.6647367,969.9365009,152.7160476,116.7882554,322.6148195,51.11631148,1971.332368,10.46125317
90616,Orange,Orange,Orange,611.4547504,1056.495228,64.28351347,NA,104.0316927,0,1771.981671,25.94677683
90617,Orange,Orange,Orange,60.19301745,134.6809671,18.74968841,NA,28.9240848,0,223.7980693,10.3934519
90618,Orange,Orange,Orange,104.9643046,257.201956,27.7166498,NA,19.31687811,0,381.4831387,13.06674015
90619,Orange,Orange,Orange,166.130606,803.2644387,34.4277735,NA,107.0913517,0,1076.486396,28.15735513
90620,Orange,Orange,Orange,418.324866,1469.71402,114.8180816,81.54657669,229.5610757,73.85436515,2191.454326,16.44374178
90621,Orange,Orange,Orange,14.66124964,47.99055474,7.60773524,NA,0,0,62.65180438,8.23527665
90622,Orange,Orange,Orange,85.13934358,236.9286258,16.27157978,NA,34.18958989,0,356.2575592,19.79328213
90623,Orange,Orange,Orange,126.3820551,330.0344344,28.79519765,NA,52.03322127,0,508.4497108,15.85043781
90624,Orange,Orange,Orange,125.7865311,461.3172952,30.64537952,NA,50.73543139,0,637.8392576,19.15798843
90625,Orange,Orange,Orange,60.03146309,173.9382362,18.53448458,NA,43.19569783,0,277.1653971,12.62348021
90626,Orange,Orange,Orange,478.4813109,1171.762324,45.99312429,NA,38.28946054,0,1688.533095,35.88022472
90627,Orange,Orange,Orange,379.1615658,1450.76019,91.07907437,26.50563142,91.46047753,0,1921.382233,20.09157172
90629,Orange,Orange,Orange,88.31654246,320.5309882,25.86253373,NA,36.13515471,0,444.9826853,15.80848709
90630,Orange,Orange,Orange,94.19912825,391.9769971,27.08617529,NA,30.76849789,0,516.9446232,17.94923499
90631,Orange,Orange,Orange,59.18697299,177.4551835,18.56640368,NA,19.77178871,0,256.4139452,12.74571859
90632,Orange,Orange,Orange,26.65515346,125.2780269,9.306312258,NA,0,0,151.9331803,16.32582016
90633,Orange,Orange,Orange,56.52764874,303.1668234,18.54221664,NA,0,0,359.6944721,19.39867704
90634,Orange,Orange,Orange,165.4714051,518.2416355,32.23286939,NA,72.03219225,0,755.7452328,21.21167161
90635,Orange,Orange,Orange,172.8559074,577.1020271,42.09668721,NA,37.08159103,0,787.0395255,17.81512951
90636,Orange,Yellow,Orange,54.97508474,259.260849,16.48196905,NA,37.1111904,0,351.3471241,19.06543647
90637,Orange,Yellow,Orange,34.32147249,164.0298945,16.63293368,NA,0,0,198.351367,11.92521841
90639,Orange,Yellow,Orange,149.7075968,564.5760466,31.0808218,NA,130.8892145,0,845.1728579,22.98149155
90642,Orange,Orange,Orange,628.9877737,1948.88982,261.919884,94.55391866,183.6962091,92.50600535,2854.079808,9.842237079
90643,Orange,Orange,Orange,292.228903,1401.757989,68.88204374,NA,118.3107521,0,1812.297644,24.59257594
90644,Orange,Orange,Orange,282.8828522,691.1147713,67.16028847,NA,89.61502298,0,1063.612646,14.50258249
90645,Orange,Orange,Orange,367.7605496,777.7173653,178.5526175,48.72152926,129.4743856,44.30524391,1319.257544,6.415352129
90646,Orange,Orange,Orange,336.4230765,1041.862272,95.74608761,60.04766216,283.1242288,0,1661.409577,14.39521324
90647,Orange,Yellow,Orange,116.183669,382.3219384,59.83160465,NA,65.85629364,0,564.361901,8.331810759
90648,Orange,Orange,Orange,224.8686034,731.5118833,44.08281154,NA,77.3110314,0,1033.691518,21.69508825
90649,Orange,Yellow,Orange,315.39698,1483.649212,88.39905469,60.2674142,404.4048935,24.728977,2228.180063,20.3514189
90654,Orange,Yellow,Orange,35.65375794,182.7349467,43.65493434,NA,31.22849555,0,249.6172001,5.002612143
90656,Orange,Orange,Orange,393.6099448,995.9647512,NA,NA,171.3641875,0,1560.938883,NA
90658,Orange,Orange,Orange,278.9954874,845.8661187,66.49164682,61.87146949,88.00303037,0,1212.864636,16.91733714
90660,Orange,Yellow,Orange,39.5650214,491.6043433,NA,NA,50.10626055,0,581.2756252,NA
90662,Orange,Orange,Orange,85.72213247,772.5416681,248.1810607,140.9015382,455.1894557,133.4400629,1446.893319,3.458216345
90664,Orange,Orange,Orange,143.1728435,700.8872993,71.87992999,NA,27.30026581,0,871.3604086,11.74264002
90665,Orange,Orange,Orange,378.504267,1164.320978,58.39619034,22.54137441,337.9607937,0,1880.786039,26.41996398
90666,Orange,Yellow,Orange,110.916726,1102.5302,70.56492437,121.8670588,428.4600518,0,1641.906977,17.19617694
90669,Orange,Yellow,Orange,476.4919054,1843.325141,99.56851449,62.1244654,146.3189732,0,2466.13602,23.29870098
90670,Orange,Orange,Orange,200.0707089,841.6091795,59.20180698,NA,112.1371123,0,1153.817001,17.59540699
90671,Orange,Yellow,Orange,59.3225744,478.3972,130.7026728,NA,190.193219,0,727.9129934,4.114068694
90684,Orange,Orange,Orange,78.70716738,252.0916355,38.96937744,NA,39.86625518,0,370.665058,8.488685849
90686,Orange,Yellow,Orange,238.3826621,686.588246,100.4805216,NA,130.3666513,0,1055.337559,9.205474785
90687,Orange,Orange,Orange,228.0874464,632.8589675,58.24511582,NA,47.73282401,0,908.6792379,14.78143535
90688,Orange,Orange,Orange,266.5354892,1087.297159,83.87046412,NA,143.4244216,61.97287698,1559.229946,16.14194773
90689,Orange,Orange,Orange,278.822554,918.8290829,98.58933923,NA,169.7887731,0,1367.44041,12.14788177
90691,Orange,Orange,Orange,391.6464269,840.9590839,89.0537707,NA,136.5296482,0,1369.135159,13.84113779
90692,Orange,Yellow,Orange,39.28736749,146.2070673,19.86431231,NA,23.74660094,0,209.2410357,9.338074827
90693,Orange,Orange,Orange,344.6962403,1006.49517,83.98033893,NA,116.7648351,0,1467.956245,16.08937791
90694,Orange,Yellow,Orange,363.7733599,1088.859098,140.6162153,70.56622003,124.0319134,0,1576.664371,10.33047615
90695,Orange,Orange,Orange,381.2031394,764.1878218,138.8748484,NA,157.4049355,0,1302.795897,8.24764869
90696,Orange,Orange,Orange,323.4582543,1148.525512,119.1474796,53.51090804,302.2137813,0,1774.197548,12.3543005
90697,Orange,Yellow,Orange,229.5666013,803.4611855,71.74708503,NA,200.2806616,45.5465187,1278.854967,14.39818477
90700,NA,Orange,Orange,20.85279336,382.5266775,108.5558438,NA,167.0133109,56.29106817,626.6838499,3.715870622
90702,Orange,Orange,Orange,0,132.0656194,111.4487779,NA,47.02053868,0,179.0861581,1.184989391
90711,Orange,Yellow,Orange,814.3137989,1693.534729,103.984537,60.16852568,255.4705027,48.42518677,2811.744217,24.11751402
90712,Orange,Yellow,Orange,562.8020406,1345.033866,152.7239063,59.22441793,129.2020071,0,2037.037913,12.49205807
90713,Orange,Yellow,Orange,650.1951822,803.3931756,68.76765413,NA,82.59542804,0,1536.183786,21.1376755
90714,Orange,Yellow,Orange,390.2392011,1130.18396,125.3046207,56.19347555,140.8314754,0,1661.254636,12.1338156
90715,Orange,Orange,Orange,417.8867283,927.5402376,136.2118733,68.80432184,169.4963782,0,1514.923344,9.87745733
90716,Orange,Yellow,Orange,684.5998261,1328.265451,169.3089258,65.27590262,281.577857,59.27106584,2353.7142,11.88871329
90720,Orange,Orange,Orange,134.7415438,325.9039628,38.03971385,NA,86.88084841,0,547.5263549,12.10959442
90722,Orange,Orange,Orange,689.7464813,1576.688416,79.15324631,NA,179.4847696,43.43513223,2489.354799,28.63350529
90724,Orange,Orange,Orange,76.52670759,369.4995497,26.38364495,NA,NA,0,NA,16.90540705
90726,Orange,Orange,Orange,261.1106822,424.6638866,60.7720901,NA,35.1011351,0,720.8757039,11.28436701
90727,Orange,Orange,Orange,591.206969,1747.824149,103.9157615,74.87708617,218.0610032,77.8714222,2634.963543,22.50891573
90728,Orange,Yellow,Orange,701.772104,1310.021752,198.9980528,NA,46.21006773,0,2058.003923,10.10961578
90729,Orange,Orange,Orange,1210.889022,2723.44951,118.3824633,81.3442616,105.6736091,0,4040.012141,33.23413303
90731,Orange,Orange,Orange,451.7101933,1000.175898,56.85358653,NA,24.90309848,0,1476.78919,25.53728234
90732,Orange,Orange,Orange,575.039748,1080.495593,50.41792551,NA,118.0518475,0,1773.587188,32.83624472
90734,Orange,Yellow,Orange,313.4493312,1127.215585,166.3084387,NA,291.8758763,122.7202878,1855.26108,8.662608629
90735,Orange,Orange,Orange,1254.505282,2664.251456,119.3502697,100.6013657,188.885731,35.33194664,4142.974415,32.83408365
90737,Orange,Orange,Orange,806.7238916,2297.568665,127.0239573,NA,122.4493162,60.17633712,3286.91821,24.43863838
90740,Orange,Orange,Orange,415.6716261,1624.304961,116.8919082,97.06288833,138.6719763,39.15368717,2217.80225,17.45182039
90741,Orange,Orange,Orange,360.5211312,752.3017018,68.2024855,NA,69.70076795,0,1182.523601,16.3164557
90742,Orange,Orange,Orange,128.3398809,447.751035,28.4711698,NA,76.80158671,0,652.8925026,20.23418496
90743,Orange,Orange,Orange,676.4057434,1818.954799,174.0621206,77.95356149,179.3655674,109.6738274,2784.399937,14.33603437
90744,Orange,Orange,Orange,296.3706037,753.4653451,60.79769015,NA,184.6331448,41.80568624,1276.27478,17.26769465
90745,Orange,Orange,Orange,517.9089437,1270.589307,110.4329905,71.54373082,216.4966749,36.06301712,2041.057942,16.19532572
90746,Orange,Yellow,Orange,285.5997217,739.8530189,78.74896047,NA,137.8475079,0,1163.300248,13.021794
90747,Orange,Orange,Orange,231.2341161,580.4942515,44.60402189,NA,90.90251949,0,902.630887,18.19854652
90749,Orange,Orange,Orange,1081.22244,2393.743306,98.06189031,53.37458121,132.9777719,25.6619805,3633.605498,35.43645482
90751,NA,Orange,Orange,309.779587,1096.324141,71.1699146,58.45101495,469.2655869,0,1875.369314,19.75699613
90754,Orange,Orange,Orange,966.7120658,2107.911524,76.45006228,NA,79.8318372,0,3154.455426,40.21741118
90755,Orange,Orange,Orange,498.9774542,1582.266951,99.31092247,33.77100885,44.86696894,0,2126.111374,20.95685301
90756,Orange,Orange,Orange,884.1062757,1317.426963,109.2092008,53.46374545,112.2921098,49.32809785,2363.153446,20.15886229
90757,Orange,Orange,Orange,1127.513145,2165.623438,146.8589605,93.54790273,70.44209704,0,3363.57868,22.42380426
90758,Orange,Orange,Orange,346.0074253,1062.538365,77.15794912,NA,125.2620235,0,1533.807813,18.25535549
90759,NA,Orange,Orange,283.7557773,1652.94799,191.4077649,170.0968956,216.6151112,79.91336456,2233.232243,10.11820899
90760,Orange,Orange,Orange,1194.225109,2714.657524,154.9275538,92.05425629,387.0971152,169.1200922,4465.09984,25.23039019
90762,Orange,Orange,Orange,26.69931981,131.8820841,9.684274584,NA,0,0,158.5814039,16.37514535
90769,Orange,Orange,Orange,463.8387447,1746.660119,112.5396905,56.20359153,198.1183473,30.32587664,2438.943087,19.64194903
90770,Orange,Orange,Orange,450.7505184,1714.98538,73.20221377,74.83656657,144.3218195,0,2310.057718,29.58566124
90771,Orange,Orange,Orange,279.2778108,1064.371471,93.20214452,81.13291727,126.7063473,0,1470.355629,14.41650606
90772,Orange,Orange,Orange,0,37.1205776,7.54384789,NA,0,0,37.1205776,4.920642375
90773,Orange,Orange,Orange,313.3636115,816.7386087,93.26413026,22.23512906,73.34875008,0,1203.45097,12.11722253
90774,Orange,Orange,Orange,297.1718143,738.889926,95.72341039,NA,48.35016292,0,1084.411903,10.82349381
90775,Orange,Orange,Orange,415.6402392,1275.871527,87.91708112,59.19335114,127.1338435,0,1818.645609,19.23985356
90776,Orange,Orange,Orange,594.8495423,893.6547351,190.1671934,100.213316,154.0462763,74.32048021,1716.871034,7.827345247
90777,Orange,Orange,Orange,276.3473631,713.1260615,73.79844248,23.48934583,33.03857791,0,1022.512003,13.40778194
90778,Orange,Orange,Orange,304.2732793,890.8204243,73.11053833,55.30227548,36.213689,0,1231.307393,16.34639453
90779,Orange,Orange,Orange,355.313601,1047.699096,95.99968424,70.40642382,53.35981132,0,1456.372508,14.61476366
90782,Orange,Orange,Orange,353.1717863,1345.95899,117.7462611,78.67497775,52.09290618,16.32157441,1767.545256,14.43044357
90783,Orange,Orange,Orange,454.1848287,1791.487471,154.7003582,90.386483,39.19834478,0,2284.870644,14.51627085
90784,Orange,Orange,Orange,444.302475,1211.706861,76.81520478,60.95216477,63.3594103,0,1719.368746,21.55835346
90785,Orange,Orange,Orange,578.472193,1569.459923,176.0510473,127.0612302,310.7602424,0,2458.692358,12.20062106
90786,Orange,Orange,Orange,242.9871396,742.4215432,82.54381096,NA,232.3593144,0,1217.767997,11.93800809
90788,Orange,Orange,Orange,467.4454718,863.3115533,123.8916095,64.88947068,144.4527634,0,1475.209788,10.74130065
91581,Orange,Orange,Orange,955.7609288,2358.146652,195.9487067,92.14176498,158.0148178,12.05121751,3483.973616,16.91211765
91583,Orange,Orange,Orange,729.8530874,1850.480199,188.3142991,84.21767002,509.8502625,218.1593531,3308.342901,13.70226955
91585,Orange,Orange,Orange,759.4125232,1937.997487,95.97611819,86.45912742,102.7615452,0,2800.171555,28.10501259
