Sample.Name,PI,Alpha,Beta,Lutein,Lycopene,Phytoene,Zeta,Total,AB.Ratio,Year
80024,Ames 29182,52.50918318,145.4076196,34.63797542,NA,8.929309792,24.50006176,231.3461743,5.713867523,2018
80002,Ames 7701,37.12050703,65.94564055,48.30872341,NA,10.79385536,21.00615389,134.8661568,2.133489364,2018
80003,Ames 7702,57.0016745,99.94365565,17.64094385,NA,9.079328243,13.36672713,179.3913855,8.896651535,2018
80004,Ames 7705,189.3269981,287.9927533,32.24578853,NA,55.7360269,49.27824523,582.3340235,14.80254548,2018
80005,Ames 7706,34.82070567,75.95754415,6.072745556,NA,4.827272267,0,115.6055221,18.24187244,2018
80006,Ames 7711,186.2392583,273.0586535,47.20193663,NA,55.23352086,74.02509755,588.5565301,9.730488716,2018
80007,Ames 7713,196.4082094,137.9980369,29.012563,NA,8.335484951,9.141925745,351.8836569,11.52625662,2018
80008,Ames 7715,102.4962592,177.6113444,40.95608425,NA,19.9946241,29.42636684,329.5285945,6.839218366,2018
80047,NSL 199856,377.466946,532.2490698,46.08920429,8.989898536,24.95643258,52.62893027,987.3013787,19.73815842,2018
80048,NSL 199857,371.5431942,552.4493296,22.77946478,NA,24.44521331,21.25317365,969.6909107,40.56252124,2018
80049,NSL 199859,497.9424323,265.804542,49.19009796,NA,18.60137785,28.03731526,810.3856674,15.52643735,2018
80052,NSL 199865,63.24327248,127.3152534,13.78999878,5.204341705,5.89519639,0,196.4537222,13.81860354,2018
80053,NSL 199868,392.7905487,561.2916883,35.18187384,9.48562669,24.72226722,21.24208817,1000.046592,27.11857366,2018
80037,NSL 22994,149.6379537,240.2121543,29.54851549,NA,15.74816887,26.37659883,431.9748756,13.19355986,2018
80038,NSL 26501,119.2697967,240.9193758,50.46611225,NA,13.72755,45.64460758,419.56133,7.137248272,2018
80039,NSL 26502,165.3009654,295.9105097,NA,NA,10.55023669,33.66741866,505.4291304,NA,2018
80040,NSL 26503,3.739142695,9.391011,2.713491833,NA,NA,0,NA,4.838840322,2018
80041,NSL 32746,166.2820225,306.9946904,47.52295057,7.269721165,18.59880516,26.205627,518.0811451,9.958908427,2018
80042,NSL 34344,75.6734784,174.7336348,16.50364321,NA,6.834426894,17.17960056,274.4211406,15.17283851,2018
80043,NSL 34346,140.088984,143.0095445,7.119282571,NA,9.894361278,NA,NA,39.76503611,2018
80045,NSL 54098,68.32906089,71.12378377,5.397967337,NA,4.858797545,0,144.3116422,25.8343254,2018
80029,NSL 6162,61.76554517,122.0740253,41.41882264,NA,13.08308759,16.78898086,213.7116389,4.438551334,2018
80030,NSL 6166,89.44252109,170.3232031,37.16568667,NA,9.59640642,18.87880765,288.2409382,6.989396602,2018
80032,NSL 6172,143.0343741,323.2683598,36.34347205,NA,18.96064809,28.34188621,513.6052682,12.8304399,2018
80046,NSL 65838,156.1602469,169.3234325,31.28428617,NA,8.25995889,6.104484221,339.8481225,10.40406284,2018
80035,NSL 6619,111.2931886,245.6370693,32.37223161,NA,19.79276051,33.5647771,410.2877954,11.02581565,2018
80036,NSL 9333,145.3688912,359.9343391,50.10642277,NA,42.08957927,51.42830157,598.821111,10.08459998,2018
80063,PI 164461,26.63997928,47.04592857,15.71971991,NA,0,0,73.68590784,4.687482236,2018
80069,PI 165051,12.24345224,28.42895562,11.96588165,NA,0,0,40.67240786,3.399031435,2018
80071,PI 165522,16.10974304,24.08989405,6.075845308,NA,0,0,40.19963709,6.616303584,2018
80077,PI 169482,49.50660204,89.24484066,7.926652704,NA,0,0,138.7514427,17.50441805,2018
80080,PI 169485,90.65989116,80.61083221,43.21133174,NA,0,0,171.2707234,3.963560401,2018
80084,PI 169489,25.19943588,28.29494401,14.44950147,NA,0,0,53.49437989,3.702160937,2018
80111,PI 175719,21.2886112,74.7494214,26.77289328,NA,0,0,96.0380326,3.58713687,2018
80142,PI 181766,35.33375179,144.1019257,63.189139,NA,NA,10.98023818,NA,2.839660112,2018
80150,PI 187234,247.6043898,459.1574321,92.52142098,NA,45.39685191,96.30852089,848.4671947,7.638899343,2018
80151,PI 187235,134.543135,285.8018977,36.01717135,NA,14.89574296,24.3699588,459.6107345,11.6706842,2018
80152,PI 187236,144.1381904,393.3757569,53.47372842,NA,19.58980788,39.25506308,596.3588183,10.05192574,2018
80153,PI 187237,28.90242564,65.5813641,22.793722,NA,0,0,94.48378973,4.145167242,2018
80154,PI 193504,228.1237963,353.0838148,58.19779069,13.74733801,8.804919617,18.57176963,608.5843003,9.986764174,2018
80155,PI 196847,15.18268583,37.52782722,26.59345942,NA,0,0,52.71051305,1.982085603,2018
80162,PI 205997,90.43716138,251.6271,57.6116187,NA,6.301519465,0,348.3657808,5.93741799,2018
80163,PI 205998,139.8493831,183.1578686,36.89424913,2.707291442,0,0,323.0072517,8.754948517,2018
80164,PI 205999,70.73807428,137.7060164,69.54013992,NA,0,0,208.4440906,2.997464355,2018
80183,PI 222250,93.66843513,298.3384192,113.1026489,NA,0,0,392.0068543,3.465938758,2018
80191,PI 224689,94.656376,119.6390833,35.44316945,NA,13.52335292,0,227.8188122,6.046170886,2018
80192,PI 225866,372.9226049,598.595195,120.0263532,27.50390183,70.08947004,49.2158586,1090.823129,8.094204101,2018
80194,PI 225867,231.5393953,329.020149,67.49440802,NA,0,0,560.5595443,8.305273884,2018
80196,PI 225869,232.660856,270.0277919,33.60589441,NA,0,0,502.6886479,14.95834754,2018
80197,PI 225870,385.1230492,579.7567891,101.0759989,NA,40.2496571,84.52679945,1089.656295,9.546082643,2018
80198,PI 225871,19.03602508,36.32683126,8.132453457,NA,0,0,55.36285633,6.807645027,2018
80199,PI 225872,53.63198653,95.6629399,17.16650916,NA,0,0,149.2949264,8.696871628,2018
80200,PI 225937,64.69980175,166.0309814,88.6322208,NA,0,0,230.7307831,2.603238202,2018
80201,PI 226043,627.6969058,625.3200691,192.7990241,NA,45.52441989,0,1298.541395,6.499083596,2018
80203,PI 226310,159.3210816,256.9038464,63.63765841,NA,32.73273045,0,448.9576585,6.540544363,2018
80209,PI 230723,144.6716794,324.0296497,297.9489963,NA,29.99968099,30.08265035,528.7836604,1.573092492,2018
80211,PI 234619,406.7951102,858.5919192,116.6224682,34.68973121,21.44818493,36.79459455,1323.629809,10.8502851,2018
80212,PI 234620,23.45264395,27.28679406,24.78008199,NA,0,0,50.739438,2.047589594,2018
80213,PI 234621,209.7341257,381.6831181,78.71162835,NA,16.53966653,0,607.9569102,7.513721366,2018
80224,PI 261614,63.60331125,151.1509117,27.07020772,NA,10.95028865,0,225.7045116,7.933231439,2018
80227,PI 261647,13.32820641,15.05394415,3.162846839,NA,0,0,28.38215056,8.973608905,2018
80229,PI 261649,123.8539098,352.5728857,77.16344442,8.168665276,34.80729159,67.05436427,578.2884513,6.174255167,2018
80230,PI 261650,30.0522346,55.63522322,7.458718064,NA,0,0,85.68745781,11.48822855,2018
80231,PI 261781,39.55932161,100.7649661,10.43773794,NA,0,0,140.3242877,13.44393665,2018
80232,PI 261782,384.0376411,535.4185778,48.78750274,11.89479439,33.09459169,38.92278789,991.4735984,18.8461423,2018
80235,PI 263019,192.0112617,160.7732298,65.21897708,NA,24.61260035,28.59139034,405.9884821,5.409230675,2018
80236,PI 263022,89.51225007,205.3027643,59.86569437,NA,16.18303762,32.07429414,343.0723461,4.924606946,2018
80237,PI 263023,422.4791454,626.7834382,147.6971409,NA,NA,29.49365587,NA,7.104149594,2018
80238,PI 263024,55.13548646,32.10998166,10.79890965,NA,0,0,87.24546812,8.079099741,2018
80240,PI 264232,6.797532598,9.037065614,3.717472885,NA,0,0,15.83459821,4.259506041,2018
80242,PI 264234,216.3921277,523.9998678,100.4499572,12.93304634,19.55894129,18.94662747,778.8975642,7.37075471,2018
80271,PI 276325,35.32563124,41.28378007,11.705463,NA,0,0,76.60941131,6.544757034,2018
80272,PI 277285,124.3887589,178.3080524,45.20826454,NA,7.853297977,17.32598479,327.876094,6.695607858,2018
80273,PI 277668,10.52881021,9.208268163,4.65484241,NA,0,0,19.73707837,4.240117416,2018
80275,PI 277709,34.02257791,25.35309828,5.511188984,NA,0,0,59.37567619,10.77365998,2018
80276,PI 277710,395.401285,457.9533418,53.42926639,NA,16.23671817,13.48707947,883.0784244,15.97167029,2018
80277,PI 277711,76.92833989,196.0015819,28.30134861,NA,0,0,272.9299217,9.643707284,2018
80287,PI 284700,290.9811948,469.4557176,89.08335326,13.22941306,NA,12.97793962,NA,8.536240325,2018
80288,PI 284701,88.85734942,182.4854454,48.69443927,NA,NA,23.42235066,NA,5.572356903,2018
80290,PI 284773,16.96081145,49.78662911,12.05385768,NA,0,0,66.74744056,5.537433936,2018
80291,PI 285612,70.8097887,258.4219213,99.69111827,NA,NA,15.86332752,NA,3.302517974,2018
80292,PI 285613,16.20046158,53.34840648,4.44178087,NA,0,0,69.54886806,15.65787915,2018
80293,PI 285614,66.73375658,220.7427256,34.68278725,NA,0,0,287.4764822,8.288736431,2018
80294,PI 285615,305.9462318,466.9042262,91.26004516,NA,18.14769796,19.03229677,810.0304527,8.468661797,2018
80295,PI 285616,32.80312552,61.43825393,10.7756665,NA,0,0,94.24137944,8.745758737,2018
80302,PI 285623,30.64878741,127.0607045,21.04882374,NA,0,0,157.7094919,7.492556062,2018
80348,PI 325991,205.4018739,313.4113714,51.71379525,NA,8.52820522,0,527.3414504,10.03239547,2018
80356,PI 325998,85.53351534,243.7331017,170.8768039,NA,0,0,329.266617,1.926924016,2018
80357,PI 325999,33.38260612,90.67772837,16.85023853,NA,0,0,124.0603345,7.362526905,2018
80359,PI 326001,62.14223127,137.6472284,33.04902672,NA,0,0,199.7894597,6.045244884,2018
80360,PI 326002,129.2312782,126.6691499,25.32774069,NA,6.085633955,0,261.986062,10.10356317,2018
80366,PI 326009,140.7138639,352.8715775,80.58234144,13.01572295,0,NA,NA,6.12523082,2018
80367,PI 326010,424.0172241,699.3706954,105.6856129,18.84590107,16.20370406,0,1139.591624,10.62952553,2018
80371,PI 326014,224.9136963,436.1952122,143.1243781,NA,7.638482817,39.16313509,707.9105264,4.619121617,2018
80378,PI 341206,207.8431038,494.9021057,96.32310232,12.00518761,0,17.12089073,719.8661001,7.295707805,2018
80384,PI 344360,78.88479164,164.4810647,57.29693195,NA,18.02152997,17.31431891,278.7017052,4.247450047,2018
80397,PI 357980,25.58360209,45.71122891,14.02851202,NA,0,0,71.294831,5.082137785,2018
80401,PI 357984,36.29808476,72.0016091,25.61315282,NA,0,0,108.2996939,4.228284375,2018
80403,PI 357986,74.32692266,179.4066336,27.74038095,NA,0,0,253.7335563,9.146722127,2018
80414,PI 378883,11.26982944,16.77008897,11.94678445,NA,0,0,28.03991841,2.347068244,2018
80419,PI 379420,144.0802895,239.3247168,26.34945903,NA,13.70647919,0,397.1114855,14.55077336,2018
80429,PI 419184,23.67236351,45.59466351,4.425600087,NA,0,0,69.26702702,15.65144289,2018
80436,PI 430530,180.562861,447.0082164,177.7060446,NA,33.84496107,84.3014239,745.7174624,3.531512272,2018
80447,PI 432904,18.51939219,22.60111655,13.10105473,NA,0,0,41.12050873,3.138717422,2018
80463,PI 458858,185.6370468,409.3373731,95.73187833,NA,25.96449726,74.22194337,695.1608605,6.215008316,2018
80465,PI 458860,16.8657562,22.71312083,9.095745038,NA,0,0,39.57887703,4.351361748,2018
80473,PI 502239,413.9977372,685.6058394,89.74559522,31.02027088,12.18163465,49.75264012,1161.537851,12.25245177,2018
80480,PI 502914,41.82797865,69.56129755,13.71373241,NA,0,0,111.3892762,8.122462427,2018
80483,PI 502916,29.44445815,78.99668896,8.790732719,NA,0,0,108.4411471,12.33584851,2018
80484,PI 502917,87.30158917,230.0641153,30.36026963,NA,17.97985566,19.24626541,354.5918255,10.45332299,2018
80485,PI 502918,70.13850208,209.8255383,43.73475122,NA,15.8946415,35.73194809,331.5906299,6.401409235,2018
80486,PI 502919,13.72629178,38.50299404,5.083918436,NA,0,0,52.22928581,10.27343111,2018
80487,PI 502920,36.40941015,64.63067044,15.03091878,NA,0,0,101.0400806,6.722149329,2018
80490,PI 503344,12.37280095,46.8334447,10.24095886,NA,0,0,59.20624565,5.781318574,2018
80491,PI 503345,188.3250675,438.3668301,82.48662917,14.18714037,21.6215576,33.43264834,681.7461035,7.597496756,2018
80492,PI 506444,6.631116122,23.33904057,5.322347275,NA,0,0,29.97015669,5.631003605,2018
80493,PI 506445,312.9194325,424.0511294,136.4419891,NA,14.66287206,18.4596592,770.0930931,5.401347246,2018
80494,PI 508470,17.99880042,12.78983686,4.078305557,NA,0,0,30.78863728,7.549369916,2018
80547,PI 632392,266.9949183,414.0564489,68.65506511,NA,0,0,681.0513672,9.919899807,2018
80549,PI 632394,618.0779988,974.2313632,116.9738909,NA,30.25826587,36.45663097,1659.024259,13.61251943,2018
80551,PI 634649,364.5817723,589.5905909,61.59308578,27.03904879,12.74271283,0,966.915076,15.49154992,2018
80555,PI 634653,234.8783745,734.4983811,163.9418505,NA,16.43256147,35.53992248,1021.349239,5.912930426,2018
80556,PI 634654,248.631556,177.3466419,15.87089748,NA,0,0,425.9781979,26.84020853,2018
80559,PI 634657,83.2536806,225.2454295,17.87016104,NA,0,0,308.4991101,17.26336485,2018
80560,PI 634658,13.28542797,28.06862805,4.633065458,NA,0,0,41.35405602,8.925851878,2018
80561,PI 642755,284.0873606,371.3688265,104.3159627,NA,0,0,655.4561871,6.283373801,2018
80562,PI 642756,434.2104749,709.393278,60.62719637,NA,42.10666609,32.12854777,1217.838967,18.86288368,2018
80563,PI 642757,82.05961883,166.5641629,118.8025329,NA,7.321049144,17.36478249,273.3096133,2.092748156,2018
80564,PI 642758,438.1998159,900.1769772,85.70186926,46.7359039,39.98070827,38.8716463,1417.229148,15.61665813,2018
80565,PI 642759,272.6090003,448.0963127,95.9694355,NA,21.15102756,NA,NA,7.509737961,2018
80569,PI 643115,342.3252512,703.1508256,53.10057594,27.63204587,16.80002789,NA,NA,19.68860146,2018
80570,PI 643116,387.1660762,517.1679157,147.6011137,15.68277045,NA,28.96981148,NA,6.126877836,2018
80571,PI 643117,228.8570689,441.0135887,99.08545162,NA,11.69082367,0,681.5614812,6.760534938,2018
80572,PI 643118,383.7507291,617.1017699,57.79265248,NA,26.62015044,0,1027.472649,17.31798864,2018
80574,PI 643120,8.594896057,28.85966366,NA,NA,0,0,37.45455971,NA,2018
80581,PI 652124,481.9921769,830.1825167,NA,NA,0,0,1312.174694,NA,2018
80582,PI 652125,8.550507192,11.921736,3.847665876,NA,0,0,20.47224319,5.320691518,2018
80587,PI 652130,8.099701712,20.92779997,10.13809624,NA,0,0,29.02750168,2.863210311,2018
80588,PI 652131,188.3175345,352.218454,22.36040317,NA,0,0,540.5359885,24.17380333,2018
80590,PI 652133,120.1373866,187.7803389,27.01935527,NA,0,0,307.9177255,11.39619071,2018
80591,PI 652134,91.19366153,188.9956309,62.56821354,NA,13.69230861,0,293.881601,4.478141161,2018
80592,PI 652135,361.9811147,490.0497707,36.01328105,13.24707024,41.43219731,0,893.4630827,23.65879644,2018
80593,PI 652136,301.7703775,371.920709,27.86430933,10.21012365,0,0,673.6910864,24.17756272,2018
80594,PI 652137,630.4506027,820.1827975,NA,NA,18.06274894,0,1468.696149,NA,2018
80603,PI 652148,54.31617573,81.98207458,9.01195229,NA,0,0,136.2982503,15.12416466,2018
80604,PI 652149,139.5196017,392.4476355,81.2033259,13.66893446,NA,0,NA,6.551052328,2018
80606,PI 652152,93.36456017,198.9791883,56.44898307,NA,0,0,292.3437485,5.17890195,2018
80607,PI 652153,25.65413297,31.22682434,5.349459011,NA,0,0,56.88095731,10.63302984,2018
80608,PI 652154,88.49051371,150.2593247,23.13658659,NA,0,0,238.7498384,10.31914701,2018
80611,PI 652156,174.6802987,601.0580567,84.71421807,NA,25.29643652,19.52268014,820.5574721,9.15712112,2018
80613,PI 652158,31.58647039,74.73445832,39.97172394,NA,0,0,106.3209287,2.659903508,2018
80614,PI 652159,104.7574163,327.302541,41.0019857,9.266326129,0,0,432.0599573,10.53753739,2018
80616,PI 652161,442.4068025,597.4971649,76.6838031,19.56876282,0,34.00408864,1073.908056,13.56093367,2018
80618,PI 652163,252.4017485,458.2966578,59.78879598,NA,0,22.60390467,733.3023109,11.88681582,2018
80620,PI 652165,283.8861036,371.2440363,46.47984873,NA,17.5077066,0,672.6378465,14.0949284,2018
80622,PI 652167,163.690456,318.9696755,41.41812775,9.487382848,0,0,482.6601314,11.65335464,2018
80623,PI 652168,78.56267497,133.3184892,169.8806927,NA,0,0,211.8811642,1.247235109,2018
80625,PI 652170,65.04952918,207.4296618,32.74354469,NA,0,0,272.4791909,8.321615558,2018
80626,PI 652171,555.4345021,1065.599333,84.02287809,NA,33.18775766,77.59314351,1731.814736,19.2927673,2018
80627,PI 652172,45.33194881,107.7939996,8.871287809,NA,0,0,153.1259484,17.26084777,2018
80629,PI 652174,48.9008788,143.4269857,27.80044736,NA,0,0,192.3278645,6.918157181,2018
80630,PI 652175,371.6267766,556.5807852,57.34501761,40.57624969,18.97365443,0,947.1812162,16.18636807,2018
80631,PI 652176,112.5940811,276.2893506,79.24085191,NA,29.48395703,54.96208691,473.3294756,4.907612959,2018
80632,PI 652177,56.5806663,134.2955998,30.92813479,NA,0,0,190.8762661,6.171606125,2018
80633,PI 652178,311.7889845,518.5159323,57.31044438,22.0468374,40.47433008,22.97189862,893.7511455,14.48784643,2018
80634,PI 652179,89.51704819,189.9751152,100.5048932,NA,34.97948776,48.34610161,362.8177528,2.780881155,2018
80635,PI 652180,51.21090705,101.5788526,35.58097941,NA,0,0,152.7897596,4.29414148,2018
80636,PI 652181,12.00527582,17.38179891,4.126388092,NA,0,0,29.38707473,7.12174281,2018
80637,PI 652182,55.3176732,145.5522507,93.56620168,NA,0,NA,NA,2.146821398,2018
80639,PI 652188,25.58278021,31.90709374,4.420806133,NA,0,0,57.48987395,13.00438703,2018
80642,PI 652200,54.01089242,135.6089784,46.41681232,NA,0,0,189.6198708,4.085154955,2018
80646,PI 652204,126.3067985,192.4762783,52.72279468,NA,0,0,318.7830768,6.046399451,2018
80649,PI 652207,92.90509416,169.5614517,17.97569063,0,0,0,262.4665459,14.60119398,2018
80656,PI 652216,967.1478078,1062.274381,120.4926292,19.3376291,64.29782759,47.18730078,2140.907317,16.84270816,2018
80658,PI 652231,0,11.26828601,4.01743205,NA,0,0,11.26828601,2.80484794,2018
80666,PI 652248,18.21288925,16.51546758,6.027772965,NA,0,0,34.72835683,5.761390987,2018
80670,PI 652254,47.80634276,427.9758799,122.0230399,NA,13.55307114,0,489.3352937,3.899117929,2018
80686,PI 652277,42.87703458,58.83782934,17.13722185,NA,0,0,101.7148639,5.935318152,2018
80692,PI 652283,122.2671343,249.8834023,35.42224972,NA,NA,0,NA,10.50612368,2018
80693,PI 652284,195.5910425,366.8241792,171.5532669,NA,21.05256161,29.94617844,613.4139617,3.278370806,2018
80695,PI 652286,91.39212417,178.6484353,95.66570869,NA,0,0,270.0405594,2.822751884,2018
80711,PI 652400,62.06207722,58.36041103,28.49950793,NA,0,0,120.4224883,4.22542342,2018
80712,PI 652401,687.8535112,703.0624511,130.5143398,NA,0,0,1390.915962,10.65718882,2018
80714,PI 652403,107.5110818,129.9386455,39.44890649,NA,0,0,237.4497273,6.019171339,2018
80033,Seminis 397694,128.9307762,171.2995789,17.47463053,5.147324195,6.802129655,0,307.0324847,17.18092721,2018
80719,Seminis 397694,331.7499887,614.417256,54.00665116,NA,13.27292792,0,959.4401726,17.51945778,2018
80065,Vilmorin I04428,107.5194991,104.0323155,10.62061893,NA,5.009172781,0,216.5609873,19.91897234,2018
80723,Vilmorin I04428,392.7093711,709.4055258,68.30773498,16.72942804,23.83803891,58.99421418,1184.94715,16.13455485,2018
80771,W133B,34.12921809,71.54644963,6.402704228,NA,0,0,105.6756677,16.50484919,2018
80773,W255B,13.82623821,27.44469388,5.350826516,NA,0,0,41.27093209,7.713001339,2018
80774,W259B,14.42112027,13.99091916,4.298116306,NA,0,0,28.41203943,6.610346815,2018
80783,W278B,478.2809524,735.8948238,86.11518,50.05522048,12.42551734,0,1226.601293,14.09943957,2018
80784,W279B,52.3480382,81.17500045,11.82125644,NA,0,0,133.5230387,11.29516472,2018
80786,W281C,395.6803148,930.2543815,73.81690695,NA,14.64783983,0,1340.582536,17.96247975,2018
80788,W285B,699.3168034,944.1275954,152.0194604,56.45702862,30.48041308,63.14670615,1737.071518,10.81075011,2018
90024,Ames 29182,187.8265118,679.7612704,49.77633809,0,76.8868796,0,944.4746618,17.42972295,2019
90002,Ames 7701,611.9940507,1219.299988,97.06455139,47.4668498,92.35847118,0,1923.65251,18.86676457,2019
90003,Ames 7702,150.4932993,317.0559409,42.65803351,0,39.57637956,0,507.1256198,10.96040304,2019
90004,Ames 7705,768.6158112,1605.396379,69.0279498,59.14013328,167.2237013,0,2541.235892,34.3920426,2019
90005,Ames 7706,392.8818481,1467.215777,86.9699011,68.00892644,180.1640624,0,2040.261688,21.3878319,2019
90006,Ames 7711,584.4175655,1277.534902,178.6471331,71.31943308,232.5132284,30.03557638,2124.501272,10.42251524,2019
90007,Ames 7713,594.423525,1218.880783,152.5662966,63.12176503,211.0511807,0,2024.355489,11.88535311,2019
90008,Ames 7715,287.7148752,781.4970917,82.8121441,0,106.7821425,0,1175.994109,12.91129433,2019
90047,NSL 199856,1195.415791,1515.422185,48.02116275,78.74448035,320.6349528,0,3031.472929,56.45090249,2019
90048,NSL 199857,282.6862811,413.3016032,31.48920967,13.72240204,14.5208122,0,710.5086965,22.10242466,2019
90049,NSL 199859,322.7541271,835.9404862,111.7860467,43.40672037,54.29674939,0,1212.991363,10.3652884,2019
90052,NSL 199865,166.9626062,501.3765617,71.94529557,23.17518255,70.73125323,0,739.0704211,9.28954649,2019
90053,NSL 199868,165.871747,292.0665196,102.0742893,6.49722633,0,0,457.9382666,4.486323341,2019
90037,NSL 22994,174.586169,685.3575004,59.86165959,52.52155809,26.93640893,0,886.8800783,14.36551668,2019
90038,NSL 26501,35.41904095,110.5083012,24.73525653,0,26.50968298,0,172.4370251,5.899568576,2019
90039,NSL 26502,531.0446969,1141.824009,96.30116996,59.86522727,170.1964342,0,1843.06514,17.37121892,2019
90040,NSL 26503,140.3121403,653.9294786,29.57157257,28.41031447,41.75618981,0,835.9978087,26.85828145,2019
90041,NSL 32746,114.8304538,486.8082544,34.82805842,0,98.07771684,0,699.716425,17.27454057,2019
90042,NSL 34344,447.8479898,1194.160647,44.13106701,25.66048357,125.7688705,40.86560605,1808.643113,37.20754444,2019
90043,NSL 34346,760.7506271,1181.107416,56.69561733,35.06062846,152.6769038,0,2094.534947,34.25058469,2019
90045,NSL 54098,1107.654802,2028.478994,106.6069762,75.29862645,173.1442992,0,3309.278095,29.41771644,2019
90029,NSL 6162,660.1383943,1375.730556,141.4912231,72.72325878,89.60555326,0,2125.474504,14.38865893,2019
90030,NSL 6166,530.9258643,1095.953575,82.60147456,45.51288619,52.12827832,0,1679.007718,19.69552539,2019
90032,NSL 6172,392.4812574,1202.594725,67.4392743,52.27149264,145.0313849,0,1740.107367,23.65203361,2019
90046,NSL 65838,420.1310233,1498.562004,71.1377493,42.56564345,195.8337908,0,2114.526818,26.97151718,2019
90035,NSL 6619,442.9870107,635.1772195,116.4282123,39.36752782,65.94862088,0,1144.112851,9.260334836,2019
90036,NSL 9333,246.3921103,809.2373769,50.05777356,41.4534157,71.51039662,0,1127.139884,21.08822291,2019
90063,PI 164461,228.0218477,602.4151347,102.3000506,23.7004044,97.54115128,0,927.9781337,8.117659547,2019
90069,PI 165051,223.1433237,365.6699401,138.202468,11.81286345,87.12811211,0,675.9413759,4.260511931,2019
90071,PI 165522,46.10216849,139.8514286,20.26405297,6.349671874,22.69286857,0,208.6464657,9.176525415,2019
90077,PI 169482,411.9475744,817.2851174,79.27349818,52.62241378,81.29549176,0,1310.528184,15.50622491,2019
90080,PI 169485,440.8308094,596.623218,116.5687538,0,76.76307378,0,1114.217101,8.899932388,2019
90084,PI 169489,46.40856381,130.2407106,67.49571984,0,0,0,176.6492744,2.617192243,2019
90111,PI 175719,205.8577721,646.4378714,53.42591864,33.25430979,56.54685071,0,908.8424942,15.95284958,2019
90142,PI 181766,31.04334543,88.27151825,NA,NA,0,0,119.3148637,NA,2019
90150,PI 187234,481.0582908,1394.11139,112.5872493,NA,239.3041609,0,2114.473841,16.65525797,2019
90151,PI 187235,344.5136962,1316.732265,134.8261601,90.67987043,107.1090521,0,1768.355013,12.32139193,2019
90152,PI 187236,170.7544409,803.1836577,75.30984124,NA,103.3783601,0,1077.316459,12.93241471,2019
90153,PI 187237,489.9635903,1503.737478,105.0571749,95.87906734,84.19063222,0,2077.8917,18.97729565,2019
90154,PI 193504,588.8198969,1127.379432,162.8204194,114.8932818,91.41324769,0,1807.612576,10.54044287,2019
90155,PI 196847,66.44383914,188.8798586,NA,NA,0,0,255.3236977,NA,2019
90162,PI 205997,531.754549,1372.725822,121.603506,86.08252659,110.2378378,0,2014.718208,15.6613936,2019
90163,PI 205998,284.3213115,733.8026161,98.32619396,NA,89.17556327,0,1107.299491,10.35455443,2019
90164,PI 205999,892.0741433,2516.53717,194.0960678,68.68961359,347.2029711,33.93628254,3789.750566,17.56146506,2019
90183,PI 222250,355.0469681,1202.015736,109.3777765,63.65306935,113.9719358,0,1671.034639,14.23564049,2019
90191,PI 224689,1207.798833,2213.054844,151.0211217,63.76104757,151.8752414,0,3572.728918,22.65149166,2019
90192,PI 225866,614.9395572,2047.680012,102.0932213,80.8159921,176.0480296,0,2838.667598,26.08027776,2019
90194,PI 225867,821.6688981,1689.227842,84.97626684,49.97274347,71.19521931,0,2582.091959,29.54821191,2019
90196,PI 225869,365.8374182,871.3987037,75.27705969,NA,43.41246129,0,1280.648583,16.43576578,2019
90197,PI 225870,366.0660821,1382.093619,79.02899336,29.96020069,176.8089903,0,1924.968691,22.12048549,2019
90198,PI 225871,264.2404335,870.9187171,49.56449062,NA,101.6259848,0,1236.785135,22.90266956,2019
90199,PI 225872,187.3385609,675.138572,77.17058389,NA,100.1594875,0,962.6366204,11.17624216,2019
90200,PI 225937,211.9570633,709.9307772,53.33695305,37.76898996,96.87683759,0,1018.764678,17.28422394,2019
90201,PI 226043,1258.346544,2179.996975,169.9829914,57.42536283,362.9923117,76.84098192,3878.176812,20.2275739,2019
90203,PI 226310,215.4519692,1011.956523,103.0777613,16.79404524,393.0452114,51.91235576,1672.366059,11.90759749,2019
90209,PI 230723,318.683896,921.2577842,84.41101533,NA,180.2763847,0,1420.218065,14.68933498,2019
90211,PI 234619,416.4912858,2060.567997,140.820992,141.207744,139.363849,0,2616.423132,17.59012806,2019
90212,PI 234620,1010.895339,1763.829229,156.5673978,NA,126.3076311,0,2901.032199,17.72223724,2019
90213,PI 234621,706.9645909,753.4959714,123.5210388,43.50277925,86.90274402,0,1547.363306,11.8235774,2019
90224,PI 261614,142.5460977,261.4744802,36.08890821,NA,46.74052054,0,450.7610984,11.19514549,2019
90227,PI 261647,213.5436689,756.7916635,54.73466535,NA,105.6032147,0,1075.938547,17.72798511,2019
90229,PI 261649,656.6360362,1445.668232,135.4027647,63.5193659,334.3157481,75.07857612,2511.698592,15.52630239,2019
90230,PI 261650,1132.788008,3232.830356,195.8121897,127.7454495,138.4452986,0,4504.063663,22.29492643,2019
90231,PI 261781,743.2742778,1728.3321,143.0989796,NA,316.4060323,87.94523074,2875.957641,17.27200561,2019
90232,PI 261782,535.1789284,1902.321081,103.0750423,68.25532755,116.7371002,0,2554.23711,23.64781964,2019
90235,PI 263019,397.8123293,1083.424389,96.30044858,NA,304.5838927,44.25425781,1830.074868,15.38141036,2019
90236,PI 263022,799.49969,3129.282714,181.0433572,59.51908121,382.1517363,95.07679476,4406.010934,21.70078188,2019
90237,PI 263023,1181.213037,2226.754873,189.4499403,81.96175294,437.8342403,99.35241263,3945.154562,17.98875156,2019
90238,PI 263024,608.1765295,1064.389966,144.7218054,24.48538598,178.2251827,0,1850.791678,11.55711464,2019
90240,PI 264232,412.1655685,1596.064666,81.45432247,NA,94.85332236,0,2103.083556,24.65467974,2019
90242,PI 264234,200.7108413,540.6546545,51.04614328,NA,107.7271901,0,849.0926859,14.52343798,2019
90271,PI 276325,93.44359067,294.7128173,50.25007745,NA,22.42953128,0,410.5859393,7.724493726,2019
90272,PI 277285,58.48087185,223.5227338,NA,NA,0,0,282.0036057,NA,2019
90273,PI 277668,353.7894506,710.8170902,96.16102962,50.25650587,63.40499096,0,1128.011532,11.07108093,2019
90275,PI 277709,555.5485335,762.6341627,184.5582568,71.53862076,195.9492999,0,1514.131996,7.142366421,2019
90276,PI 277710,438.9413672,947.2778583,126.241279,105.9017844,80.60777967,0,1466.827005,10.98071278,2019
90277,PI 277711,360.4281555,924.1926981,154.4280981,59.04673949,138.6765726,0,1423.297426,8.318569417,2019
90287,PI 284700,256.3730942,845.3408544,119.8024969,65.23826451,109.7698748,0,1211.483823,9.196085032,2019
90288,PI 284701,311.5458751,1002.234239,85.98007311,NA,263.0883681,0,1576.868482,15.28005346,2019
90290,PI 284773,338.2827867,1507.209118,193.0626006,97.25984974,153.874884,0,1999.366789,9.559033699,2019
90291,PI 285612,388.0796874,937.2320261,162.7121416,NA,143.6652403,0,1468.976954,8.145131032,2019
90292,PI 285613,313.3505666,672.6610443,142.6154732,NA,199.9663925,0,1185.978003,6.913777227,2019
90293,PI 285614,229.8686507,805.6088092,172.1733956,NA,181.292309,48.71644341,1265.486212,6.014154838,2019
90294,PI 285615,135.4460951,426.5315461,47.81125181,30.0787393,86.02932397,0,648.0069651,11.75408758,2019
90295,PI 285616,308.3535443,581.2645481,149.1221792,45.04587745,64.02397771,0,953.64207,5.965699382,2019
90302,PI 285623,219.6325238,616.1762735,162.5879292,NA,62.34412803,0,898.1529253,5.14065713,2019
90348,PI 325991,326.544156,605.0857035,63.20108809,23.42436727,172.3945766,0,1104.024436,14.74072501,2019
90356,PI 325998,70.54996598,248.9167413,31.6091397,NA,0,0,319.4667072,10.10678273,2019
90357,PI 325999,161.3471215,594.2120775,30.12091138,24.50576004,0,0,755.559199,25.08420776,2019
90359,PI 326001,60.52450424,222.4686435,19.96026656,NA,0,0,282.9931477,14.17782408,2019
90360,PI 326002,28.19794999,56.13681663,9.456990349,NA,0,0,84.33476662,8.917717319,2019
90366,PI 326009,153.6017956,450.8206209,69.78647382,NA,47.57582431,0,651.9982408,8.661025316,2019
90367,PI 326010,151.8203716,735.9854557,86.63790558,26.92478946,61.39199599,0,949.1978232,10.24731405,2019
90371,PI 326014,180.7868724,517.1641104,58.29962928,NA,0,0,697.9509828,11.9717911,2019
90378,PI 341206,78.21899892,377.4601846,29.59384778,NA,0,0,455.6791835,15.39776737,2019
90384,PI 344360,35.23127954,171.5446237,20.15902197,NA,0,0,206.7759032,10.25723885,2019
90397,PI 357980,182.5676109,451.7916742,NA,NA,0,0,634.3592851,NA,2019
90401,PI 357984,54.09941338,208.0016506,NA,NA,0,0,262.1010639,NA,2019
90403,PI 357986,126.1908774,372.709068,37.52287221,NA,NA,0,NA,13.29588904,2019
90414,PI 378883,108.6531835,218.1386934,14.3052664,NA,0,0,326.7918769,22.84416577,2019
90419,PI 379420,435.1488352,1761.982031,77.72544297,72.70969036,272.1144084,0,2469.245274,28.26784618,2019
90429,PI 419184,386.095734,1129.662669,127.0784359,NA,94.5730263,0,1610.331429,11.92773889,2019
90436,PI 430530,297.5494682,938.7746792,117.0829822,50.71857574,134.261113,0,1370.58526,10.55938382,2019
90447,PI 432904,264.6480418,825.5132649,41.55911404,13.96580325,109.8743424,0,1200.035649,26.23158197,2019
90463,PI 458858,242.2886894,778.551573,42.7398254,NA,134.4327973,0,1155.27306,23.88498907,2019
90465,PI 458860,404.6211257,1152.914358,73.6746992,NA,261.674481,0,1819.209964,21.14071045,2019
90473,PI 502239,205.6627156,638.3393729,61.52747649,NA,102.8733005,0,946.8753889,13.7174826,2019
90480,PI 502914,307.9889573,964.1540792,37.25732417,67.92406748,NA,0,NA,34.1447773,2019
90483,PI 502916,157.5687838,638.6810119,33.81466579,NA,63.73027721,0,859.9800729,23.54746904,2019
90484,PI 502917,226.5314747,1074.640788,71.70071645,67.16547331,163.8251043,0,1464.997367,18.14727003,2019
90485,PI 502918,255.8964775,875.9650003,156.2429958,54.7361965,250.3170396,76.07520439,1458.253722,7.244238194,2019
90486,PI 502919,349.6722112,782.9436634,62.44772689,57.90981555,105.6180955,0,1238.23397,18.13702325,2019
90487,PI 502920,424.4759253,1078.40649,109.1245314,66.81345684,147.2166237,0,1650.099039,13.77217749,2019
90490,PI 503344,306.9105961,930.6107428,83.88419022,24.19128414,171.3791996,0,1408.900538,14.75273631,2019
90491,PI 503345,473.6258452,1446.39451,112.5950901,88.8730893,148.2606774,0,2068.281032,17.05243411,2019
90492,PI 506444,212.84445,680.6503464,71.04453826,36.40525441,68.42435137,0,961.9191477,12.57654449,2019
90493,PI 506445,408.0205032,995.5955736,86.08493639,52.21189996,184.212862,0,1587.828939,16.30501381,2019
90494,PI 508470,209.9628013,739.099603,43.25094863,NA,232.5207327,0,1181.583137,21.94315811,2019
90547,PI 632392,183.4733037,683.1529191,63.49629365,NA,59.91536452,38.03010276,964.57169,13.64845368,2019
90549,PI 632394,245.9872775,581.6606171,53.44530695,NA,160.0510304,87.28537506,1074.9843,15.48588532,2019
90551,PI 634649,204.8806149,622.4974235,43.29684184,NA,58.97531337,0,886.3533518,19.10943162,2019
90555,PI 634653,323.4038153,1205.47912,134.8070987,64.49367376,166.9257823,94.69657467,1790.505292,11.3412643,2019
90556,PI 634654,67.06793961,221.6259205,26.27014352,NA,65.3820503,0,354.0759104,10.98942836,2019
90559,PI 634657,118.2622443,449.8147517,35.71825486,NA,77.54346258,0,645.6204585,15.90438834,2019
90560,PI 634658,374.4258226,1245.614122,77.44388764,45.83272517,112.9250553,21.4305066,1754.395506,20.91888713,2019
90561,PI 642755,141.6632303,227.2600342,49.15660181,NA,52.89216519,0,421.8154296,7.505060375,2019
90562,PI 642756,658.34715,1646.977454,74.89191024,62.20651436,145.6645723,0,2450.989176,30.78202434,2019
90563,PI 642757,393.0119925,632.8805346,69.73754771,NA,81.03150981,0,1106.924037,14.71076286,2019
90564,PI 642758,262.0289281,1146.518912,49.82443253,30.10163617,69.27130882,0,1477.819148,28.27022342,2019
90565,PI 642759,316.3812645,665.1704728,56.27288399,NA,40.40752048,0,1021.959258,17.44271251,2019
90569,PI 643115,302.3207546,1614.581013,67.12199892,60.04220276,235.2091085,0,2152.110876,28.5584726,2019
90570,PI 643116,651.6889509,1628.592783,164.0342775,101.4628261,187.2882798,43.62138684,2511.191401,13.90125143,2019
90571,PI 643117,186.6208919,528.8389469,60.73870068,28.94285055,26.32458188,0,741.7844206,11.7793076,2019
90572,PI 643118,137.2683528,547.8968145,59.49486428,NA,112.462777,39.82222884,837.450173,11.51637499,2019
90574,PI 643120,146.675977,554.1437739,43.75870085,NA,45.54394584,0,746.3636967,16.01555205,2019
90581,PI 652124,143.7982797,567.1139693,32.11885291,NA,74.06972617,0,784.9819751,22.13379946,2019
90582,PI 652125,172.2037154,458.9255655,30.90170724,NA,48.39828656,0,679.5275675,20.4237674,2019
90587,PI 652130,133.2398126,340.9819731,52.97948103,NA,61.72618595,0,535.9479716,8.951046263,2019
90588,PI 652131,380.2379938,1095.244522,101.21919,NA,250.5956219,0,1726.078137,14.57710258,2019
90590,PI 652133,267.1512,309.8832733,51.56085011,NA,151.8780076,0,728.9124809,11.1913297,2019
90591,PI 652134,561.8545523,994.2424788,138.2775733,52.71105596,153.9486457,83.06752948,1793.113206,11.25343028,2019
90592,PI 652135,748.1375161,1764.024149,166.107115,61.41386,453.4657565,51.97392966,3017.601351,15.12374509,2019
90593,PI 652136,146.427616,432.5466181,39.13308322,NA,91.79145646,0,670.7656905,14.79500685,2019
90594,PI 652137,189.9334866,711.0228294,46.57284275,NA,109.4946536,0,1010.45097,19.34510034,2019
90603,PI 652148,445.1728993,1414.880583,60.55900336,57.2376645,58.10727054,0,1918.160753,30.71473074,2019
90604,PI 652149,182.9683574,640.0082295,53.25676161,17.382756,106.5774605,0,929.5540473,15.45299718,2019
90606,PI 652152,582.4157128,1618.637238,146.278874,84.67144244,215.9901829,52.06724242,2469.110376,15.046964,2019
90607,PI 652153,245.0064941,546.0325805,41.99733811,NA,69.76041606,0,860.7994906,18.83545744,2019
90608,PI 652154,325.1341221,1118.017313,91.90543712,29.53528364,90.73711579,23.09785568,1556.986406,15.70256864,2019
90611,PI 652156,170.5815299,405.1529181,43.33312585,NA,47.3162553,0,623.0507033,13.28624319,2019
90613,PI 652158,317.2208468,1080.719047,90.43991357,59.9277361,211.1144994,0,1609.054393,15.45711222,2019
90614,PI 652159,281.3071532,911.2772677,75.83479808,NA,95.91062999,0,1288.495051,15.72608421,2019
90616,PI 652161,611.4547504,1056.495228,64.28351347,NA,104.0316927,0,1771.981671,25.94677683,2019
90618,PI 652163,104.9643046,257.201956,27.7166498,NA,19.31687811,0,381.4831387,13.06674015,2019
90620,PI 652165,418.324866,1469.71402,114.8180816,81.54657669,229.5610757,73.85436515,2191.454326,16.44374178,2019
90622,PI 652167,85.13934358,236.9286258,16.27157978,NA,34.18958989,0,356.2575592,19.79328213,2019
90623,PI 652168,126.3820551,330.0344344,28.79519765,NA,52.03322127,0,508.4497108,15.85043781,2019
90625,PI 652170,60.03146309,173.9382362,18.53448458,NA,43.19569783,0,277.1653971,12.62348021,2019
90626,PI 652171,478.4813109,1171.762324,45.99312429,NA,38.28946054,0,1688.533095,35.88022472,2019
90627,PI 652172,379.1615658,1450.76019,91.07907437,26.50563142,91.46047753,0,1921.382233,20.09157172,2019
90629,PI 652174,88.31654246,320.5309882,25.86253373,NA,36.13515471,0,444.9826853,15.80848709,2019
90630,PI 652175,94.19912825,391.9769971,27.08617529,NA,30.76849789,0,516.9446232,17.94923499,2019
90631,PI 652176,59.18697299,177.4551835,18.56640368,NA,19.77178871,0,256.4139452,12.74571859,2019
90632,PI 652177,26.65515346,125.2780269,9.306312258,NA,0,0,151.9331803,16.32582016,2019
90633,PI 652178,56.52764874,303.1668234,18.54221664,NA,0,0,359.6944721,19.39867704,2019
90634,PI 652179,165.4714051,518.2416355,32.23286939,NA,72.03219225,0,755.7452328,21.21167161,2019
90635,PI 652180,172.8559074,577.1020271,42.09668721,NA,37.08159103,0,787.0395255,17.81512951,2019
90636,PI 652181,54.97508474,259.260849,16.48196905,NA,37.1111904,0,351.3471241,19.06543647,2019
90637,PI 652182,34.32147249,164.0298945,16.63293368,NA,0,0,198.351367,11.92521841,2019
90639,PI 652188,149.7075968,564.5760466,31.0808218,NA,130.8892145,0,845.1728579,22.98149155,2019
90642,PI 652200,628.9877737,1948.88982,261.919884,94.55391866,183.6962091,92.50600535,2854.079808,9.842237079,2019
90646,PI 652204,336.4230765,1041.862272,95.74608761,60.04766216,283.1242288,0,1661.409577,14.39521324,2019
90649,PI 652207,315.39698,1483.649212,88.39905469,60.2674142,404.4048935,24.728977,2228.180063,20.3514189,2019
90656,PI 652216,393.6099448,995.9647512,NA,NA,171.3641875,0,1560.938883,NA,2019
90658,PI 652231,278.9954874,845.8661187,66.49164682,61.87146949,88.00303037,0,1212.864636,16.91733714,2019
90666,PI 652248,110.916726,1102.5302,70.56492437,121.8670588,428.4600518,0,1641.906977,17.19617694,2019
90670,PI 652254,200.0707089,841.6091795,59.20180698,NA,112.1371123,0,1153.817001,17.59540699,2019
90686,PI 652277,238.3826621,686.588246,100.4805216,NA,130.3666513,0,1055.337559,9.205474785,2019
90692,PI 652283,39.28736749,146.2070673,19.86431231,NA,23.74660094,0,209.2410357,9.338074827,2019
90693,PI 652284,344.6962403,1006.49517,83.98033893,NA,116.7648351,0,1467.956245,16.08937791,2019
90695,PI 652286,381.2031394,764.1878218,138.8748484,NA,157.4049355,0,1302.795897,8.24764869,2019
90711,PI 652400,814.3137989,1693.534729,103.984537,60.16852568,255.4705027,48.42518677,2811.744217,24.11751402,2019
90712,PI 652401,562.8020406,1345.033866,152.7239063,59.22441793,129.2020071,0,2037.037913,12.49205807,2019
90714,PI 652403,390.2392011,1130.18396,125.3046207,56.19347555,140.8314754,0,1661.254636,12.1338156,2019
90225,Seminis 397694,545.961881,1481.009875,155.6755677,72.63566498,131.5274351,0,2158.499191,13.02048732,2019
90609,Seminis 397694,152.053599,676.3817598,42.8333477,NA,42.73846683,0,871.1738256,19.34089683,2019
90755,Seminis 397694,498.9774542,1582.266951,99.31092247,33.77100885,44.86696894,0,2126.111374,20.95685301,2019
90257,Vilmorin I04428,580.9714603,1841.079122,108.5903667,93.41310818,128.6000056,0,2550.650587,22.30447005,2019
90771,W133B,279.2778108,1064.371471,93.20214452,81.13291727,126.7063473,0,1470.355629,14.41650606,2019
90773,W255B,313.3636115,816.7386087,93.26413026,22.23512906,73.34875008,0,1203.45097,12.11722253,2019
90774,W259B,297.1718143,738.889926,95.72341039,NA,48.35016292,0,1084.411903,10.82349381,2019
90783,W278B,454.1848287,1791.487471,154.7003582,90.386483,39.19834478,0,2284.870644,14.51627085,2019
90784,W279B,444.302475,1211.706861,76.81520478,60.95216477,63.3594103,0,1719.368746,21.55835346,2019
90786,W281C,242.9871396,742.4215432,82.54381096,NA,232.3593144,0,1217.767997,11.93800809,2019
90788,W285B,467.4454718,863.3115533,123.8916095,64.88947068,144.4527634,0,1475.209788,10.74130065,2019
