"Sample.Name","ID","Exterior","Interior","Color","Alpha..ug.g.","Beta..ug.g.","Lut..ug.g.","Lycopene..ug.g.","Phyto..ug.g.","Zeta..ug.g.","AB.Ratio","Total"
80002,"Ames 7701","Yellow","Orange","Orange",37.12050703,65.94564055,48.30872341,NA,10.79385536,21.00615389,2.13348936392439,134.86615683
80003,"Ames 7702","Orange","Orange","Orange",57.0016745,99.94365565,17.64094385,NA,9.079328243,13.36672713,8.8966515331888,179.391385523
80004,"Ames 7705","Orange","Orange","Orange",189.3269981,287.9927533,32.24578853,NA,55.7360269,49.27824523,14.8025454845343,582.33402353
80005,"Ames 7706","Orange","Orange","Orange",34.82070567,75.95754415,6.072745556,NA,4.827272267,0,18.2418724444249,115.605522087
80006,"Ames 7711","Orange","Orange","Orange",186.2392583,273.0586535,47.20193663,NA,55.23352086,74.02509755,9.73048871702619,588.55653021
80007,"Ames 7713","Orange","Orange","Orange",196.4082094,137.9980369,29.012563,NA,8.335484951,9.141925745,11.5262566185552,351.883656996
80008,"Ames 7715","Orange","Orange","Orange",102.4962592,177.6113444,40.95608425,NA,19.9946241,29.42636684,6.83921836595011,329.52859454
80009,"Ames 7717","Orange","Yellow","Orange",0,NA,0.42846586,0.014680067,0,0,NA,NA
80010,"Ames 22389","Yellow","Yellow","Yellow",0,NA,2.493791124,NA,0,0,NA,NA
80011,"Ames 25040","Orange","Yellow","Orange",4.494525517,57.81284807,41.24212406,48.5595897,34.92965566,5.4719699,1.51077023812726,102.708999147
80013,"Ames 25043","Orange","White","Orange",0,NA,1.466524699,1.58242724,0,0,NA,NA
80017,"Ames 27399","Yellow","Orange","Orange",6.760185459,9.171870212,4.379680866,NA,0,0,3.63772068295718,15.932055671
80018,"Ames 27400","Yellow","Yellow","Yellow",0,0,1.753930831,NA,0,0,0,0
80020,"Ames 27414","Yellow","Yellow","Yellow",0,0,1.634281488,NA,0,0,0,0
80024,"Ames 29182","Orange","Orange","Orange",52.50918318,145.4076196,34.63797542,NA,8.929309792,24.50006176,5.71386752199503,231.346174332
80027,"Ames 30276","Yellow","Orange","Orange",256.7937497,187.4546252,50.77543894,NA,28.83725921,17.11643624,8.74927689793005,490.20207035
80028,"Ames 32056","Orange","Orange","Orange",197.2256615,316.5325454,NA,NA,20.33486111,19.33270063,NA,553.42576864
80029,"NSL 6162","Orange","Orange","Orange",61.76554517,122.0740253,41.41882264,NA,13.08308759,16.78898086,4.4385513337228,213.71163892
80030,"NSL 6166","Orange","Yellow","Orange",89.44252109,170.3232031,37.16568667,NA,9.59640642,18.87880765,6.98939660382172,288.24093826
80032,"NSL 6172","Orange","Yellow","Orange",143.0343741,323.2683598,36.34347205,NA,18.96064809,28.34188621,12.8304399001416,513.6052682
80033,"Seminis 397694","Orange","Orange","Orange",128.9307762,171.2995789,17.47463053,5.147324195,6.802129655,0,17.1809272067053,307.032484755
80035,"NSL 6619","Orange","Orange","Orange",111.2931886,245.6370693,32.37223161,NA,19.79276051,33.5647771,11.0258156496614,410.28779551
80036,"NSL 9333","Orange","Yellow","Orange",145.3688912,359.9343391,50.10642277,NA,42.08957927,51.42830157,10.0845999847057,598.82111114
80037,"NSL 22994","Orange","Yellow","Orange",149.6379537,240.2121543,29.54851549,NA,15.74816887,26.37659883,13.1935598636735,431.9748757
80038,"NSL 26501","Orange","Orange","Orange",119.2697967,240.9193758,50.46611225,NA,13.72755,45.64460758,7.13724827297351,419.56133008
80039,"NSL 26502","Orange","Orange","Orange",165.3009654,295.9105097,NA,NA,10.55023669,33.66741866,NA,505.42913045
80041,"NSL 32746","Orange","Yellow","Orange",166.2820225,306.9946904,47.52295057,7.269721165,18.59880516,26.205627,9.95890842684266,518.08114506
80042,"NSL 34344","Orange","Orange","Orange",75.6734784,174.7336348,16.50364321,NA,6.834426894,17.17960056,15.1728385068499,274.421140654
80043,"NSL 34346","Orange","Orange","Orange",140.088984,143.0095445,7.119282571,NA,9.894361278,NA,39.7650361081587,NA
80045,"NSL 54098","Orange","Orange","Orange",68.32906089,71.12378377,5.397967337,NA,4.858797545,0,25.8343253958078,144.311642205
80046,"NSL 65838","Orange","Orange","Orange",156.1602469,169.3234325,31.28428617,NA,8.25995889,6.104484221,10.4040628458425,339.848122511
80047,"NSL 199856","Orange","Orange","Orange",377.466946,532.2490698,46.08920429,8.989898536,24.95643258,52.62893027,19.7381584215673,987.30137865
80048,"NSL 199857","Orange","Orange","Orange",371.5431942,552.4493296,22.77946478,NA,24.44521331,21.25317365,40.562521232336,969.69091076
80049,"NSL 199859","Orange","Orange","Orange",497.9424323,265.804542,49.19009796,NA,18.60137785,28.03731526,15.5264373517015,810.38566741
80052,"NSL 199865","Orange","Orange","Orange",63.24327248,127.3152534,13.78999878,5.204341705,5.89519639,0,13.8186035343507,196.45372227
80053,"NSL 199868","Orange","Orange","Orange",392.7905487,561.2916883,35.18187384,9.48562669,24.72226722,21.24208817,27.1185736535516,1000.04659239
80054,"PI 163234","Yellow","Yellow","Yellow",0,0,8.904615844,NA,0,0,0,0
80056,"PI 163238","Orange","White","Orange",21.73093472,40.30072211,17.72508163,NA,2.297314115,0,3.49965422585194,64.328970945
80057,"PI 163239","Yellow","Yellow","Yellow",NA,NA,6.439424137,NA,0,0,NA,NA
80059,"PI 163241","Orange","Yellow","Orange",0,3.432411321,32.24140532,NA,0,0,0.106459730490433,3.432411321
80060,"PI 164136","Yellow","Yellow","Yellow",0,NA,25.37914243,NA,0,0,NA,NA
80061,"PI 164344","Yellow","Yellow","Yellow",0,NA,4.304343011,NA,0,0,NA,NA
80062,"PI 164388","Yellow","Yellow","Yellow",0,0,2.421138443,NA,0,0,0,0
80063,"PI 164461","Orange","Yellow","Orange",26.63997928,47.04592857,15.71971991,NA,0,0,4.68748223708014,73.68590785
80064,"PI 164484","White","White","White",0,0,5.262259428,NA,0,0,0,0
80065,"Vilmorin I04428","Orange","Orange","Orange",107.5194991,104.0323155,10.62061893,NA,5.009172781,0,19.9189723305514,216.560987381
80067,"PI 164942","Orange","Yellow","Orange",NA,6.504445181,14.42630717,NA,0,0,NA,NA
80068,"PI 164943","Yellow","Yellow","Yellow",0,0,1.353608741,NA,0,0,0,0
80069,"PI 165051","Orange","Yellow","Orange",12.24345224,28.42895562,11.96588165,NA,0,0,3.39903143367626,40.67240786
80071,"PI 165522","Orange","Yellow","Orange",16.10974304,24.08989405,6.075845308,NA,0,0,6.61630358446907,40.19963709
80072,"PI 167055","White","White","White",0,0,NA,NA,0,0,NA,0
80076,"PI 169480","Yellow","Yellow","Yellow",0,0,4.277030977,NA,0,0,0,0
80077,"PI 169482","Orange","Orange","Orange",49.50660204,89.24484066,7.926652704,NA,0,0,17.5044180540397,138.7514427
80080,"PI 169485","Orange","Yellow","Orange",90.65989116,80.61083221,43.21133174,NA,0,0,3.96356040125136,171.27072337
80081,"PI 169486","Yellow","Yellow","Yellow",0,0,25.8800403,NA,0,0,0,0
80083,"PI 169488","Orange","Yellow","Orange",16.5329816,22.74166558,23.03283365,NA,0,0,1.70515915569946,39.27464718
80084,"PI 169489","Orange","Yellow","Orange",25.19943588,28.29494401,14.44950147,NA,0,0,3.70216093621395,53.49437989
80085,"PI 169490","Yellow","Yellow","Yellow",0,0,6.096712223,NA,0,0,0,0
80086,"PI 171641","Yellow","Yellow","Yellow",0,0,21.78967554,NA,0,0,0,0
80087,"PI 171642","Orange","Yellow","Orange",0,5.198762681,21.20549717,NA,0,0,0.245161084379329,5.198762681
80088,"PI 171643","White","White","White",0,0,5.190911327,NA,0,0,0,0
80090,"PI 171645","Yellow","Yellow","Yellow",0,0,7.167747625,NA,0,0,0,0
80091,"PI 172886","Yellow","Yellow","Yellow",0,0,9.135658644,NA,0,0,0,0
80093,"PI 172890","Yellow","Yellow","Yellow",0,0,15.22839603,NA,0,0,0,0
80094,"PI 172891","Yellow","Yellow","Yellow",0,0,10.19144459,NA,0,0,0,0
80096,"PI 172893","White","White","White",0,0,18.41666088,NA,0,0,0,0
80098,"PI 172894","Orange","Yellow","Orange",7.586886176,11.04257739,21.35120266,NA,0,0,0.87252525596139,18.629463566
80101,"PI 174202","Yellow","Yellow","Yellow",0,0,14.71965424,NA,0,0,0,0
80103,"PI 174206","White","White","White",0,0,8.994641321,NA,0,0,0,0
80104,"PI 174207","White","White","White",0,0,6.719321468,NA,0,0,0,0
80108,"PI 175716","Yellow","Yellow","Yellow",0,0,32.78288056,NA,0,0,0,0
80110,"PI 175718","White","White","White",0,0,7.211846938,NA,0,0,0,0
80111,"PI 175719","Orange","Yellow","Orange",21.2886112,74.7494214,26.77289328,NA,0,0,3.58713686995282,96.0380326
80112,"PI 176556","Yellow","Yellow","Yellow",0,0,28.7023616,NA,0,0,0,0
80113,"PI 176557","Yellow","Yellow","Yellow",0,0,23.38416742,NA,0,0,0,0
80114,"PI 176558","Yellow","Yellow","Yellow",0,0,15.90490684,NA,0,0,0,0
80115,"PI 176559","Yellow","Yellow","Yellow",0,0,20.2060043,NA,0,0,0,0
80116,"PI 176560","Yellow","Yellow","Yellow",0,0,12.25507665,NA,0,0,0,0
80117,"PI 176561",NA,"Yellow",NA,0,11.61719641,54.23311027,NA,0,0,0.214208559165493,11.61719641
80118,"PI 176562","Yellow","Yellow","Yellow",0,0,21.22282823,NA,0,0,0,0
80119,"PI 176563","White","White","White",0,0,13.41526519,NA,0,0,0,0
80120,"PI 176564","White","White","White",0,0,1.98543091,NA,0,0,0,0
80122,"PI 176969","Yellow","Yellow","Yellow",0,0,22.46960583,NA,0,0,0,0
80123,"PI 176970","Yellow","Yellow","Yellow",0,0,27.63456919,NA,0,0,0,0
80124,"PI 177379","Yellow","Yellow","Yellow",0,0,4.050878608,NA,0,0,0,0
80127,"PI 177383","Yellow","Yellow","Yellow",0,0,37.53746429,NA,0,0,0,0
80130,"PI 178900","Orange","Yellow","Orange",0,11.6287243,24.88077769,NA,0,0,0.467377846660869,11.6287243
80131,"PI 179275","Yellow","Yellow","Yellow",0,0,29.23814789,NA,0,0,0,0
80132,"PI 179276","White","White","White",0,0,7.296636083,NA,0,0,0,0
80133,"PI 179277","Yellow","Yellow","Yellow",0,0,4.824016144,NA,0,0,0,0
80134,"PI 179687","White","White","White",0,0,3.054283728,NA,0,0,0,0
80136,"PI 179690",NA,"Yellow",NA,0,19.61473977,30.18119706,NA,0,0,0.64989933073251,19.61473977
80138,"PI 180436","Yellow","Yellow","Yellow",0,0,10.78770149,NA,0,0,0,0
80139,"PI 180834","Yellow","Yellow","Yellow",0,0,21.73556371,NA,0,0,0,0
80140,"PI 181052","White","White","White",0,0,4.213676638,NA,0,0,0,0
80141,"PI 181765","Orange","White","Orange",6.934670753,66.87121155,7.165858621,NA,0,0,10.2996564970885,73.805882303
80142,"PI 181766","Orange","Orange","Orange",35.33375179,144.1019257,63.189139,NA,NA,10.98023818,2.83966011136819,NA
80144,"PI 181880","Yellow","Yellow","Yellow",0,0,22.84254536,NA,0,0,0,0
80145,"PI 182204","Orange","Yellow","Orange",0,9.232884888,52.66013323,NA,0,0,0.175329691014532,9.232884888
80146,"PI 182206","White","Yellow","Yellow",0,0,17.68373818,NA,0,0,0,0
80147,"PI 182207","Yellow","Yellow","Yellow",0,0,26.86065458,NA,0,0,0,0
80148,"PI 182970","Yellow","Yellow","Yellow",0,0,17.54784331,NA,0,0,0,0
80150,"PI 187234","Orange","Orange","Orange",247.6043898,459.1574321,92.52142098,NA,45.39685191,96.30852089,7.63889934259416,848.4671947
80151,"PI 187235","Orange","Orange","Orange",134.543135,285.8018977,36.01717135,NA,14.89574296,24.3699588,11.6706842026893,459.61073446
80152,"PI 187236","Orange","Yellow","Orange",144.1381904,393.3757569,53.47372842,NA,19.58980788,39.25506308,10.0519257433892,596.35881826
80153,"PI 187237","Orange","Yellow","Orange",28.90242564,65.5813641,22.793722,NA,0,0,4.14516724122546,94.48378974
80154,"PI 193504","Orange","Orange","Orange",228.1237963,353.0838148,58.19779069,13.74733801,8.804919617,18.57176963,9.98676417453537,608.584300347
80155,"PI 196847","Orange","Yellow","Orange",15.18268583,37.52782722,26.59345942,NA,0,0,1.98208560298696,52.71051305
80157,"PI 204575","Yellow","Yellow","Yellow",0,0,43.52632382,NA,0,0,0,0
80160,"PI 204704","Orange","Yellow","Orange",0,9.188304976,43.0086886,NA,0,0,0.213638343206772,9.188304976
80162,"PI 205997","Orange","Yellow","Orange",90.43716138,251.6271,57.6116187,NA,6.301519465,0,5.93741799134694,348.365780845
80163,"PI 205998","Orange","Orange","Orange",139.8493831,183.1578686,36.89424913,2.707291442,0,0,8.75494851682322,323.0072517
80164,"PI 205999","Orange","Yellow","Orange",70.73807428,137.7060164,69.54013992,NA,0,0,2.9974643554039,208.44409068
80165,"PI 206960",NA,"Yellow",NA,0,7.953118137,37.04311487,NA,0,0,0.214698957280209,7.953118137
80167,"PI 211024","Yellow","Yellow","Yellow",0,0,17.83112273,NA,0,0,0,0
80168,"PI 211590","Yellow","Yellow","Yellow",0,0,33.05107938,NA,0,0,0,0
80170,"PI 211592","Yellow","Yellow","Yellow",0,0,1.897016455,NA,0,0,0,0
80171,"PI 212096","Yellow","Yellow","Yellow",0,0,37.1880379,NA,0,0,0,0
80173,"PI 218076","Orange","Orange","Orange",17.80836702,114.3889921,216.8314553,NA,12.71370158,0,0.60967795902627,144.9110607
80174,"PI 219914","White","White","White",0,0,21.64006928,NA,0,0,0,0
80175,"PI 220014","Yellow","Yellow","Yellow",0,0,106.1945741,NA,0,0,0,0
80176,"PI 220285","Yellow","Yellow","Yellow",0,0,70.43167318,NA,0,0,0,0
80177,"PI 220517","Yellow","Yellow","Yellow",0,0,49.36173283,NA,0,0,0,0
80180,"PI 220795","Yellow","Yellow","Yellow",0,0,35.06801162,NA,0,0,0,0
80181,"PI 221924","Yellow","Yellow","Yellow",0,0,23.33080516,NA,0,0,0,0
80182,"PI 222249","Yellow","Yellow","Yellow",0,NA,47.31846065,NA,0,0,NA,NA
80183,"PI 222250","Orange","Orange","Orange",93.66843513,298.3384192,113.1026489,NA,0,0,3.46593875689502,392.00685433
80185,"PI 222794","White","White","White",0,0,19.93517616,NA,0,0,0,0
80187,"PI 223361","White","White","White",0,0,35.37535893,NA,0,0,0,0
80188,"PI 223362","White","Yellow","Yellow",0,0,57.15088617,NA,0,0,0,0
80189,"PI 223504","White","White","White",0,0,3.758561399,0,0,0,0,0
80191,"PI 224689","Orange","Orange","Orange",94.656376,119.6390833,35.44316945,NA,13.52335292,0,6.04617088780135,227.81881222
80192,"PI 225866","Orange","Orange","Orange",372.9226049,598.595195,120.0263532,27.50390183,70.08947004,49.2158586,8.09420409767144,1090.82312854
80194,"PI 225867","Orange","Orange","Orange",231.5393953,329.020149,67.49440802,NA,0,0,8.30527388482161,560.5595443
80196,"PI 225869","Orange","Orange","Orange",232.660856,270.0277919,33.60589441,NA,0,0,14.9583475376991,502.6886479
80197,"PI 225870","Orange","Orange","Orange",385.1230492,579.7567891,101.0759989,NA,40.2496571,84.52679945,9.54608263881328,1089.65629485
80199,"PI 225872","Orange","Orange","Orange",53.63198653,95.6629399,17.16650916,NA,0,0,8.69687162593749,149.29492643
80200,"PI 225937","Orange","Yellow","Orange",64.69980175,166.0309814,88.6322208,NA,0,0,2.60323820239874,230.73078315
80201,"PI 226043","Orange","Orange","Orange",627.6969058,625.3200691,192.7990241,NA,45.52441989,0,6.49908359624316,1298.54139479
80203,"PI 226310","Orange","Orange","Orange",159.3210816,256.9038464,63.63765841,NA,32.73273045,0,6.54054436318786,448.95765845
80204,"PI 226464","Orange","Orange","Orange",148.016089,330.3933035,96.4186608,13.34330909,0,0,4.96179254649013,478.4093925
80205,"PI 227014","Orange","Yellow","Orange",0,19.68249385,88.67106176,NA,0,0,0.221972010477029,19.68249385
80206,"PI 227116","Orange","Yellow","Orange",11.22932124,27.4028437,164.6771361,NA,0,0,0.234593373767082,38.63216494
80208,"PI 230243","Yellow","Yellow","Yellow",0,0,128.4010286,NA,0,0,0,0
80209,"PI 230723","Orange","Yellow","Orange",144.6716794,324.0296497,297.9489963,NA,29.99968099,30.08265035,1.57309249207227,528.78366044
80211,"PI 234619","Orange","Orange","Orange",406.7951102,858.5919192,116.6224682,34.68973121,21.44818493,36.79459455,10.8502851031239,1323.62980888
80212,"PI 234620","Orange","Yellow","Orange",23.45264395,27.28679406,24.78008199,NA,0,0,2.04758959354839,50.73943801
80213,"PI 234621","Orange","Orange","Orange",209.7341257,381.6831181,78.71162835,NA,16.53966653,0,7.51372136744774,607.95691033
80214,"PI 234622","Yellow","Yellow","Yellow",0,0,58.25877864,NA,0,0,0,0
80218,"PI 251228","White","White","White",0,0,53.99261312,NA,0,0,0,0
80219,"PI 251522","White","White","White",0,0,15.1371575,NA,0,0,0,0
80220,"PI 254552","Yellow","Yellow","Yellow",0,0,2.722922679,0,0,0,0,0
80224,"PI 261614","Orange","Orange","Orange",63.60331125,151.1509117,27.07020772,NA,10.95028865,0,7.93323143920079,225.7045116
80229,"PI 261649","Orange","Orange","Orange",123.8539098,352.5728857,77.16344442,8.168665276,34.80729159,67.05436427,6.17425516811837,578.28845136
80230,"PI 261650","Orange","Orange","Orange",30.0522346,55.63522322,7.458718064,NA,0,0,11.4882285514419,85.68745782
80231,"PI 261781","Orange","Orange","Orange",39.55932161,100.7649661,10.43773794,NA,0,0,13.4439366572179,140.32428771
80232,"PI 261782","Orange","Orange","Orange",384.0376411,535.4185778,48.78750274,11.89479439,33.09459169,38.92278789,18.8461422959071,991.47359848
80233,"PI 261783","Yellow","Yellow","Yellow",0,0,47.41057648,NA,0,0,0,0
80234,"PI 263016","Yellow","Yellow","Yellow",0,0,2.517295845,NA,0,0,0,0
80235,"PI 263019","Orange","Orange","Orange",192.0112617,160.7732298,65.21897708,NA,24.61260035,28.59139034,5.40923067633001,405.98848219
80236,"PI 263022","Orange","Orange","Orange",89.51225007,205.3027643,59.86569437,NA,16.18303762,32.07429414,4.92460694680822,343.07234613
80237,"PI 263023","Orange","Orange","Orange",422.4791454,626.7834382,147.6971409,NA,NA,29.49365587,7.10414959427288,NA
80238,"PI 263024","Orange","Orange","Orange",55.13548646,32.10998166,10.79890965,NA,0,0,8.07909973762953,87.24546812
80242,"PI 264234","Orange","Orange","Orange",216.3921277,523.9998678,100.4499572,12.93304634,19.55894129,18.94662747,7.37075471347239,778.89756426
80246,"PI 264238","Orange","Yellow","Orange",11.3681363,54.02300494,12.98157766,NA,0,0,5.03722605623576,65.39114124
80248,"PI 264669","Orange","Orange","Orange",359.7983953,323.8546765,24.1461804,NA,NA,0,28.3130938506531,NA
80249,"PI 267089","Orange","Yellow","Orange",6.936297398,34.62152855,37.76984367,NA,0,0,1.10029118232779,41.557825948
80250,"PI 267090","Orange","Orange","Orange",55.05408536,184.2045863,117.0870937,NA,0,0,2.04342480541047,239.25867166
80251,"PI 267091","Yellow","Yellow","Yellow",0,0,55.61703547,NA,0,0,0,0
80254,"PI 269317","Orange","Orange","Orange",98.25471086,226.389079,70.49778608,NA,0,0,4.60502106394658,324.64378986
80259,"PI 269321","Orange","Yellow","Orange",113.7294871,246.4581446,87.11166298,NA,10.08448122,NA,4.13478080177043,NA
80260,"PI 269322","Orange","Orange","Orange",219.8857639,324.3091801,57.94509691,16.12109974,5.118714601,0,9.39156154739443,549.313658601
80262,"PI 269487","Yellow","Yellow","Yellow",0,0,43.33063462,NA,0,0,0,0
80263,"PI 269488","Yellow","Yellow","Yellow",0,0,67.96642164,NA,0,0,0,0
80264,"PI 271044","Yellow","Yellow","Yellow",0,0,46.92817147,NA,0,0,0,0
80266,"PI 271471","Orange","Orange","Orange",0,117.7533338,103.4035706,47.74530856,12.85140227,0,1.13877434905522,130.60473607
80267,"PI 271473","Orange","Yellow","Orange",0,43.59942763,70.31690572,11.07874917,0,0,0.620041897230401,43.59942763
80270,"PI 274789","Orange","Orange","Orange",70.92165918,231.9648758,111.3525234,NA,20.61411607,0,2.72006889230496,323.50065105
80271,"PI 276325","Orange","Yellow","Orange",35.32563124,41.28378007,11.705463,NA,0,0,6.54475703438642,76.60941131
80272,"PI 277285","Orange","Orange","Orange",124.3887589,178.3080524,45.20826454,NA,7.853297977,17.32598479,6.69560785798746,327.876094067
80275,"PI 277709","Orange","Orange","Orange",34.02257791,25.35309828,5.511188984,NA,0,0,10.773659978342,59.37567619
80276,"PI 277710","Orange","Orange","Orange",395.401285,457.9533418,53.42926639,NA,16.23671817,13.48707947,15.9716702934128,883.07842444
80277,"PI 277711","Orange","Orange","Orange",76.92833989,196.0015819,28.30134861,NA,0,0,9.6437072858628,272.92992179
80287,"PI 284700","Orange","Orange","Orange",290.9811948,469.4557176,89.08335326,13.22941306,NA,12.97793962,8.536240325177,NA
80288,"PI 284701","Orange","Orange","Orange",88.85734942,182.4854454,48.69443927,NA,NA,23.42235066,5.57235690333066,NA
80290,"PI 284773","Orange","Orange","Orange",16.96081145,49.78662911,12.05385768,NA,0,0,5.53743393459412,66.74744056
80291,"PI 285612","Orange","Orange","Orange",70.8097887,258.4219213,99.69111827,NA,NA,15.86332752,3.30251797465367,NA
80292,"PI 285613","Orange","Orange","Orange",16.20046158,53.34840648,4.44178087,NA,0,0,15.6578791470188,69.54886806
80293,"PI 285614","Orange","Orange","Orange",66.73375658,220.7427256,34.68278725,NA,0,0,8.28873643020141,287.47648218
80294,"PI 285615","Orange","Orange","Orange",305.9462318,466.9042262,91.26004516,NA,18.14769796,19.03229677,8.46866179657279,810.03045273
80295,"PI 285616","Orange","Orange","Orange",32.80312552,61.43825393,10.7756665,NA,0,0,8.74575873798618,94.24137945
80298,"PI 285619","White","White","White",0,0,2.349812889,NA,0,0,0,0
80299,"PI 285620","White","White","White",0,0,2.440088775,NA,0,0,0,0
80300,"PI 285621","Yellow","Yellow","Yellow",0,0,65.37095398,NA,0,0,0,0
80301,"PI 285622","Yellow","Yellow","Yellow",0,0,69.31535226,NA,0,0,0,0
80302,"PI 285623","Orange","Orange","Orange",30.64878741,127.0607045,21.04882374,NA,0,0,7.49255606194743,157.70949191
80304,"PI 287518","White","White","White",0,0,3.949436992,NA,0,0,0,0
80307,"PI 288457","Yellow","Yellow","Yellow",0,0,39.01632114,NA,0,0,0,0
80312,"PI 288765","Yellow","Yellow","Yellow",0,0,27.76179633,NA,0,0,0,0
80313,"PI 289700","Orange","Orange","Orange",199.5842661,549.222746,106.9650236,NA,23.16468622,23.98633561,7.00048470891003,795.95803393
80314,"PI 290762","Orange","Orange","Orange",211.8747273,276.0106296,75.3257631,NA,0,0,6.47700516823573,487.8853569
80315,"PI 294079","Orange","Orange","Orange",485.9399114,610.5197609,45.80147151,20.48172811,12.43494223,0,23.9393983675962,1108.89461453
80316,"PI 294080","Orange","Orange","Orange",847.4500352,1018.624205,113.1447505,22.66880601,55.46632336,NA,16.4928044116373,NA
80317,"PI 294081","Orange","Orange","Orange",25.85766607,45.50719243,8.825947063,NA,0,0,8.0858017831508,71.3648585
80319,"PI 294083","Orange","Orange","Orange",62.93275056,116.4233388,10.88504864,NA,0,0,16.4772887372233,179.35608936
80320,"PI 294084","Orange","Orange","Orange",867.6515917,1284.115692,130.11326,30.38161687,135.0837078,33.24355359,16.5376479207423,2320.09454509
80322,"PI 294086","Orange","Orange","Orange",43.80778908,101.1283506,23.31335232,NA,0,0,6.21687253255563,144.93613968
80324,"PI 294088","Orange","Orange","Orange",359.265316,623.1918873,214.9488343,NA,18.58150847,23.80851885,4.57065611218344,1024.84723062
80325,"PI 294089","Orange","Orange","Orange",191.7584507,572.7235099,311.0024905,22.57121564,55.63444023,89.27321332,2.45812166767841,909.38961415
80326,"PI 294090","Orange","Orange","Orange",593.236018,1135.56354,252.1114539,28.89156228,85.68325871,71.06043684,6.85728288523428,1885.54325355
80330,"PI 305443","Yellow","Yellow","Yellow",0,0,89.20006694,NA,0,0,0,0
80331,"PI 306588","Orange","Orange","Orange",159.7595808,385.0475659,35.32458992,NA,14.6957884,0,15.4228866614965,559.5029351
80332,"PI 306810","Orange","Yellow","Orange",85.80230027,222.2225512,159.4944314,NA,NA,10.69794734,1.9312577170641,NA
80333,"PI 308981","Yellow","White","Yellow",0,0,3.976160145,0,0,0,0,0
80334,"PI 319858","Orange","Orange","Orange",0,441.4158776,91.60321476,227.3959992,26.92384887,0,4.81878151063265,468.33972647
80335,"PI 319859","Red","Yellow","Red",0,31.5021057,117.3993761,52.33504474,24.75082856,0,0.268332820381999,56.25293426
80336,"PI 319860","Orange","Orange","Orange",0,102.5951182,87.18812199,57.03289851,31.21448842,0,1.17670980700521,133.80960662
80340,"PI 324241","Orange","Orange","Orange",212.5574514,334.3471806,56.75584414,16.93174612,8.446905208,13.89923968,9.6360936972578,569.250776888
80341,"PI 325984","Orange","Yellow","Orange",23.46609662,82.05549016,72.55811966,NA,0,0,1.45430431872358,105.52158678
80342,"PI 325985","Orange","Orange","Orange",196.2431085,401.3167557,142.4640584,NA,21.50166385,46.35795706,4.19446048997296,665.41948511
80343,"PI 325986","Orange","Orange","Orange",77.68409954,206.6995882,80.45362202,NA,5.700321017,19.7719093,3.53475307388032,309.855918057
80344,"PI 325987","Orange","Orange","Orange",193.4736598,362.7476615,39.33815977,15.96378237,5.953400383,0,14.1394850331607,562.174721683
80345,"PI 325988","Orange","Orange","Orange",649.6251739,1104.158307,NA,NA,NA,60.96466396,NA,NA
80347,"PI 325990","Orange","Orange","Orange",136.7741925,310.6950622,86.06903894,11.69931781,0,0,5.19895725816036,447.4692547
80348,"PI 325991","Orange","Orange","Orange",205.4018739,313.4113714,51.71379525,NA,8.52820522,0,10.0323954718833,527.34145052
80350,"PI 325993","Orange","Yellow","Orange",10.1830165,18.10895512,6.901724121,NA,0,0,4.09926144887703,28.29197162
80351,"PI 325994","Orange","Orange","Orange",225.8231347,385.5757286,57.26460627,14.57346112,NA,NA,10.6767321583821,NA
80352,"PI 325995","Orange","Orange","Orange",205.4407301,566.0330176,76.79710508,NA,0,32.81939259,10.0456097517784,804.29314029
80354,"PI 325996","Yellow","Yellow","Yellow",0,0,27.26666137,NA,0,0,0,0
80355,"PI 325997","Orange","Orange","Orange",NA,NA,9.951583798,NA,0,0,NA,NA
80356,"PI 325998","Orange","Orange","Orange",85.53351534,243.7331017,170.8768039,NA,0,0,1.92692401499207,329.26661704
80357,"PI 325999","Orange","Orange","Orange",33.38260612,90.67772837,16.85023853,NA,0,0,7.36252690246041,124.06033449
80358,"PI 326000","Orange","Orange","Orange",30.14985404,53.37752103,11.44077883,NA,0,0,7.30084693630949,83.52737507
80359,"PI 326001","Orange","Orange","Orange",62.14223127,137.6472284,33.04902672,NA,0,0,6.04524488308441,199.78945967
80360,"PI 326002","Orange","Orange","Orange",129.2312782,126.6691499,25.32774069,NA,6.085633955,0,10.1035631733641,261.986062055
80361,"PI 326003","Orange","Orange","Orange",129.9562416,223.4953281,73.42904312,NA,0,0,4.81351185691442,353.4515697
80363,"PI 326005","Orange","Orange","Orange",296.4006999,420.0328911,63.37641069,18.42628802,13.92502165,25.9396673,11.3044204176278,756.29827995
80365,"PI 326007","Orange","Orange","Orange",26.23796178,46.1399402,9.857346586,NA,0,0,7.34253395156009,72.37790198
80366,"PI 326009","Orange","Orange","Orange",140.7138639,352.8715775,80.58234144,13.01572295,0,NA,6.12523082079358,NA
80367,"PI 326010","Orange","Orange","Orange",424.0172241,699.3706954,105.6856129,18.84590107,16.20370406,0,10.6295255207816,1139.59162356
80369,"PI 326012","Orange","Orange","Orange",66.72503876,130.6906139,35.90856889,NA,0,0,5.49773100857209,197.41565266
80370,"PI 326013","Orange","Orange","Orange",153.817901,379.0210861,68.20082061,NA,18.27857787,29.28943159,7.81279436719669,580.40699656
80371,"PI 326014","Orange","Orange","Orange",224.9136963,436.1952122,143.1243781,NA,7.638482817,39.16313509,4.6191216148942,707.910526407
80372,"PI 326015","Orange","Orange","Orange",189.3590547,306.3330361,119.7335346,12.20553423,27.61410921,32.82753684,4.13996039168128,556.13373685
80373,"PI 339251","Orange","Yellow","Orange",48.67779997,62.56060583,63.36091441,NA,0,0,1.75563131996788,111.2384058
80376,"PI 341204","Orange","Orange","Orange",461.5081549,817.6103189,125.6643012,NA,110.2278497,98.23956483,10.1788531952621,1487.58588833
80378,"PI 341206","Orange","Orange","Orange",207.8431038,494.9021057,96.32310232,12.00518761,0,17.12089073,7.29570780606062,719.86610023
80382,"PI 344072","White","White","White",0,0,28.04174263,NA,0,0,0,0
80383,"PI 344110","Orange","Orange","Orange",192.3716884,229.2122531,82.14069138,9.170637019,7.224097721,0,5.13246156584761,428.808039221
80384,"PI 344360","Orange","Orange","Orange",78.88479164,164.4810647,57.29693195,NA,18.02152997,17.31431891,4.2474500476286,278.70170522
80386,"PI 344361","Orange","Yellow","Orange",0,11.37384541,64.74908008,NA,0,0,0.175660339821773,11.37384541
80387,"PI 344362","Yellow","Yellow","Yellow",0,0,20.83593642,NA,0,0,0,0
80388,"PI 344363","Orange","Yellow","Orange",53.09001184,128.1107882,79.69703095,NA,0,0,2.2736204583792,181.20080004
80389,"PI 344364","Yellow","Yellow","Yellow",0,0,52.23724272,NA,0,0,0,0
80390,"PI 344446","White","White","White",0,0,33.91730136,NA,0,0,0,0
80391,"PI 344447","Yellow","Yellow","Yellow",0,0,42.90491888,NA,0,0,0,0
80394,"PI 357977","Orange","Orange","Orange",116.4374303,215.83411,72.19803805,NA,0,0,4.60222395613976,332.2715403
80395,"PI 357978","Orange","Yellow","Orange",0,10.50518662,36.37871001,NA,0,0,0.288772928372454,10.50518662
80397,"PI 357980","Orange","Yellow","Orange",25.58360209,45.71122891,14.02851202,NA,0,0,5.08213778470284,71.294831
80398,"PI 357981","Orange","Orange","Orange",69.27128582,157.9617229,37.780179,NA,0,0,6.01460910812519,227.23300872
80399,"PI 357982","Orange","Orange","Orange",478.7844339,820.2766815,176.7103539,49.20509568,26.08255026,38.53928662,7.35135823526864,1363.68295228
80401,"PI 357984","Orange","Orange","Orange",36.29808476,72.0016091,25.61315282,NA,0,0,4.22828437487143,108.29969386
80402,"PI 357985","Orange","Yellow","Orange",0,0,3.689448008,NA,0,0,0,0
80403,"PI 357986","Orange","Orange","Orange",74.32692266,179.4066336,27.74038095,NA,0,0,9.14672212747677,253.73355626
80404,"PI 357987","Orange","Orange","Orange",78.60120192,220.9919364,66.47342721,NA,13.11560037,0,4.50696091497642,312.70873869
80407,"PI 368621","White","White","White",0,0,5.933068788,NA,0,0,0,0
80408,"PI 368622","White","White","White",0,0,3.733779441,NA,0,0,0,0
80410,"PI 369349","White","White","White",8.351718591,21.08713614,55.15245258,NA,0,0,0.533772359230955,29.438854731
80411,"PI 370505","White","White","White",0,0,3.664235987,0,0,0,0,0
80413,"PI 378882","Orange","Orange","Orange",525.7869407,756.8719461,74.24214231,23.94278432,10.81190206,0,17.2766955113475,1293.47078886
80414,"PI 378883","Orange","Yellow","Orange",11.26982944,16.77008897,11.94678445,NA,0,0,2.34706824479452,28.03991841
80415,"PI 379325","Orange","Yellow","Orange",0,0,2.82178225,NA,0,0,0,0
80419,"PI 379420","Orange","Orange","Orange",144.0802895,239.3247168,26.34945903,NA,13.70647919,0,14.5507733522528,397.11148549
80421,"PI 390895","White","White","White",0,0,15.33572945,NA,0,0,0,0
80424,"PI 418967","Orange","Orange","Orange",182.648958,385.7939058,118.7960529,126.7594811,26.5791789,NA,4.78503157237474,NA
80426,"PI 419084","Orange","Orange","Orange",1171.662642,808.5010086,35.85540559,17.68951172,17.0095381,0,55.2263631666257,1997.1731887
80427,"PI 419109","Orange","Orange","Orange",554.4922584,822.288885,108.9072883,NA,77.98194195,54.53705644,12.6417723266368,1509.30014179
80428,"PI 419110","Orange","Yellow","Orange",0,0,20.27745135,NA,0,0,0,0
80431,"PI 430525","Yellow","Yellow","Yellow",0,0,86.94437187,0,0,0,0,0
80433,"PI 430527","Orange","Yellow","Orange",0,0,9.9248048,0,0,0,0,0
80434,"PI 430528","Yellow","Yellow","Yellow",0,0,95.16196508,NA,0,0,0,0
80435,"PI 430529","Yellow","Yellow","Yellow",0,0,103.9985915,NA,0,0,0,0
80436,"PI 430530","Orange","Orange","Orange",180.562861,447.0082164,177.7060446,NA,33.84496107,84.3014239,3.53151227248687,745.71746237
80441,"PI 432898","Yellow","Yellow","Yellow",0,0,13.38145166,NA,0,0,0,0
80442,"PI 432899","Yellow","Yellow","Yellow",0,0,2.754568148,NA,0,0,0,0
80445,"PI 432902","Yellow","Yellow","Yellow",0,0,2.734084712,NA,0,0,0,0
80446,"PI 432903","Orange","Yellow","Orange",54.47707686,141.3000319,85.70769291,64.68775115,26.21284683,0,2.28424196373576,221.98995559
80447,"PI 432904","Orange","Yellow","Orange",18.51939219,22.60111655,13.10105473,NA,0,0,3.13871742294447,41.12050874
80448,"PI 432905","Orange","Orange","Orange",339.7264097,616.3661353,66.46533646,29.3658989,53.31704247,13.66946328,14.3848296860032,1023.07905075
80451,"PI 436674","Orange","Orange","Orange",1493.205238,1472.302775,98.22407456,NA,73.7534794,42.549464,30.1912542956923,3081.8109564
80452,"PI 451752","White","White","White",0,0,3.006362849,NA,0,0,0,0
80453,"PI 451753","Yellow","Yellow","Yellow",0,0,116.3554777,NA,0,0,0,0
80454,"PI 451754","Orange","Yellow","Orange",0,13.78869405,65.72805444,NA,0,0,0.209783998134115,13.78869405
80455,"PI 451755","Yellow","Yellow","Yellow",0,0,3.099442205,NA,0,0,0,0
80456,"PI 451756","Yellow","Yellow","Yellow",0,0,2.6181603,NA,0,0,0,0
80457,"PI 451757","Yellow","Yellow","Yellow",0,0,28.99071484,NA,0,0,0,0
80458,"PI 451758","Yellow","Yellow","Yellow",0,0,16.93056847,NA,0,0,0,0
80459,"PI 451759","White","White","White",0,0,3.823463552,NA,0,0,0,0
80460,"PI 451760","White","White","White",0,0,3.170361412,NA,0,0,0,0
80461,"PI 451761","Yellow","Yellow","Yellow",0,0,103.2616402,NA,0,0,0,0
80462,"PI 458857","Orange","Yellow","Orange",0,0,10.44044623,NA,0,0,0,0
80463,"PI 458858","Orange","Orange","Orange",185.6370468,409.3373731,95.73187833,NA,25.96449726,74.22194337,6.21500831571535,695.16086053
80466,"PI 478370","Orange","White","Orange",NA,0,11.83356444,NA,0,0,NA,NA
80468,"PI 483348","Orange","Orange","Orange",118.9851598,216.5027867,11.65735205,NA,0,0,28.7790867995618,335.4879465
80470,"PI 483350","Orange","Orange","Orange",19.73232354,34.6189402,4.673991004,NA,0,0,11.6284485129488,54.35126374
80472,"PI 483352","Orange","Yellow","Orange",44.35692519,36.00190632,7.478620573,NA,0,0,10.7451408619551,80.35883151
80473,"PI 502239","Orange","Orange","Orange",413.9977372,685.6058394,89.74559522,31.02027088,12.18163465,49.75264012,12.2524517655096,1161.53785137
80474,"PI 502347","Orange","Yellow","Orange",0,0,2.451596578,NA,0,0,0,0
80475,"PI 502348","Yellow","Yellow","Yellow",0,0,45.68619682,NA,0,0,0,0
80479,"PI 502913","Orange","Orange","Orange",337.2187728,547.7236462,55.49856748,39.11261628,50.47256908,29.18533156,15.9453200178348,964.60031964
80480,"PI 502914","Orange","Orange","Orange",41.82797865,69.56129755,13.71373241,NA,0,0,8.12246242450927,111.3892762
80482,"PI 502915","Orange","Orange","Orange",150.8208859,195.3922981,92.73129589,NA,20.3282355,45.23198553,3.73350960619256,411.77340503
80483,"PI 502916","Orange","Orange","Orange",29.44445815,78.99668896,8.790732719,NA,0,0,12.3358485096036,108.44114711
80484,"PI 502917","Orange","Orange","Orange",87.30158917,230.0641153,30.36026963,NA,17.97985566,19.24626541,10.4533229888183,354.59182554
80485,"PI 502918","Orange","Orange","Orange",70.13850208,209.8255383,43.73475122,NA,15.8946415,35.73194809,6.40140923568286,331.59062997
80486,"PI 502919","Orange","Orange","Orange",13.72629178,38.50299404,5.083918436,NA,0,0,10.2734311097827,52.22928582
80487,"PI 502920","Orange","Orange","Orange",36.40941015,64.63067044,15.03091878,NA,0,0,6.72214932891814,101.04008059
80490,"PI 503344","Orange","Orange","Orange",12.37280095,46.8334447,10.24095886,NA,0,0,5.78131857176507,59.20624565
80491,"PI 503345","Orange","Orange","Orange",188.3250675,438.3668301,82.48662917,14.18714037,21.6215576,33.43264834,7.59749675681892,681.74610354
80492,"PI 506444","Orange","Yellow","Orange",6.631116122,23.33904057,5.322347275,NA,0,0,5.63100360488972,29.970156692
80493,"PI 506445","Orange","Orange","Orange",312.9194325,424.0511294,136.4419891,NA,14.66287206,18.4596592,5.40134724479768,770.09309316
80504,"PI 515993","Yellow","Yellow","Yellow",0,0,4.770992536,0,0,0,0,0
80509,"PI 515998","Yellow","Yellow","Yellow",0,0,NA,NA,0,0,NA,0
80532,"PI 540418","White","White","White",0,0,NA,NA,0,0,NA,0
80533,"PI 540419","Yellow","Yellow","Yellow",0,0,11.7773666,NA,0,0,0,0
80535,"PI 632381","Yellow","Yellow","Yellow",0,0,NA,NA,0,0,NA,0
80547,"PI 632392","Orange","Orange","Orange",266.9949183,414.0564489,68.65506511,NA,0,0,9.91989980795752,681.0513672
80549,"PI 632394","Orange","Orange","Orange",618.0779988,974.2313632,116.9738909,NA,30.25826587,36.45663097,13.6125194241957,1659.02425884
80551,"PI 634649","Orange","Orange","Orange",364.5817723,589.5905909,61.59308578,27.03904879,12.74271283,0,15.4915499218231,966.91507603
80554,"PI 634652","Yellow","Yellow","Yellow",0,0,8.58640428,NA,0,0,0,0
80555,"PI 634653","Orange","Orange","Orange",234.8783745,734.4983811,163.9418505,NA,16.43256147,35.53992248,5.91293042407131,1021.34923955
80556,"PI 634654","Orange","Orange","Orange",248.631556,177.3466419,15.87089748,NA,0,0,26.8402085286484,425.9781979
80557,"PI 634655","Orange","Orange","Orange",0,NA,NA,NA,0,0,NA,NA
80559,"PI 634657","Orange","Orange","Orange",83.2536806,225.2454295,17.87016104,NA,0,0,17.2633648577349,308.4991101
80561,"PI 642755","Orange","Orange","Orange",284.0873606,371.3688265,104.3159627,NA,0,0,6.28337380142876,655.4561871
80562,"PI 642756","Orange","Orange","Orange",434.2104749,709.393278,60.62719637,NA,42.10666609,32.12854777,18.8628836788152,1217.83896676
80563,"PI 642757","Orange","Yellow","Orange",82.05961883,166.5641629,118.8025329,NA,7.321049144,17.36478249,2.09274815663463,273.309613364
80564,"PI 642758","Orange","Orange","Orange",438.1998159,900.1769772,85.70186926,46.7359039,39.98070827,38.8716463,15.6166581272535,1417.22914767
80565,"PI 642759","Orange","Orange","Orange",272.6090003,448.0963127,95.9694355,NA,21.15102756,NA,7.50973796235365,NA
80566,"PI 642760","Orange","Orange","Orange",500.5989999,1101.90806,156.394201,NA,89.39775371,123.8584288,10.24658874596,1815.76324241
80567,"PI 642761","Orange","Yellow","Orange",194.7551988,NA,183.72206,11.23531247,NA,36.41979283,NA,NA
80568,"PI 643114","White","White","White",0,0,3.979497581,0,0,0,0,0
80569,"PI 643115","Orange","Orange","Orange",342.3252512,703.1508256,53.10057594,27.63204587,16.80002789,NA,19.6886014566267,NA
80570,"PI 643116","Orange","Orange","Orange",387.1660762,517.1679157,147.6011137,15.68277045,NA,28.96981148,6.1268778346623,NA
80571,"PI 643117","Orange","Orange","Orange",228.8570689,441.0135887,99.08545162,NA,11.69082367,0,6.76053493876178,681.56148127
80572,"PI 643118","Orange","Orange","Orange",383.7507291,617.1017699,57.79265248,NA,26.62015044,0,17.3179886378525,1027.47264944
80573,"PI 643119","Orange","Yellow","Orange",0,10.06425305,7.624670236,NA,0,0,1.31995912459026,10.06425305
80574,"PI 643120","Orange","Yellow","Orange",8.594896057,28.85966366,NA,NA,0,0,NA,37.454559717
80575,"PI 652118","Yellow","Yellow","Yellow",0,0,NA,NA,0,0,NA,0
80579,"PI 652122","Orange","Orange","Orange",616.3550636,1205.455798,99.30556428,25.72410553,113.2124604,0,18.3455063652149,1935.023322
80581,"PI 652124","Orange","Orange","Orange",481.9921769,830.1825167,NA,NA,0,0,NA,1312.1746936
80583,"PI 652126","Orange","Orange","Orange",1925.073838,NA,137.6956755,NA,287.9402963,56.59540513,NA,NA
80587,"PI 652130","Orange","Yellow","Orange",8.099701712,20.92779997,10.13809624,NA,0,0,2.86321031038072,29.027501682
80588,"PI 652131","Orange","Orange","Orange",188.3175345,352.218454,22.36040317,NA,0,0,24.1738033250319,540.5359885
80589,"PI 652132","Orange","Orange","Orange",226.2437438,557.7753292,184.6619169,NA,88.27143256,174.341633,4.24569985063336,1046.63213856
80590,"PI 652133","Orange","Orange","Orange",120.1373866,187.7803389,27.01935527,NA,0,0,11.3961907093278,307.9177255
80591,"PI 652134","Orange","Orange","Orange",91.19366153,188.9956309,62.56821354,NA,13.69230861,0,4.47814116110051,293.88160104
80592,"PI 652135","Orange","Orange","Orange",361.9811147,490.0497707,36.01328105,13.24707024,41.43219731,0,23.658796437266,893.46308271
80593,"PI 652136","Orange","Orange","Orange",301.7703775,371.920709,27.86430933,10.21012365,0,0,24.1775627208772,673.6910865
80594,"PI 652137","Orange","Orange","Orange",630.4506027,820.1827975,NA,NA,18.06274894,0,NA,1468.69614914
80601,"PI 652146","Orange","Orange","Orange",323.9393026,843.2481961,173.0565398,NA,169.5651908,149.6018629,6.7445442977706,1486.3545524
80603,"PI 652148","Orange","Orange","Orange",54.31617573,81.98207458,9.01195229,NA,0,0,15.1241646564465,136.29825031
80604,"PI 652149","Orange","Orange","Orange",139.5196017,392.4476355,81.2033259,13.66893446,NA,0,6.5510523282643,NA
80606,"PI 652152","Orange","Orange","Orange",93.36456017,198.9791883,56.44898307,NA,0,0,5.1789019495263,292.34374847
80607,"PI 652153","Orange","Orange","Orange",25.65413297,31.22682434,5.349459011,NA,0,0,10.6330298433985,56.88095731
80608,"PI 652154","Orange","Orange","Orange",88.49051371,150.2593247,23.13658659,NA,0,0,10.3191470133797,238.74983841
80610,"PI 652155","Orange","Orange","Orange",NA,NA,9.339061594,NA,0,0,NA,NA
80611,"PI 652156","Orange","Orange","Orange",174.6802987,601.0580567,84.71421807,NA,25.29643652,19.52268014,9.15712111937339,820.55747206
80612,"PI 652157","Orange","Orange","Orange",645.8488029,751.4688818,196.6512128,42.75187531,63.92941037,83.71989244,7.10556352439643,1544.96698751
80613,"PI 652158","Orange","Orange","Orange",31.58647039,74.73445832,39.97172394,NA,0,0,2.65990350752933,106.32092871
80614,"PI 652159","Orange","Orange","Orange",104.7574163,327.302541,41.0019857,9.266326129,0,0,10.5375373880978,432.0599573
80615,"PI 652160","Orange","Orange","Orange",0,NA,3.217707399,NA,0,0,NA,NA
80616,"PI 652161","Orange","Orange","Orange",442.4068025,597.4971649,76.6838031,19.56876282,0,34.00408864,13.5609336699682,1073.90805604
80618,"PI 652163","Orange","Orange","Orange",252.4017485,458.2966578,59.78879598,NA,0,22.60390467,11.8868158264591,733.30231097
80620,"PI 652165","Orange","Orange","Orange",283.8861036,371.2440363,46.47984873,NA,17.5077066,0,14.0949284001682,672.6378465
80622,"PI 652167","Orange","Yellow","Orange",163.690456,318.9696755,41.41812775,9.487382848,0,0,11.65335464735,482.6601315
80623,"PI 652168","Orange","Yellow","Orange",78.56267497,133.3184892,169.8806927,NA,0,0,1.24723510837203,211.88116417
80624,"PI 652169","Orange","Orange","Orange",1264.052456,1722.965118,162.3964038,91.27875147,131.4832853,300.6556003,18.393372661618,3419.1564596
80625,"PI 652170","Orange","Orange","Orange",65.04952918,207.4296618,32.74354469,NA,0,0,8.32161555994321,272.47919098
80626,"PI 652171","Orange","Orange","Orange",555.4345021,1065.599333,84.02287809,NA,33.18775766,77.59314351,19.2927673027774,1731.81473627
80627,"PI 652172","Orange","Orange","Orange",45.33194881,107.7939996,8.871287809,NA,0,0,17.2608477716902,153.12594841
80628,"PI 652173","Orange","Orange","Orange",166.8059079,475.8308526,41.59776926,NA,16.10372101,31.52396211,15.448827471572,690.26444362
80629,"PI 652174","Orange","Orange","Orange",48.9008788,143.4269857,27.80044736,NA,0,0,6.91815717961166,192.3278645
80630,"PI 652175","Orange","Orange","Orange",371.6267766,556.5807852,57.34501761,40.57624969,18.97365443,0,16.1863680662317,947.18121623
80631,"PI 652176","Orange","Orange","Orange",112.5940811,276.2893506,79.24085191,NA,29.48395703,54.96208691,4.90761295880167,473.32947564
80632,"PI 652177","Orange","Yellow","Orange",56.5806663,134.2955998,30.92813479,NA,0,0,6.17160612484514,190.8762661
80633,"PI 652178","Orange","Orange","Orange",311.7889845,518.5159323,57.31044438,22.0468374,40.47433008,22.97189862,14.4878464262922,893.7511455
80634,"PI 652179","Orange","Yellow","Orange",89.51704819,189.9751152,100.5048932,NA,34.97948776,48.34610161,2.7808811540531,362.81775276
80635,"PI 652180","Orange","Yellow","Orange",51.21090705,101.5788526,35.58097941,NA,0,0,4.29414148186878,152.78975965
80637,"PI 652182","Orange","Yellow","Orange",55.3176732,145.5522507,93.56620168,NA,0,NA,2.14682139804053,NA
80639,"PI 652188","Red","Orange","Orange",25.58278021,31.90709374,4.420806133,NA,0,0,13.0043870326851,57.48987395
80642,"PI 652200","Orange","Yellow","Orange",54.01089242,135.6089784,46.41681232,NA,0,0,4.08515495447534,189.61987082
80646,"PI 652204","Orange","Orange","Orange",126.3067985,192.4762783,52.72279468,NA,0,0,6.04639945084186,318.7830768
80648,"PI 652206","Orange","Orange","Orange",596.2650206,966.1713633,160.8211361,69.42205659,177.9374749,67.69637812,9.71536715751382,1808.07023692
80649,"PI 652207","Orange","Orange","Orange",92.90509416,169.5614517,17.97569063,0,0,0,14.6011939826092,262.46654586
80650,"PI 652208","Orange","Yellow","Orange",0,20.64672116,171.0092454,0,0,0,0.120734531701524,20.64672116
80651,"PI 652209","Yellow","Yellow","Yellow",0,0,4.832133234,0,0,0,0,0
80652,"PI 652210","Yellow","Yellow","Yellow",11.05979061,17.99041818,56.27664073,0,0,0,0.51620367550677,29.05020879
80653,"PI 652211","Orange","Orange","Orange",99.35394607,70.67506583,47.15475611,0,26.59996205,0,3.6057659062718,196.62897395
80654,"PI 652212","Yellow","Yellow","Yellow",0,0,4.250051224,0,0,0,0,0
80656,"PI 652216","Orange","Orange","Orange",967.1478078,1062.274381,120.4926292,19.3376291,64.29782759,47.18730078,16.8427081579526,2140.90731717
80657,"PI 652217","Orange","Orange","Orange",25.25850775,44.12668272,13.18902882,0,0,0,5.26082635931339,69.38519047
80659,"PI 652232","Orange","Orange","Orange",669.752015,1383.044732,131.8279251,74.12027398,NA,69.48860364,15.5717898574435,NA
80665,"PI 652247","Orange","Orange","Orange",16.42964851,124.638294,82.55460816,NA,0,0,1.70878338174163,141.06794251
80667,"PI 652249","Yellow","Yellow","Yellow",0,0,17.27037748,NA,0,0,0,0
80670,"PI 652254","Orange","Orange","Orange",47.80634276,427.9758799,122.0230399,NA,13.55307114,0,3.89911792928542,489.3352938
80672,"PI 652256","Orange","Yellow","Orange",0,13.18053973,26.31530455,NA,0,0,0.500869739316773,13.18053973
80675,"PI 652258","Orange","Orange","Orange",1494.063187,3004.999668,203.8185232,181.4782621,NA,35.13424315,22.0738664198112,NA
80676,"PI 652259","White","White","White",0,0,5.245956159,NA,0,0,0,0
80677,"PI 652260","Orange","Orange","Orange",31.01789004,329.1289095,192.6652244,NA,19.31934626,17.49842755,1.86928803919635,396.96457335
80683,"PI 652269","Yellow","Yellow","Yellow",0,0,4.989568791,NA,0,0,0,0
80684,"PI 652275","Orange","Orange","Orange",58.34569675,108.3679718,158.571483,NA,0,0,1.05134709845654,166.71366855
80685,"PI 652276","Orange","Yellow","Orange",0,28.07864467,13.47950863,NA,0,0,2.08306144094215,28.07864467
80686,"PI 652277","Orange","Orange","Orange",42.87703458,58.83782934,17.13722185,NA,0,0,5.93531815193254,101.71486392
80690,"PI 652281","Yellow","Yellow","Yellow",0,0,9.499360482,NA,0,0,0,0
80691,"PI 652282","Yellow","Yellow","Yellow",0,0,4.876191623,NA,0,0,0,0
80692,"PI 652283","Orange","Orange","Orange",122.2671343,249.8834023,35.42224972,NA,NA,0,10.5061236805035,NA
80693,"PI 652284","Orange","Orange","Orange",195.5910425,366.8241792,171.5532669,NA,21.05256161,29.94617844,3.27837080495726,613.41396175
80695,"PI 652286","Orange","Orange","Orange",91.39212417,178.6484353,95.66570869,NA,0,0,2.82275188432517,270.04055947
80696,"PI 652287","Orange","Orange","Orange",299.6581141,611.6442247,177.8652549,15.91133275,27.74056178,111.5237663,5.12355456557468,1050.56666688
80697,"PI 652288","Orange","Yellow","Orange",215.6292825,470.8054803,147.2897793,NA,41.04863615,129.4916661,4.66043717400017,856.97506505
80700,"PI 652334",NA,"Yellow",NA,0,18.83495736,102.1675031,NA,0,0,0.184353701407038,18.83495736
80701,"PI 652335","Orange","Yellow","Orange",227.6841787,351.397465,236.1062967,NA,62.35064734,22.27357727,2.45263108944438,663.70586831
80702,"PI 652336","White","White","White",0,0,50.76933043,NA,0,0,0,0
80706,"PI 652374","Yellow","Yellow","Yellow",0,0,21.54087241,NA,0,0,0,0
80711,"PI 652400","Orange","Yellow","Orange",62.06207722,58.36041103,28.49950793,NA,0,0,4.22542341944218,120.42248825
80713,"PI 652402","Yellow","Yellow","Yellow",0,0,34.20980109,NA,0,0,0,0
80714,"PI 652403","Orange","Yellow","Orange",107.5110818,129.9386455,39.44890649,NA,0,0,6.0191713390127,237.4497273
80719,"Heritage [Check]","Orange","Orange","Orange",331.7499887,614.417256,54.00665116,NA,13.27292792,0,17.5194577774668,959.44017262
80720,"B3475","Orange","Orange","Orange",138.1022066,147.9067623,NA,NA,0,0,NA,286.0089689
80723,"Bolero [Check]","Orange","Orange","Orange",392.7093711,709.4055258,68.30773498,16.72942804,23.83803891,58.99421418,16.1345548527219,1184.94714999
80724,"B2566","Orange","Orange","Orange",279.8700948,329.1470828,38.03962238,NA,NA,NA,16.0100742198798,NA
80725,"Heritage [Check]","Orange","Orange","Orange",797.1731356,795.0579536,57.44538182,NA,NA,74.54190882,27.7173036152691,NA
80727,"HCM","Orange","Orange","Orange",990.1020338,517.5268435,58.99568114,30.01428361,16.03761083,0,25.5549024634924,1523.66648813
80730,"Bolero [Check]","Orange","Orange","Orange",96.70143599,207.8016298,34.49092858,8.768593512,0,0,8.82849718249018,304.50306579
80731,"B7254","Orange","Orange","Orange",107.9908443,96.16267654,7.129482153,NA,0,0,28.6351121243911,204.15352084
80732,"B6333","Orange","Orange","Orange",1280.315864,892.9931287,127.1517509,63.7204953,169.3179786,117.5420387,17.0922458976536,2460.16901
80733,"Heritage [Check]","Orange","Orange","Orange",262.4720158,311.0028383,39.28817163,NA,15.80056056,19.39919162,14.5966287131087,608.67460628
80735,"B7322C","Orange","Orange","Orange",1110.190529,1096.054587,47.61483367,16.3874232,71.55724182,100.0451124,46.3352477778381,2377.84747022
80738,"B2327","Orange","Orange","Orange",29.71419754,89.94118597,71.64433982,NA,9.433535826,32.88184706,1.67013031051195,161.970766396
80741,"B5367","Orange","Orange","Orange",6.861338636,18.25502434,4.610738373,NA,0,0,5.44736242747556,25.116362976
80742,"Nb3999","Orange","Orange","Orange",77.95180435,99.93030121,14.68738467,NA,0,NA,12.1112171810504,NA
80743,"Nb4001","Orange","Orange","Orange",210.2701257,294.9315231,31.71010178,NA,0,14.85317633,15.9318835462912,520.05482513
80744,"Nb4002","Orange","Orange","Orange",266.284068,520.0854868,51.69486993,NA,31.00259593,110.9947523,15.2117522660338,928.36690303
80745,"Nb6526","Orange","Orange","Orange",110.6923869,153.7020619,14.84457699,NA,0,0,17.8108442549834,264.3944488
80746,"Nb8503","Orange","Orange","Orange",523.3395906,859.9950296,111.3114641,NA,52.09356648,77.20293773,12.4276024162007,1512.63112441
80747,"Ns5154","Orange","Yellow","Orange",72.70566032,174.2356471,NA,NA,0,0,NA,246.94130742
80748,"C1131","Orange","Orange","Orange",1114.022885,1174.87554,46.6626012,NA,8.123109706,0,49.0520966713703,2297.021534706
80749,"Nb2205","Orange","Orange","Orange",1531.095914,925.1893138,100.3295349,NA,13.90277776,14.32166855,24.482174967204,2484.50967411
80750,"Bolero [Check]","Orange","Orange","Orange",370.6817071,594.1531584,68.55556135,NA,NA,0,14.0737650819338,NA
80752,"L1408","Orange","Orange","Orange",893.0906626,994.6843682,40.03875102,32.806454,0,0,47.1486992652949,1887.7750308
80753,"L2577","Orange","Orange","Orange",3193.3248,1827.149639,139.0993964,94.55266507,142.8517431,107.4841988,36.0927118947584,5270.8103809
80754,"L9793","Orange","Orange","Orange",130.0309431,83.90483236,7.934874709,NA,0,0,26.9614560161041,213.93577546
80755,"Heritage [Check]","Orange","Orange","Orange",464.6678604,786.6273853,62.98032567,NA,NA,0,19.8680339040552,NA
80757,"Nb3271","Orange","Orange","Orange",872.0141989,1085.889256,86.17830384,29.8526873,NA,26.5254357,22.7192154829953,NA
80758,"Nb8524","Orange","Orange","Orange",409.7361537,1113.012887,78.9974049,NA,31.73906095,NA,19.2759375150056,NA
80760,"P1129","Orange","Orange","Orange",1116.458307,1878.119013,102.5250993,69.95675726,81.45253097,NA,29.2082362313791,NA
80761,"P6423","Yellow","White","Yellow",0,0,40.22792619,NA,0,0,0,0
80762,"R5647","Red","Orange","Orange",145.2997608,446.8469317,78.08236249,169.2289819,21.51308739,0,7.58361649951148,613.65977989
80763,"R6220","Red","Orange","Orange",15.30616242,33.77767208,23.85849388,10.7460319,0,0,2.05728973282533,49.0838345
80764,"R6636","Yellow","Yellow","Yellow",0,0,3.094200761,NA,0,0,0,0
80765,"R6637","Red","Orange","Orange",89.1124665,243.4342279,69.36810709,143.9281202,34.05582547,0,4.7939421781907,366.60251987
80766,"R4294","Red","White","Red",0,0,10.07209194,NA,0,0,0,0
80768,"W2383","White","White","White",0,0,NA,NA,0,0,NA,0
80769,"Braslia","Orange","Orange","Orange",227.4286975,641.4787009,44.91593047,NA,28.90137458,0,19.3451942174582,897.80877298
80771,"W133B","Orange","Orange","Orange",34.12921809,71.54644963,6.402704228,NA,0,0,16.5048491944801,105.67566772
80782,"W277B","Orange","Orange","Orange",1291.387331,2003.872587,229.3508743,NA,48.14242441,0,14.3677669773766,3343.40234241
80783,"W278B","Orange","Orange","Orange",478.2809524,735.8948238,86.11518,50.05522048,12.42551734,0,14.0994395668685,1226.60129354
80784,"W279B","Orange","Orange","Orange",52.3480382,81.17500045,11.82125644,NA,0,0,11.2951647168564,133.52303865
80786,"W281C","Orange","Orange","Orange",395.6803148,930.2543815,73.81690695,NA,14.64783983,0,17.9624797500405,1340.58253613
80788,"W285B","Orange","Orange","Orange",699.3168034,944.1275954,152.0194604,56.45702862,30.48041308,63.14670615,10.8107501136743,1737.07151803
82215,"B493B","Orange","Orange","Orange",366.5094895,646.2821156,71.19193901,NA,19.95851183,0,14.2262118321814,1032.75011693
82217,"7393B","Orange","Orange","Orange",338.45461,365.0226001,30.05280604,NA,0,0,23.4080374778874,703.4772101
