Taxa,Exterior,Interior,Color,Ratio,Total,Lutein,Alpha,Beta,Lycopene,Phytoene,Zeta
80013,1,4,1,NA,NA,1.466524699,0,NA,1.58242724,0,0
80017,2,1,1,3.637720683,15.93205567,4.379680866,6.760185459,9.171870212,NA,0,0
80018,2,2,2,0,0,1.753930831,0,0,NA,0,0
80020,2,2,2,0,0,1.634281488,0,0,NA,0,0
80024,1,1,1,5.713867522,231.3461743,34.63797542,52.50918318,145.4076196,NA,8.929309792,24.50006176
80027,2,1,1,8.749276898,490.2020704,50.77543894,256.7937497,187.4546252,NA,28.83725921,17.11643624
80028,1,1,1,NA,553.4257686,NA,197.2256615,316.5325454,NA,20.33486111,19.33270063
80029,1,1,1,4.438551334,213.7116389,41.41882264,61.76554517,122.0740253,NA,13.08308759,16.78898086
80030,1,2,1,6.989396604,288.2409383,37.16568667,89.44252109,170.3232031,NA,9.59640642,18.87880765
80032,1,2,1,12.8304399,513.6052682,36.34347205,143.0343741,323.2683598,NA,18.96064809,28.34188621
80035,1,1,1,11.02581565,410.2877955,32.37223161,111.2931886,245.6370693,NA,19.79276051,33.5647771
80036,1,2,1,10.08459998,598.8211111,50.10642277,145.3688912,359.9343391,NA,42.08957927,51.42830157
80037,1,2,1,13.19355986,431.9748757,29.54851549,149.6379537,240.2121543,NA,15.74816887,26.37659883
80038,1,1,1,7.137248273,419.5613301,50.46611225,119.2697967,240.9193758,NA,13.72755,45.64460758
80039,1,1,1,NA,505.4291305,NA,165.3009654,295.9105097,NA,10.55023669,33.66741866
80041,1,2,1,9.958908427,518.0811451,47.52295057,166.2820225,306.9946904,7.269721165,18.59880516,26.205627
80042,1,1,1,15.17283851,274.4211407,16.50364321,75.6734784,174.7336348,NA,6.834426894,17.17960056
80043,1,1,1,39.76503611,NA,7.119282571,140.088984,143.0095445,NA,9.894361278,NA
80045,1,1,1,25.8343254,144.3116422,5.397967337,68.32906089,71.12378377,NA,4.858797545,0
80046,1,1,1,10.40406285,339.8481225,31.28428617,156.1602469,169.3234325,NA,8.25995889,6.104484221
80047,1,1,1,19.73815842,987.3013787,46.08920429,377.466946,532.2490698,8.989898536,24.95643258,52.62893027
80048,1,1,1,40.56252123,969.6909108,22.77946478,371.5431942,552.4493296,NA,24.44521331,21.25317365
80049,1,1,1,15.52643735,810.3856674,49.19009796,497.9424323,265.804542,NA,18.60137785,28.03731526
80052,1,1,1,13.81860353,196.4537223,13.78999878,63.24327248,127.3152534,5.204341705,5.89519639,0
80053,1,1,1,27.11857365,1000.046592,35.18187384,392.7905487,561.2916883,9.48562669,24.72226722,21.24208817
80054,2,2,2,0,0,8.904615844,0,0,NA,0,0
80056,1,4,1,3.499654226,64.32897095,17.72508163,21.73093472,40.30072211,NA,2.297314115,0
80057,2,2,2,NA,NA,6.439424137,NA,NA,NA,0,0
80059,1,2,1,0.10645973,3.432411321,32.24140532,0,3.432411321,NA,0,0
80060,2,2,2,NA,NA,25.37914243,0,NA,NA,0,0
80061,2,2,2,NA,NA,4.304343011,0,NA,NA,0,0
80062,2,2,2,0,0,2.421138443,0,0,NA,0,0
80063,1,2,1,4.687482237,73.68590785,15.71971991,26.63997928,47.04592857,NA,0,0
80064,4,4,4,0,0,5.262259428,0,0,NA,0,0
80067,1,2,1,NA,NA,14.42630717,NA,6.504445181,NA,0,0
80068,2,2,2,0,0,1.353608741,0,0,NA,0,0
80069,1,2,1,3.399031434,40.67240786,11.96588165,12.24345224,28.42895562,NA,0,0
80071,1,2,1,6.616303584,40.19963709,6.075845308,16.10974304,24.08989405,NA,0,0
80072,4,4,4,NA,0,NA,0,0,NA,0,0
80076,2,2,2,0,0,4.277030977,0,0,NA,0,0
80077,1,1,1,17.50441805,138.7514427,7.926652704,49.50660204,89.24484066,NA,0,0
80080,1,2,1,3.963560401,171.2707234,43.21133174,90.65989116,80.61083221,NA,0,0
80098,1,2,1,0.872525256,18.62946357,21.35120266,7.586886176,11.04257739,NA,0,0
80101,2,2,2,0,0,14.71965424,0,0,NA,0,0
80103,4,4,4,0,0,8.994641321,0,0,NA,0,0
80104,4,4,4,0,0,6.719321468,0,0,NA,0,0
80108,2,2,2,0,0,32.78288056,0,0,NA,0,0
80110,4,4,4,0,0,7.211846938,0,0,NA,0,0
80111,1,2,1,3.58713687,96.0380326,26.77289328,21.2886112,74.7494214,NA,0,0
80112,2,2,2,0,0,28.7023616,0,0,NA,0,0
80113,2,2,2,0,0,23.38416742,0,0,NA,0,0
80114,2,2,2,0,0,15.90490684,0,0,NA,0,0
80115,2,2,2,0,0,20.2060043,0,0,NA,0,0
80116,2,2,2,0,0,12.25507665,0,0,NA,0,0
80117,NA,2,NA,0.214208559,11.61719641,54.23311027,0,11.61719641,NA,0,0
80118,2,2,2,0,0,21.22282823,0,0,NA,0,0
80119,4,4,4,0,0,13.41526519,0,0,NA,0,0
80120,4,4,4,0,0,1.98543091,0,0,NA,0,0
80122,2,2,2,0,0,22.46960583,0,0,NA,0,0
80123,2,2,2,0,0,27.63456919,0,0,NA,0,0
80124,2,2,2,0,0,4.050878608,0,0,NA,0,0
80127,2,2,2,0,0,37.53746429,0,0,NA,0,0
80130,1,2,1,0.467377847,11.6287243,24.88077769,0,11.6287243,NA,0,0
80131,2,2,2,0,0,29.23814789,0,0,NA,0,0
80132,4,4,4,0,0,7.296636083,0,0,NA,0,0
80133,2,2,2,0,0,4.824016144,0,0,NA,0,0
80134,4,4,4,0,0,3.054283728,0,0,NA,0,0
80136,NA,2,NA,0.649899331,19.61473977,30.18119706,0,19.61473977,NA,0,0
80138,2,2,2,0,0,10.78770149,0,0,NA,0,0
80139,2,2,2,0,0,21.73556371,0,0,NA,0,0
80140,4,4,4,0,0,4.213676638,0,0,NA,0,0
80141,1,4,1,10.2996565,73.8058823,7.165858621,6.934670753,66.87121155,NA,0,0
80142,1,1,1,2.839660111,NA,63.189139,35.33375179,144.1019257,NA,NA,10.98023818
80144,2,2,2,0,0,22.84254536,0,0,NA,0,0
80145,1,2,1,0.175329691,9.232884888,52.66013323,0,9.232884888,NA,0,0
80146,4,2,2,0,0,17.68373818,0,0,NA,0,0
80147,2,2,2,0,0,26.86065458,0,0,NA,0,0
80148,2,2,2,0,0,17.54784331,0,0,NA,0,0
80150,1,1,1,7.638899343,848.4671947,92.52142098,247.6043898,459.1574321,NA,45.39685191,96.30852089
80151,1,1,1,11.6706842,459.6107345,36.01717135,134.543135,285.8018977,NA,14.89574296,24.3699588
80152,1,2,1,10.05192574,596.3588183,53.47372842,144.1381904,393.3757569,NA,19.58980788,39.25506308
80153,1,2,1,4.145167241,94.48378974,22.793722,28.90242564,65.5813641,NA,0,0
80154,1,1,1,9.986764175,608.5843003,58.19779069,228.1237963,353.0838148,13.74733801,8.804919617,18.57176963
80155,1,2,1,1.982085603,52.71051305,26.59345942,15.18268583,37.52782722,NA,0,0
80157,2,2,2,0,0,43.52632382,0,0,NA,0,0
80160,1,2,1,0.213638343,9.188304976,43.0086886,0,9.188304976,NA,0,0
80162,1,2,1,5.937417991,348.3657808,57.6116187,90.43716138,251.6271,NA,6.301519465,0
80163,1,1,1,8.754948517,323.0072517,36.89424913,139.8493831,183.1578686,2.707291442,0,0
80164,1,2,1,2.997464355,208.4440907,69.54013992,70.73807428,137.7060164,NA,0,0
80165,NA,2,NA,0.214698957,7.953118137,37.04311487,0,7.953118137,NA,0,0
80167,2,2,2,0,0,17.83112273,0,0,NA,0,0
80168,2,2,2,0,0,33.05107938,0,0,NA,0,0
80170,2,2,2,0,0,1.897016455,0,0,NA,0,0
80171,2,2,2,0,0,37.1880379,0,0,NA,0,0
80173,1,1,1,0.609677959,144.9110607,216.8314553,17.80836702,114.3889921,NA,12.71370158,0
80174,4,4,4,0,0,21.64006928,0,0,NA,0,0
80175,2,2,2,0,0,106.1945741,0,0,NA,0,0
80176,2,2,2,0,0,70.43167318,0,0,NA,0,0
80177,2,2,2,0,0,49.36173283,0,0,NA,0,0
80180,2,2,2,0,0,35.06801162,0,0,NA,0,0
80181,2,2,2,0,0,23.33080516,0,0,NA,0,0
80182,2,2,2,NA,NA,47.31846065,0,NA,NA,0,0
80185,4,4,4,0,0,19.93517616,0,0,NA,0,0
80187,4,4,4,0,0,35.37535893,0,0,NA,0,0
80188,4,2,2,0,0,57.15088617,0,0,NA,0,0
80189,4,4,4,0,0,3.758561399,0,0,0,0,0
80191,1,1,1,6.046170888,227.8188122,35.44316945,94.656376,119.6390833,NA,13.52335292,0
80192,1,1,1,8.094204098,1090.823129,120.0263532,372.9226049,598.595195,27.50390183,70.08947004,49.2158586
80194,1,1,1,8.305273885,560.5595443,67.49440802,231.5393953,329.020149,NA,0,0
80196,1,1,1,14.95834754,502.6886479,33.60589441,232.660856,270.0277919,NA,0,0
80197,1,1,1,9.546082639,1089.656295,101.0759989,385.1230492,579.7567891,NA,40.2496571,84.52679945
80199,1,1,1,8.696871626,149.2949264,17.16650916,53.63198653,95.6629399,NA,0,0
80200,1,2,1,2.603238202,230.7307832,88.6322208,64.69980175,166.0309814,NA,0,0
80201,1,1,1,6.499083596,1298.541395,192.7990241,627.6969058,625.3200691,NA,45.52441989,0
80203,1,1,1,6.540544363,448.9576585,63.63765841,159.3210816,256.9038464,NA,32.73273045,0
80204,1,1,1,4.961792546,478.4093925,96.4186608,148.016089,330.3933035,13.34330909,0,0
80205,1,2,1,0.22197201,19.68249385,88.67106176,0,19.68249385,NA,0,0
80206,1,2,1,0.234593374,38.63216494,164.6771361,11.22932124,27.4028437,NA,0,0
80208,2,2,2,0,0,128.4010286,0,0,NA,0,0
80209,1,2,1,1.573092492,528.7836604,297.9489963,144.6716794,324.0296497,NA,29.99968099,30.08265035
80211,1,1,1,10.8502851,1323.629809,116.6224682,406.7951102,858.5919192,34.68973121,21.44818493,36.79459455
80212,1,2,1,2.047589594,50.73943801,24.78008199,23.45264395,27.28679406,NA,0,0
80213,1,1,1,7.513721367,607.9569103,78.71162835,209.7341257,381.6831181,NA,16.53966653,0
80214,2,2,2,0,0,58.25877864,0,0,NA,0,0
80218,4,4,4,0,0,53.99261312,0,0,NA,0,0
80219,4,4,4,0,0,15.1371575,0,0,NA,0,0
80220,2,2,2,0,0,2.722922679,0,0,0,0,0
80229,1,1,1,6.174255168,578.2884514,77.16344442,123.8539098,352.5728857,8.168665276,34.80729159,67.05436427
80231,1,1,1,13.44393666,140.3242877,10.43773794,39.55932161,100.7649661,NA,0,0
80232,1,1,1,18.8461423,991.4735985,48.78750274,384.0376411,535.4185778,11.89479439,33.09459169,38.92278789
80233,2,2,2,0,0,47.41057648,0,0,NA,0,0
80235,1,1,1,5.409230676,405.9884822,65.21897708,192.0112617,160.7732298,NA,24.61260035,28.59139034
80236,1,1,1,4.924606947,343.0723461,59.86569437,89.51225007,205.3027643,NA,16.18303762,32.07429414
80237,1,1,1,7.104149594,NA,147.6971409,422.4791454,626.7834382,NA,NA,29.49365587
80238,1,1,1,8.079099738,87.24546812,10.79890965,55.13548646,32.10998166,NA,0,0
80246,1,2,1,5.037226056,65.39114124,12.98157766,11.3681363,54.02300494,NA,0,0
80248,1,1,1,28.31309385,NA,24.1461804,359.7983953,323.8546765,NA,NA,0
80249,1,2,1,1.100291182,41.55782595,37.76984367,6.936297398,34.62152855,NA,0,0
80251,2,2,2,0,0,55.61703547,0,0,NA,0,0
80254,1,1,1,4.605021064,324.6437899,70.49778608,98.25471086,226.389079,NA,0,0
80259,1,2,1,4.134780802,NA,87.11166298,113.7294871,246.4581446,NA,10.08448122,NA
80260,1,1,1,9.391561547,549.3136586,57.94509691,219.8857639,324.3091801,16.12109974,5.118714601,0
80262,2,2,2,0,0,43.33063462,0,0,NA,0,0
80263,2,2,2,0,0,67.96642164,0,0,NA,0,0
80264,2,2,2,0,0,46.92817147,0,0,NA,0,0
80266,1,1,1,1.138774349,130.6047361,103.4035706,0,117.7533338,47.74530856,12.85140227,0
80267,1,2,1,0.620041897,43.59942763,70.31690572,0,43.59942763,11.07874917,0,0
80270,1,1,1,2.720068892,323.5006511,111.3525234,70.92165918,231.9648758,NA,20.61411607,0
80271,1,2,1,6.544757034,76.60941131,11.705463,35.32563124,41.28378007,NA,0,0
80272,1,1,1,6.695607858,327.8760941,45.20826454,124.3887589,178.3080524,NA,7.853297977,17.32598479
80275,1,1,1,10.77365998,59.37567619,5.511188984,34.02257791,25.35309828,NA,0,0
80276,1,1,1,15.97167029,883.0784244,53.42926639,395.401285,457.9533418,NA,16.23671817,13.48707947
80277,1,1,1,9.643707286,272.9299218,28.30134861,76.92833989,196.0015819,NA,0,0
80287,1,1,1,8.536240325,NA,89.08335326,290.9811948,469.4557176,13.22941306,NA,12.97793962
80288,1,1,1,5.572356903,NA,48.69443927,88.85734942,182.4854454,NA,NA,23.42235066
80290,1,1,1,5.537433935,66.74744056,12.05385768,16.96081145,49.78662911,NA,0,0
80291,1,1,1,3.302517975,NA,99.69111827,70.8097887,258.4219213,NA,NA,15.86332752
80292,1,1,1,15.65787915,69.54886806,4.44178087,16.20046158,53.34840648,NA,0,0
80293,1,1,1,8.28873643,287.4764822,34.68278725,66.73375658,220.7427256,NA,0,0
80294,1,1,1,8.468661797,810.0304527,91.26004516,305.9462318,466.9042262,NA,18.14769796,19.03229677
80295,1,1,1,8.745758738,94.24137945,10.7756665,32.80312552,61.43825393,NA,0,0
80298,4,4,4,0,0,2.349812889,0,0,NA,0,0
80299,4,4,4,0,0,2.440088775,0,0,NA,0,0
80300,2,2,2,0,0,65.37095398,0,0,NA,0,0
80301,2,2,2,0,0,69.31535226,0,0,NA,0,0
80302,1,1,1,7.492556062,157.7094919,21.04882374,30.64878741,127.0607045,NA,0,0
80304,4,4,4,0,0,3.949436992,0,0,NA,0,0
80307,2,2,2,0,0,39.01632114,0,0,NA,0,0
80312,2,2,2,0,0,27.76179633,0,0,NA,0,0
80313,1,1,1,7.000484709,795.9580339,106.9650236,199.5842661,549.222746,NA,23.16468622,23.98633561
80314,1,1,1,6.477005168,487.8853569,75.3257631,211.8747273,276.0106296,NA,0,0
80315,1,1,1,23.93939837,1108.894615,45.80147151,485.9399114,610.5197609,20.48172811,12.43494223,0
80316,1,1,1,16.49280441,NA,113.1447505,847.4500352,1018.624205,22.66880601,55.46632336,NA
80317,1,1,1,8.085801783,71.3648585,8.825947063,25.85766607,45.50719243,NA,0,0
80319,1,1,1,16.47728874,179.3560894,10.88504864,62.93275056,116.4233388,NA,0,0
80320,1,1,1,16.53764792,2320.094545,130.11326,867.6515917,1284.115692,30.38161687,135.0837078,33.24355359
80322,1,1,1,6.216872533,144.9361397,23.31335232,43.80778908,101.1283506,NA,0,0
80324,1,1,1,4.570656112,1024.847231,214.9488343,359.265316,623.1918873,NA,18.58150847,23.80851885
80326,1,1,1,6.857282885,1885.543254,252.1114539,593.236018,1135.56354,28.89156228,85.68325871,71.06043684
80330,2,2,2,0,0,89.20006694,0,0,NA,0,0
80331,1,1,1,15.42288666,559.5029351,35.32458992,159.7595808,385.0475659,NA,14.6957884,0
80332,1,2,1,1.931257717,NA,159.4944314,85.80230027,222.2225512,NA,NA,10.69794734
80333,2,4,2,0,0,3.976160145,0,0,0,0,0
80334,1,1,1,4.818781511,468.3397265,91.60321476,0,441.4158776,227.3959992,26.92384887,0
80335,3,2,3,0.26833282,56.25293426,117.3993761,0,31.5021057,52.33504474,24.75082856,0
80336,1,1,1,1.176709807,133.8096066,87.18812199,0,102.5951182,57.03289851,31.21448842,0
80340,1,1,1,9.636093697,569.2507769,56.75584414,212.5574514,334.3471806,16.93174612,8.446905208,13.89923968
80341,1,2,1,1.454304319,105.5215868,72.55811966,23.46609662,82.05549016,NA,0,0
80342,1,1,1,4.19446049,665.4194851,142.4640584,196.2431085,401.3167557,NA,21.50166385,46.35795706
80343,1,1,1,3.534753074,309.8559181,80.45362202,77.68409954,206.6995882,NA,5.700321017,19.7719093
80344,1,1,1,14.13948503,562.1747217,39.33815977,193.4736598,362.7476615,15.96378237,5.953400383,0
80345,1,1,1,NA,NA,NA,649.6251739,1104.158307,NA,NA,60.96466396
80347,1,1,1,5.198957258,447.4692547,86.06903894,136.7741925,310.6950622,11.69931781,0,0
80348,1,1,1,10.03239547,527.3414505,51.71379525,205.4018739,313.4113714,NA,8.52820522,0
80350,1,2,1,4.099261449,28.29197162,6.901724121,10.1830165,18.10895512,NA,0,0
80351,1,1,1,10.67673216,NA,57.26460627,225.8231347,385.5757286,14.57346112,NA,NA
80352,1,1,1,10.04560975,804.2931403,76.79710508,205.4407301,566.0330176,NA,0,32.81939259
80354,2,2,2,0,0,27.26666137,0,0,NA,0,0
80355,1,1,1,NA,NA,9.951583798,NA,NA,NA,0,0
80356,1,1,1,1.926924015,329.266617,170.8768039,85.53351534,243.7331017,NA,0,0
80357,1,1,1,7.362526902,124.0603345,16.85023853,33.38260612,90.67772837,NA,0,0
80358,1,1,1,7.300846936,83.52737507,11.44077883,30.14985404,53.37752103,NA,0,0
80359,1,1,1,6.045244883,199.7894597,33.04902672,62.14223127,137.6472284,NA,0,0
80360,1,1,1,10.10356317,261.9860621,25.32774069,129.2312782,126.6691499,NA,6.085633955,0
80361,1,1,1,4.813511857,353.4515697,73.42904312,129.9562416,223.4953281,NA,0,0
80363,1,1,1,11.30442042,756.29828,63.37641069,296.4006999,420.0328911,18.42628802,13.92502165,25.9396673
80365,1,1,1,7.342533952,72.37790198,9.857346586,26.23796178,46.1399402,NA,0,0
80366,1,1,1,6.125230821,NA,80.58234144,140.7138639,352.8715775,13.01572295,0,NA
80367,1,1,1,10.62952552,1139.591624,105.6856129,424.0172241,699.3706954,18.84590107,16.20370406,0
80369,1,1,1,5.497731009,197.4156527,35.90856889,66.72503876,130.6906139,NA,0,0
80370,1,1,1,7.812794367,580.4069966,68.20082061,153.817901,379.0210861,NA,18.27857787,29.28943159
80371,1,1,1,4.619121615,707.9105264,143.1243781,224.9136963,436.1952122,NA,7.638482817,39.16313509
80372,1,1,1,4.139960392,556.1337369,119.7335346,189.3590547,306.3330361,12.20553423,27.61410921,32.82753684
80373,1,2,1,1.75563132,111.2384058,63.36091441,48.67779997,62.56060583,NA,0,0
80376,1,1,1,10.1788532,1487.585888,125.6643012,461.5081549,817.6103189,NA,110.2278497,98.23956483
80378,1,1,1,7.295707806,719.8661002,96.32310232,207.8431038,494.9021057,12.00518761,0,17.12089073
80382,4,4,4,0,0,28.04174263,0,0,NA,0,0
80383,1,1,1,5.132461566,428.8080392,82.14069138,192.3716884,229.2122531,9.170637019,7.224097721,0
80384,1,1,1,4.247450048,278.7017052,57.29693195,78.88479164,164.4810647,NA,18.02152997,17.31431891
80386,1,2,1,0.17566034,11.37384541,64.74908008,0,11.37384541,NA,0,0
80387,2,2,2,0,0,20.83593642,0,0,NA,0,0
80388,1,2,1,2.273620458,181.2008,79.69703095,53.09001184,128.1107882,NA,0,0
80389,2,2,2,0,0,52.23724272,0,0,NA,0,0
80390,4,4,4,0,0,33.91730136,0,0,NA,0,0
80391,2,2,2,0,0,42.90491888,0,0,NA,0,0
80394,1,1,1,4.602223956,332.2715403,72.19803805,116.4374303,215.83411,NA,0,0
80395,1,2,1,0.288772928,10.50518662,36.37871001,0,10.50518662,NA,0,0
80397,1,2,1,5.082137785,71.294831,14.02851202,25.58360209,45.71122891,NA,0,0
80398,1,1,1,6.014609108,227.2330087,37.780179,69.27128582,157.9617229,NA,0,0
80399,1,1,1,7.351358235,1363.682952,176.7103539,478.7844339,820.2766815,49.20509568,26.08255026,38.53928662
80401,1,1,1,4.228284375,108.2996939,25.61315282,36.29808476,72.0016091,NA,0,0
80402,1,2,1,0,0,3.689448008,0,0,NA,0,0
80403,1,1,1,9.146722127,253.7335563,27.74038095,74.32692266,179.4066336,NA,0,0
80404,1,1,1,4.506960915,312.7087387,66.47342721,78.60120192,220.9919364,NA,13.11560037,0
80407,4,4,4,0,0,5.933068788,0,0,NA,0,0
80408,4,4,4,0,0,3.733779441,0,0,NA,0,0
80410,4,4,4,0.533772359,29.43885473,55.15245258,8.351718591,21.08713614,NA,0,0
80411,4,4,4,0,0,3.664235987,0,0,0,0,0
80413,1,1,1,17.27669551,1293.470789,74.24214231,525.7869407,756.8719461,23.94278432,10.81190206,0
80414,1,2,1,2.347068245,28.03991841,11.94678445,11.26982944,16.77008897,NA,0,0
80415,1,2,1,0,0,2.82178225,0,0,NA,0,0
80419,1,1,1,14.55077335,397.1114855,26.34945903,144.0802895,239.3247168,NA,13.70647919,0
80421,4,4,4,0,0,15.33572945,0,0,NA,0,0
80424,1,1,1,4.785031572,NA,118.7960529,182.648958,385.7939058,126.7594811,26.5791789,NA
80426,1,1,1,55.22636317,1997.173189,35.85540559,1171.662642,808.5010086,17.68951172,17.0095381,0
80427,1,1,1,12.64177233,1509.300142,108.9072883,554.4922584,822.288885,NA,77.98194195,54.53705644
80428,1,2,1,0,0,20.27745135,0,0,NA,0,0
80431,2,2,2,0,0,86.94437187,0,0,0,0,0
80433,1,2,1,0,0,9.9248048,0,0,0,0,0
80434,2,2,2,0,0,95.16196508,0,0,NA,0,0
80435,2,2,2,0,0,103.9985915,0,0,NA,0,0
80436,1,1,1,3.531512272,745.7174624,177.7060446,180.562861,447.0082164,NA,33.84496107,84.3014239
80441,2,2,2,0,0,13.38145166,0,0,NA,0,0
80442,2,2,2,0,0,2.754568148,0,0,NA,0,0
80445,2,2,2,0,0,2.734084712,0,0,NA,0,0
80446,1,2,1,2.284241964,221.9899556,85.70769291,54.47707686,141.3000319,64.68775115,26.21284683,0
80447,1,2,1,3.138717423,41.12050874,13.10105473,18.51939219,22.60111655,NA,0,0
80448,1,1,1,14.38482969,1023.079051,66.46533646,339.7264097,616.3661353,29.3658989,53.31704247,13.66946328
80451,1,1,1,30.1912543,3081.810956,98.22407456,1493.205238,1472.302775,NA,73.7534794,42.549464
80452,4,4,4,0,0,3.006362849,0,0,NA,0,0
80453,2,2,2,0,0,116.3554777,0,0,NA,0,0
80454,1,2,1,0.209783998,13.78869405,65.72805444,0,13.78869405,NA,0,0
80455,2,2,2,0,0,3.099442205,0,0,NA,0,0
80456,2,2,2,0,0,2.6181603,0,0,NA,0,0
80457,2,2,2,0,0,28.99071484,0,0,NA,0,0
80458,2,2,2,0,0,16.93056847,0,0,NA,0,0
80459,4,4,4,0,0,3.823463552,0,0,NA,0,0
80460,4,4,4,0,0,3.170361412,0,0,NA,0,0
80461,2,2,2,0,0,103.2616402,0,0,NA,0,0
80462,1,2,1,0,0,10.44044623,0,0,NA,0,0
80463,1,1,1,6.215008316,695.1608605,95.73187833,185.6370468,409.3373731,NA,25.96449726,74.22194337
80466,1,4,1,NA,NA,11.83356444,NA,0,NA,0,0
80468,1,1,1,28.7790868,335.4879465,11.65735205,118.9851598,216.5027867,NA,0,0
80470,1,1,1,11.62844851,54.35126374,4.673991004,19.73232354,34.6189402,NA,0,0
80472,1,2,1,10.74514086,80.35883151,7.478620573,44.35692519,36.00190632,NA,0,0
80473,1,1,1,12.25245177,1161.537851,89.74559522,413.9977372,685.6058394,31.02027088,12.18163465,49.75264012
80474,1,2,1,0,0,2.451596578,0,0,NA,0,0
80475,2,2,2,0,0,45.68619682,0,0,NA,0,0
80479,1,1,1,15.94532002,964.6003196,55.49856748,337.2187728,547.7236462,39.11261628,50.47256908,29.18533156
80480,1,1,1,8.122462425,111.3892762,13.71373241,41.82797865,69.56129755,NA,0,0
80482,1,1,1,3.733509606,411.773405,92.73129589,150.8208859,195.3922981,NA,20.3282355,45.23198553
80483,1,1,1,12.33584851,108.4411471,8.790732719,29.44445815,78.99668896,NA,0,0
80484,1,1,1,10.45332299,354.5918255,30.36026963,87.30158917,230.0641153,NA,17.97985566,19.24626541
80485,1,1,1,6.401409236,331.59063,43.73475122,70.13850208,209.8255383,NA,15.8946415,35.73194809
80486,1,1,1,10.27343111,52.22928582,5.083918436,13.72629178,38.50299404,NA,0,0
80487,1,1,1,6.722149329,101.0400806,15.03091878,36.40941015,64.63067044,NA,0,0
80490,1,1,1,5.781318572,59.20624565,10.24095886,12.37280095,46.8334447,NA,0,0
80491,1,1,1,7.597496757,681.7461035,82.48662917,188.3250675,438.3668301,14.18714037,21.6215576,33.43264834
80492,1,2,1,5.631003605,29.97015669,5.322347275,6.631116122,23.33904057,NA,0,0
80493,1,1,1,5.401347245,770.0930932,136.4419891,312.9194325,424.0511294,NA,14.66287206,18.4596592
80504,2,2,2,0,0,4.770992536,0,0,0,0,0
80509,2,2,2,NA,0,NA,0,0,NA,0,0
80532,4,4,4,NA,0,NA,0,0,NA,0,0
80533,2,2,2,0,0,11.7773666,0,0,NA,0,0
80535,2,2,2,NA,0,NA,0,0,NA,0,0
80547,1,1,1,9.919899808,681.0513672,68.65506511,266.9949183,414.0564489,NA,0,0
80549,1,1,1,13.61251942,1659.024259,116.9738909,618.0779988,974.2313632,NA,30.25826587,36.45663097
80551,1,1,1,15.49154992,966.915076,61.59308578,364.5817723,589.5905909,27.03904879,12.74271283,0
80554,2,2,2,0,0,8.58640428,0,0,NA,0,0
80555,1,1,1,5.912930424,1021.34924,163.9418505,234.8783745,734.4983811,NA,16.43256147,35.53992248
80556,1,1,1,26.84020853,425.9781979,15.87089748,248.631556,177.3466419,NA,0,0
80557,1,1,1,NA,NA,NA,0,NA,NA,0,0
80559,1,1,1,17.26336486,308.4991101,17.87016104,83.2536806,225.2454295,NA,0,0
80561,1,1,1,6.283373801,655.4561871,104.3159627,284.0873606,371.3688265,NA,0,0
80562,1,1,1,18.86288368,1217.838967,60.62719637,434.2104749,709.393278,NA,42.10666609,32.12854777
80563,1,2,1,2.092748157,273.3096134,118.8025329,82.05961883,166.5641629,NA,7.321049144,17.36478249
80564,1,1,1,15.61665813,1417.229148,85.70186926,438.1998159,900.1769772,46.7359039,39.98070827,38.8716463
80565,1,1,1,7.509737962,NA,95.9694355,272.6090003,448.0963127,NA,21.15102756,NA
80566,1,1,1,10.24658875,1815.763242,156.394201,500.5989999,1101.90806,NA,89.39775371,123.8584288
80567,1,2,1,NA,NA,183.72206,194.7551988,NA,11.23531247,NA,36.41979283
80568,4,4,4,0,0,3.979497581,0,0,0,0,0
80569,1,1,1,19.68860146,NA,53.10057594,342.3252512,703.1508256,27.63204587,16.80002789,NA
80570,1,1,1,6.126877835,NA,147.6011137,387.1660762,517.1679157,15.68277045,NA,28.96981148
80571,1,1,1,6.760534939,681.5614813,99.08545162,228.8570689,441.0135887,NA,11.69082367,0
80572,1,1,1,17.31798864,1027.472649,57.79265248,383.7507291,617.1017699,NA,26.62015044,0
80573,1,2,1,1.319959125,10.06425305,7.624670236,0,10.06425305,NA,0,0
80574,1,2,1,NA,37.45455972,NA,8.594896057,28.85966366,NA,0,0
80575,2,2,2,NA,0,NA,0,0,NA,0,0
80579,1,1,1,18.34550637,1935.023322,99.30556428,616.3550636,1205.455798,25.72410553,113.2124604,0
80581,1,1,1,NA,1312.174694,NA,481.9921769,830.1825167,NA,0,0
80583,1,1,1,NA,NA,137.6956755,1925.073838,NA,NA,287.9402963,56.59540513
80587,1,2,1,2.86321031,29.02750168,10.13809624,8.099701712,20.92779997,NA,0,0
80588,1,1,1,24.17380333,540.5359885,22.36040317,188.3175345,352.218454,NA,0,0
80589,1,1,1,4.245699851,1046.632139,184.6619169,226.2437438,557.7753292,NA,88.27143256,174.341633
80590,1,1,1,11.39619071,307.9177255,27.01935527,120.1373866,187.7803389,NA,0,0
80591,1,1,1,4.478141161,293.881601,62.56821354,91.19366153,188.9956309,NA,13.69230861,0
80592,1,1,1,23.65879644,893.4630827,36.01328105,361.9811147,490.0497707,13.24707024,41.43219731,0
80593,1,1,1,24.17756272,673.6910865,27.86430933,301.7703775,371.920709,10.21012365,0,0
80594,1,1,1,NA,1468.696149,NA,630.4506027,820.1827975,NA,18.06274894,0
80601,1,1,1,6.744544298,1486.354552,173.0565398,323.9393026,843.2481961,NA,169.5651908,149.6018629
80603,1,1,1,15.12416466,136.2982503,9.01195229,54.31617573,81.98207458,NA,0,0
80604,1,1,1,6.551052328,NA,81.2033259,139.5196017,392.4476355,13.66893446,NA,0
80606,1,1,1,5.17890195,292.3437485,56.44898307,93.36456017,198.9791883,NA,0,0
80607,1,1,1,10.63302984,56.88095731,5.349459011,25.65413297,31.22682434,NA,0,0
80608,1,1,1,10.31914701,238.7498384,23.13658659,88.49051371,150.2593247,NA,0,0
80610,1,1,1,NA,NA,9.339061594,NA,NA,NA,0,0
80611,1,1,1,9.157121119,820.5574721,84.71421807,174.6802987,601.0580567,NA,25.29643652,19.52268014
80612,1,1,1,7.105563524,1544.966988,196.6512128,645.8488029,751.4688818,42.75187531,63.92941037,83.71989244
80614,1,1,1,10.53753739,432.0599573,41.0019857,104.7574163,327.302541,9.266326129,0,0
80615,1,1,1,NA,NA,3.217707399,0,NA,NA,0,0
80616,1,1,1,13.56093367,1073.908056,76.6838031,442.4068025,597.4971649,19.56876282,0,34.00408864
80618,1,1,1,11.88681583,733.302311,59.78879598,252.4017485,458.2966578,NA,0,22.60390467
80620,1,1,1,14.0949284,672.6378465,46.47984873,283.8861036,371.2440363,NA,17.5077066,0
80622,1,2,1,11.65335465,482.6601315,41.41812775,163.690456,318.9696755,9.487382848,0,0
80623,1,2,1,1.247235108,211.8811642,169.8806927,78.56267497,133.3184892,NA,0,0
80624,1,1,1,18.39337266,3419.15646,162.3964038,1264.052456,1722.965118,91.27875147,131.4832853,300.6556003
80625,1,1,1,8.32161556,272.479191,32.74354469,65.04952918,207.4296618,NA,0,0
80626,1,1,1,19.2927673,1731.814736,84.02287809,555.4345021,1065.599333,NA,33.18775766,77.59314351
80627,1,1,1,17.26084777,153.1259484,8.871287809,45.33194881,107.7939996,NA,0,0
80628,1,1,1,15.44882747,690.2644436,41.59776926,166.8059079,475.8308526,NA,16.10372101,31.52396211
80629,1,1,1,6.91815718,192.3278645,27.80044736,48.9008788,143.4269857,NA,0,0
80630,1,1,1,16.18636807,947.1812162,57.34501761,371.6267766,556.5807852,40.57624969,18.97365443,0
80631,1,1,1,4.907612959,473.3294756,79.24085191,112.5940811,276.2893506,NA,29.48395703,54.96208691
80632,1,2,1,6.171606125,190.8762661,30.92813479,56.5806663,134.2955998,NA,0,0
80633,1,1,1,14.48784643,893.7511455,57.31044438,311.7889845,518.5159323,22.0468374,40.47433008,22.97189862
80634,1,2,1,2.780881154,362.8177528,100.5048932,89.51704819,189.9751152,NA,34.97948776,48.34610161
80635,1,2,1,4.294141482,152.7897597,35.58097941,51.21090705,101.5788526,NA,0,0
80637,1,2,1,2.146821398,NA,93.56620168,55.3176732,145.5522507,NA,0,NA
80639,3,1,1,13.00438703,57.48987395,4.420806133,25.58278021,31.90709374,NA,0,0
80642,1,2,1,4.085154954,189.6198708,46.41681232,54.01089242,135.6089784,NA,0,0
80646,1,1,1,6.046399451,318.7830768,52.72279468,126.3067985,192.4762783,NA,0,0
80648,1,1,1,9.715367158,1808.070237,160.8211361,596.2650206,966.1713633,69.42205659,177.9374749,67.69637812
80649,1,1,1,14.60119398,262.4665459,17.97569063,92.90509416,169.5614517,0,0,0
80650,1,2,1,0.120734532,20.64672116,171.0092454,0,20.64672116,0,0,0
80651,2,2,2,0,0,4.832133234,0,0,0,0,0
80652,2,2,2,0.516203676,29.05020879,56.27664073,11.05979061,17.99041818,0,0,0
80653,1,1,1,3.605765906,196.628974,47.15475611,99.35394607,70.67506583,0,26.59996205,0
80654,2,2,2,0,0,4.250051224,0,0,0,0,0
80656,1,1,1,16.84270816,2140.907317,120.4926292,967.1478078,1062.274381,19.3376291,64.29782759,47.18730078
80657,1,1,1,5.260826359,69.38519047,13.18902882,25.25850775,44.12668272,0,0,0
80659,1,1,1,15.57178986,NA,131.8279251,669.752015,1383.044732,74.12027398,NA,69.48860364
80665,1,1,1,1.708783382,141.0679425,82.55460816,16.42964851,124.638294,NA,0,0
80667,2,2,2,0,0,17.27037748,0,0,NA,0,0
80672,1,2,1,0.500869739,13.18053973,26.31530455,0,13.18053973,NA,0,0
80675,1,1,1,22.07386642,NA,203.8185232,1494.063187,3004.999668,181.4782621,NA,35.13424315
80676,4,4,4,0,0,5.245956159,0,0,NA,0,0
80677,1,1,1,1.869288039,396.9645734,192.6652244,31.01789004,329.1289095,NA,19.31934626,17.49842755
80683,2,2,2,0,0,4.989568791,0,0,NA,0,0
80684,1,1,1,1.051347098,166.7136686,158.571483,58.34569675,108.3679718,NA,0,0
80685,1,2,1,2.083061441,28.07864467,13.47950863,0,28.07864467,NA,0,0
80686,1,1,1,5.935318152,101.7148639,17.13722185,42.87703458,58.83782934,NA,0,0
80690,2,2,2,0,0,9.499360482,0,0,NA,0,0
80691,2,2,2,0,0,4.876191623,0,0,NA,0,0
80692,1,1,1,10.50612368,NA,35.42224972,122.2671343,249.8834023,NA,NA,0
80693,1,1,1,3.278370805,613.4139618,171.5532669,195.5910425,366.8241792,NA,21.05256161,29.94617844
80695,1,1,1,2.822751884,270.0405595,95.66570869,91.39212417,178.6484353,NA,0,0
80696,1,1,1,5.123554566,1050.566667,177.8652549,299.6581141,611.6442247,15.91133275,27.74056178,111.5237663
80697,1,2,1,4.660437174,856.9750651,147.2897793,215.6292825,470.8054803,NA,41.04863615,129.4916661
80700,NA,2,NA,0.184353701,18.83495736,102.1675031,0,18.83495736,NA,0,0
80701,1,2,1,2.452631089,663.7058683,236.1062967,227.6841787,351.397465,NA,62.35064734,22.27357727
80702,4,4,4,0,0,50.76933043,0,0,NA,0,0
80706,2,2,2,0,0,21.54087241,0,0,NA,0,0
80711,1,2,1,4.225423419,120.4224883,28.49950793,62.06207722,58.36041103,NA,0,0
80713,2,2,2,0,0,34.20980109,0,0,NA,0,0
80714,1,2,1,6.019171339,237.4497273,39.44890649,107.5110818,129.9386455,NA,0,0
80719,1,1,1,17.51945778,959.4401726,54.00665116,331.7499887,614.417256,NA,13.27292792,0
80771,1,1,1,16.50484919,105.6756677,6.402704228,34.12921809,71.54644963,NA,0,0
80783,1,1,1,14.09943957,1226.601294,86.11518,478.2809524,735.8948238,50.05522048,12.42551734,0
80784,1,1,1,11.29516472,133.5230387,11.82125644,52.3480382,81.17500045,NA,0,0
80786,1,1,1,17.96247975,1340.582536,73.81690695,395.6803148,930.2543815,NA,14.64783983,0
80788,1,1,1,10.81075011,1737.071518,152.0194604,699.3168034,944.1275954,56.45702862,30.48041308,63.14670615
142464,1,1,1,18.86676457,1923.65251,97.06455139,611.9940507,1219.299988,47.4668498,92.35847118,0
142466,1,1,1,10.96040304,507.1256198,42.65803351,150.4932993,317.0559409,0,39.57637956,0
142468,1,1,1,34.3920426,2541.235892,69.0279498,768.6158112,1605.396379,59.14013328,167.2237013,0
142470,1,1,1,21.3878319,2040.261688,86.9699011,392.8818481,1467.215777,68.00892644,180.1640624,0
142472,1,1,1,10.42251524,2124.501272,178.6471331,584.4175655,1277.534902,71.31943308,232.5132284,30.03557638
142474,1,1,1,11.88535311,2024.355489,152.5662966,594.423525,1218.880783,63.12176503,211.0511807,0
142476,1,2,1,12.91129433,1175.994109,82.8121441,287.7148752,781.4970917,0,106.7821425,0
142488,4,4,4,0,0,10.87121605,0,0,0,0,0
142490,1,1,1,2.087875368,59.30237768,28.40321725,15.80394252,43.49843516,0,0,0
142492,2,2,2,0.155476992,33.98355858,218.576126,0,33.98355858,0,0,0
142496,2,2,2,0,0,205.9026691,0,0,0,0,0
142498,2,2,2,0,0,177.0935149,0,0,0,0,0
142500,4,4,4,0,0,10.81416321,0,0,0,0,0
142506,1,1,1,17.42972295,944.4746618,49.77633809,187.8265118,679.7612704,0,76.8868796,0
142508,1,1,1,14.38865893,2125.474504,141.4912231,660.1383943,1375.730556,72.72325878,89.60555326,0
142510,1,1,1,19.69552539,1679.007718,82.60147456,530.9258643,1095.953575,45.51288619,52.12827832,0
142512,1,1,1,5.375427412,113.2663929,21.07114174,25.79215211,87.47424081,0,0,0
142514,1,2,1,23.65203361,1740.107367,67.4392743,392.4812574,1202.594725,52.27149264,145.0313849,0
142516,1,1,1,7.830151363,234.222118,29.91284678,68.36549438,165.8566236,0,0,0
142518,1,1,1,9.260334836,1144.112851,116.4282123,442.9870107,635.1772195,39.36752782,65.94862088,0
142520,1,2,1,21.08822291,1127.139884,50.05777356,246.3921103,809.2373769,41.4534157,71.51039662,0
142522,1,1,1,14.36551668,886.8800783,59.86165959,174.586169,685.3575004,52.52155809,26.93640893,0
142524,1,1,1,5.899568576,172.4370251,24.73525653,35.41904095,110.5083012,0,26.50968298,0
142526,1,1,1,17.37121892,1843.06514,96.30116996,531.0446969,1141.824009,59.86522727,170.1964342,0
142528,1,2,1,26.85828145,835.9978087,29.57157257,140.3121403,653.9294786,28.41031447,41.75618981,0
142532,1,1,1,37.20754444,1808.643113,44.13106701,447.8479898,1194.160647,25.66048357,125.7688705,40.86560605
142534,1,1,1,34.25058469,2094.534947,56.69561733,760.7506271,1181.107416,35.06062846,152.6769038,0
142536,1,1,1,36.70678019,2316.535417,59.45799596,630.6433384,1551.86825,53.94697702,134.0238288,0
142538,1,1,1,29.41771644,3309.278095,106.6069762,1107.654802,2028.478994,75.29862645,173.1442992,0
142540,1,1,1,26.97151718,2114.526818,71.1377493,420.1310233,1498.562004,42.56564345,195.8337908,0
142542,1,1,1,56.45090249,3031.472929,48.02116275,1195.415791,1515.422185,78.74448035,320.6349528,0
142544,1,1,1,22.10242466,710.5086965,31.48920967,282.6862811,413.3016032,13.72240204,14.5208122,0
142546,1,1,1,10.3652884,1212.991363,111.7860467,322.7541271,835.9404862,43.40672037,54.29674939,0
142548,1,1,1,7.698401846,556.151726,68.30407963,138.1038215,387.7284312,16.87589227,30.31947331,0
142550,1,1,1,4.002970035,316.3929697,79.03955487,103.3833605,213.0096092,0,0,0
142552,1,1,1,9.28954649,739.0704211,71.94529557,166.9626062,501.3765617,23.17518255,70.73125323,0
142554,1,1,1,4.486323341,457.9382666,102.0742893,165.871747,292.0665196,6.49722633,0,0
142556,2,2,2,0,0,58.91269609,0,0,0,0,0
142562,3,2,3,1.406439443,262.3247143,79.70940593,0,112.1064525,304.9840011,150.2182618,0
142564,1,1,1,2.056616744,337.1499179,130.0621342,13.83890173,253.6490612,7.083000492,69.66195498,0
142566,2,2,2,0,0,54.76827152,0,0,0,0,0
142568,2,2,2,0,0,39.30935673,0,0,0,0,0
142570,2,2,2,0,0,96.34292372,0,0,0,0,0
142574,1,2,1,8.117659547,927.9781337,102.3000506,228.0218477,602.4151347,23.7004044,97.54115128,0
142578,1,2,1,2.070337257,146.1067758,43.14765699,0,89.3302018,42.20276432,56.77657399,0
142580,2,2,2,0.166492317,17.17667811,103.1679925,0,17.17667811,0,0,0
142582,1,1,1,2.557083944,249.0588189,85.49997566,31.20911209,187.4215029,8.72724005,30.42820395,0
142586,1,2,1,9.503076125,315.4080523,30.59237582,87.54462657,203.1770497,5.722323059,24.68637606,0
142588,1,2,1,9.176525415,208.6464657,20.26405297,46.10216849,139.8514286,6.349671874,22.69286857,0
142590,NA,4,4,0,0,83.66507922,0,0,0,0,0
142592,2,2,2,0,0,115.8662713,0,0,0,0,0
142594,2,2,2,0,0,22.4064953,0,0,0,0,0
142596,2,2,2,0.541266271,59.68907865,110.2767379,0,59.68907865,0,0,0
142600,1,1,1,15.50622491,1310.528184,79.27349818,411.9475744,817.2851174,52.62241378,81.29549176,0
142604,1,2,1,2.674091848,331.8964363,124.1155709,82.44633492,249.4501014,0,0,0
142606,1,2,1,8.899932388,1114.217101,116.5687538,440.8308094,596.623218,0,76.76307378,0
142608,1,1,1,5.72268469,271.1198019,42.03829464,41.11088591,199.4610192,0,30.54789674,0
142610,1,1,1,7.508778944,720.9431122,73.4503842,173.8582707,377.6644276,0,169.4204139,0
142616,1,2,1,8.668197629,1232.31282,121.397063,269.1516022,783.1421315,0,140.7072136,39.31187255
142618,2,2,2,0,0,130.2810359,0,0,0,0,0
142620,1,2,1,4.911674266,668.0260237,117.6456927,133.972615,443.8647063,0,90.18870235,0
142622,1,2,1,1.584095852,190.5161804,100.639005,25.58013521,133.8416952,0,31.09434995,0
142624,2,2,2,0,0,51.76744775,0,0,0,0,0
142626,2,2,2,0.30417376,40.00135945,131.5082518,0,40.00135945,NA,0,0
142632,2,2,2,0,0,77.77091441,0,0,NA,0,0
142634,2,2,2,0,0,119.5994349,0,0,NA,0,0
142638,2,2,2,0,0,101.380929,0,0,NA,0,0
142640,2,2,2,0.163727707,26.64139414,162.7176894,0,26.64139414,NA,0,0
142642,2,2,2,0,0,17.05746445,0,0,NA,0,0
142646,2,2,2,0,0,112.5386066,0,0,NA,0,0
142650,NA,2,2,NA,0,NA,0,0,NA,0,0
142654,1,2,1,2.103190752,509.3719267,209.834525,42.94792436,398.3741082,NA,68.0498942,0
142656,1,1,1,10.00351126,329.1163784,30.38743645,55.56823013,248.4128326,NA,25.13531573,0
142658,2,2,2,0,0,124.8047035,0,0,NA,0,0
142660,2,2,2,0.731060835,78.15788465,106.9102336,0,78.15788465,NA,0,0
142662,2,2,2,0,0,63.81427391,0,0,NA,0,0
142664,2,2,2,0,0,36.3403641,0,0,NA,0,0
142666,1,2,1,15.95284958,908.8424942,53.42591864,205.8577721,646.4378714,33.25430979,56.54685071,0
142668,1,1,1,11.21899685,1078.334229,85.9845517,222.72927,741.9311447,NA,113.6738144,0
142670,1,2,1,3.339510497,439.4263983,115.7759424,102.7667635,283.8682114,NA,52.79142339,0
142672,2,2,2,0.494056763,78.45472139,158.796979,0,78.45472139,NA,0,0
142674,2,2,2,0.304554558,48.3788265,158.8510997,0,48.3788265,NA,0,0
142678,1,2,1,0.704379187,144.6861993,177.4834243,0,125.0156302,NA,19.67056916,0
142684,2,2,2,0,0,19.50184833,0,0,NA,0,0
142688,1,1,1,3.584772694,873.6814948,217.9261774,89.46449486,691.751315,NA,92.46568491,0
142690,2,2,2,0,0,46.14672272,0,0,NA,0,0
142696,3,2,3,NA,418.8326018,NA,0,147.093329,389.7069419,271.7392728,0
142698,2,2,2,1.45715563,122.0826383,63.04026943,0,91.85948349,NA,30.2231548,0
142700,1,1,1,NA,2434.723308,NA,686.2093533,1540.302117,NA,208.2118381,0
142702,2,2,2,0,0,18.32996788,0,0,NA,0,0
142704,2,2,2,0,0,145.2127145,0,0,NA,0,0
142706,2,2,2,0.258804187,48.49315921,187.3739359,0,48.49315921,NA,0,0
142712,1,2,1,9.047661952,1383.186656,144.784061,436.6001454,873.3570947,NA,73.22941625,0
142714,2,2,2,0.717839148,128.5152646,179.030727,18.53585548,109.9794092,NA,0,0
142716,1,2,1,7.120563635,968.1799597,127.8678085,291.4845301,619.0063369,NA,57.68909269,0
142720,2,2,2,1.113531331,114.5766773,102.8948841,28.22936086,86.34731644,NA,0,0
142722,1,2,1,NA,140.8408151,NA,14.52139835,105.4631227,NA,20.85629409,0
142724,1,2,1,NA,119.3148637,NA,31.04334543,88.27151825,NA,0,0
142726,2,2,2,NA,0,NA,0,0,NA,0,0
142728,1,1,1,NA,494.022192,NA,145.4002217,323.3566718,NA,25.26529855,0
142730,2,2,2,0.453006181,32.45113836,71.63508959,0,32.45113836,NA,0,0
142732,2,2,2,0.290046677,51.38947876,177.1765814,0,51.38947876,NA,0,0
142734,2,2,2,0,0,100.433914,0,0,NA,0,0
142740,1,1,1,16.65525797,2114.473841,112.5872493,481.0582908,1394.11139,NA,239.3041609,0
142742,1,1,1,12.32139193,1768.355013,134.8261601,344.5136962,1316.732265,90.67987043,107.1090521,0
142744,1,1,1,12.93241471,1077.316459,75.30984124,170.7544409,803.1836577,NA,103.3783601,0
142746,1,1,1,18.97729565,2077.8917,105.0571749,489.9635903,1503.737478,95.87906734,84.19063222,0
142748,1,1,1,10.54044287,1807.612576,162.8204194,588.8198969,1127.379432,114.8932818,91.41324769,0
142750,1,1,1,NA,255.3236977,NA,66.44383914,188.8798586,NA,0,0
142752,2,2,2,NA,0,NA,0,0,NA,0,0
142754,NA,2,2,0.154837041,39.05011049,252.201348,0,39.05011049,NA,0,0
142756,2,2,2,0,0,76.35961764,0,0,NA,0,0
142758,2,2,2,0.934174521,177.8652715,168.007189,23.46214481,133.4858905,NA,20.91723623,0
142760,1,2,1,7.623445702,1135.988654,139.3661139,213.2482469,849.2017551,NA,73.53865159,0
142762,1,1,1,15.6613936,2014.718208,121.603506,531.754549,1372.725822,86.08252659,110.2378378,0
142764,1,1,1,10.35455443,1107.299491,98.32619396,284.3213115,733.8026161,NA,89.17556327,0
142766,1,1,1,17.56146506,3789.750566,194.0960678,892.0741433,2516.53717,68.68961359,347.2029711,33.93628254
142770,2,2,2,0,0,66.85504529,0,0,NA,0,0
142772,1,1,1,24.27201894,2764.008433,110.0992107,773.3664629,1898.963664,73.23975628,91.67830641,0
142774,2,2,2,0,0,78.30002952,0,0,NA,0,0
142776,2,2,2,0,0,26.70074397,0,0,NA,0,0
142778,2,2,2,0,0,121.7400375,0,0,NA,0,0
142780,2,2,2,0,0,45.46282322,0,0,NA,0,0
142784,3,3,3,1.646830966,294.404574,80.99275022,0,133.3813691,566.1291907,161.023205,0
142786,2,2,2,0,0,145.7492112,0,0,NA,0,0
142788,2,2,2,0,0,77.15119658,0,0,NA,0,0
142790,2,2,2,0,0,51.38780618,0,0,NA,0,0
142792,2,2,2,0,0,92.3831826,0,0,NA,0,0
142794,2,2,2,0,0,121.4858178,0,0,NA,0,0
142796,2,2,2,0,0,82.1499233,0,0,NA,0,0
142798,2,2,2,0,0,149.6408797,0,0,NA,0,0
142800,2,2,2,0,0,137.5728499,0,0,NA,0,0
142802,2,2,2,0,0,37.03882148,0,0,NA,0,0
142804,1,2,1,14.23564049,1671.034639,109.3777765,355.0469681,1202.015736,63.65306935,113.9719358,0
142808,2,2,2,0,0,121.954648,0,0,NA,0,0
142810,2,2,2,0.354341763,111.577135,314.8856458,0,111.577135,NA,0,0
142812,2,2,2,0,0,124.9425487,0,0,NA,0,0
142816,2,2,2,0,0,12.12907198,0,0,NA,0,0
142818,2,2,2,0,0,81.37378325,0,0,NA,0,0
142820,1,1,1,22.65149166,3572.728918,151.0211217,1207.798833,2213.054844,63.76104757,151.8752414,0
142822,1,1,1,26.08027776,2838.667598,102.0932213,614.9395572,2047.680012,80.8159921,176.0480296,0
142824,1,1,1,29.54821191,2582.091959,84.97626684,821.6688981,1689.227842,49.97274347,71.19521931,0
142826,1,1,1,NA,107.2005051,NA,26.9666834,80.23382167,NA,0,0
142828,1,1,1,16.43576578,1280.648583,75.27705969,365.8374182,871.3987037,NA,43.41246129,0
142830,1,1,1,22.12048549,1924.968691,79.02899336,366.0660821,1382.093619,29.96020069,176.8089903,0
142832,1,1,1,22.90266956,1236.785135,49.56449062,264.2404335,870.9187171,NA,101.6259848,0
142834,1,1,1,11.17624216,962.6366204,77.17058389,187.3385609,675.138572,NA,100.1594875,0
142836,1,1,1,17.28422394,1018.764678,53.33695305,211.9570633,709.9307772,37.76898996,96.87683759,0
142838,1,2,1,20.2275739,3878.176812,169.9829914,1258.346544,2179.996975,57.42536283,362.9923117,76.84098192
142840,1,2,1,8.714819734,1977.783937,173.6266154,356.1697188,1156.954935,NA,391.9579632,72.70132038
142842,1,2,1,11.90759749,1672.366059,103.0777613,215.4519692,1011.956523,16.79404524,393.0452114,51.91235576
142846,2,2,2,0,0,69.13102244,0,0,NA,0,0
142848,1,2,1,6.221356184,1093.542867,167.6739575,358.2754822,684.8839299,28.86215085,50.38345498,0
142852,2,2,2,0,0,87.95854528,0,0,NA,0,0
142854,1,1,1,14.68933498,1420.218065,84.41101533,318.683896,921.2577842,NA,180.2763847,0
142856,1,1,1,13.25352481,1483.96254,106.6313081,383.559561,1029.681126,73.94096786,70.72185316,0
142858,1,1,1,17.59012806,2616.423132,140.820992,416.4912858,2060.567997,141.207744,139.363849,0
142860,1,1,1,17.72223724,2901.032199,156.5673978,1010.895339,1763.829229,NA,126.3076311,0
142862,1,1,1,11.8235774,1547.363306,123.5210388,706.9645909,753.4959714,43.50277925,86.90274402,0
142864,1,2,1,8.124695949,1261.400654,132.2406548,235.916985,838.4981271,NA,142.2716835,44.71385885
142870,1,1,1,20.46664382,3205.843152,138.6488795,535.3840497,2302.293182,42.02434385,304.3186347,63.84728588
142876,NA,4,4,NA,0,NA,0,0,NA,0,0
142878,1,2,1,5.027439024,464.14544,80.16952024,95.08922352,307.9581511,NA,61.09806535,0
142882,1,1,1,14.90045904,1962.645034,121.4496977,471.6788035,1337.977443,31.07556046,152.9887878,0
142884,1,1,1,11.19514549,450.7610984,36.08890821,142.5460977,261.4744802,NA,46.74052054,0
142886,1,1,1,13.02048732,2158.499191,155.6755677,545.961881,1481.009875,72.63566498,131.5274351,0
142888,1,1,1,13.04991225,1615.515184,112.7630264,462.3460064,1009.201593,60.36048601,143.9675849,0
142890,1,1,1,17.72798511,1075.938547,54.73466535,213.5436689,756.7916635,NA,105.6032147,0
142892,1,1,1,9.375427761,1114.876173,101.0154092,386.5970506,560.4656207,NA,167.8135017,0
142894,1,1,1,15.52630239,2511.698592,135.4027647,656.6360362,1445.668232,63.5193659,334.3157481,75.07857612
142896,1,1,1,22.29492643,4504.063663,195.8121897,1132.788008,3232.830356,127.7454495,138.4452986,0
142898,1,1,1,17.27200561,2875.957641,143.0989796,743.2742778,1728.3321,NA,316.4060323,87.94523074
142900,1,1,1,23.64781964,2554.23711,103.0750423,535.1789284,1902.321081,68.25532755,116.7371002,0
142902,1,2,1,21.57992215,3285.422473,143.1827826,854.5806663,2235.292635,NA,195.5491721,0
142904,1,1,1,18.01940792,2405.636273,124.1098478,700.1955047,1536.19047,45.40402242,169.2502985,0
142906,1,2,1,15.38141036,1830.074868,96.30044858,397.8123293,1083.424389,NA,304.5838927,44.25425781
142908,1,1,1,21.70078188,4406.010934,181.0433572,799.49969,3129.282714,59.51908121,382.1517363,95.07679476
142912,1,2,1,11.55711464,1850.791678,144.7218054,608.1765295,1064.389966,24.48538598,178.2251827,0
142916,1,1,1,24.65467974,2103.083556,81.45432247,412.1655685,1596.064666,NA,94.85332236,0
142918,1,1,1,13.49272411,1009.523628,65.99028499,246.4171808,643.9715285,NA,119.1349187,0
142920,1,1,1,14.52343798,849.0926859,51.04614328,200.7108413,540.6546545,NA,107.7271901,0
142922,1,2,1,9.78428683,488.7037212,42.29297406,100.5630009,313.2435882,0,74.89713212,0
142924,1,1,1,11.98994995,1311.937919,100.8727665,319.2492786,890.2101434,59.96741914,102.4784968,0
142930,3,3,3,0,0,6.663038853,0,0,NA,0,0
142934,2,2,2,0,0,95.06025462,0,0,NA,0,0
142938,2,2,2,NA,0,NA,0,0,NA,0,0
142940,2,2,2,0,0,92.68188269,0,0,NA,0,0
142942,1,1,1,11.36005126,NA,151.760352,438.8795873,1285.12579,91.74432729,NA,0
142950,1,1,1,22.30447005,2550.650587,108.5903667,580.9714603,1841.079122,93.41310818,128.6000056,0
142958,2,2,2,0,0,124.4206559,0,0,NA,0,0
142960,2,2,2,0,0,84.76633093,0,0,NA,0,0
142962,1,1,1,10.62983122,1368.128123,119.6127171,307.7991492,963.6638446,NA,96.66512893,0
142964,1,2,1,2.412262856,285.6925933,103.4751784,27.84561028,221.763719,NA,36.08326404,0
142966,2,2,2,0,0,77.3031566,0,0,NA,0,0
142968,3,2,3,1.727110418,654.3313113,94.76552921,0,163.6705328,563.7410896,490.6607786,0
142972,1,1,1,14.55417926,1799.653139,113.7991089,388.2303372,1268.022293,NA,143.4005089,0
142974,1,2,1,8.64595025,1180.915192,122.2227713,292.23851,764.4934897,54.42238291,124.1831927,0
142978,1,2,1,7.724493726,410.5859393,50.25007745,93.44359067,294.7128173,NA,22.42953128,0
143004,1,1,1,NA,282.0036057,NA,58.48087185,223.5227338,NA,0,0
142980,1,1,1,11.07108093,1128.011532,96.16102962,353.7894506,710.8170902,50.25650587,63.40499096,0
142984,1,1,1,7.142366421,1514.131996,184.5582568,555.5485335,762.6341627,71.53862076,195.9492999,0
142986,1,1,1,10.98071278,1466.827005,126.241279,438.9413672,947.2778583,105.9017844,80.60777967,0
142988,1,1,1,8.318569417,1423.297426,154.4280981,360.4281555,924.1926981,59.04673949,138.6765726,0
142994,4,4,4,NA,0,NA,0,0,NA,0,0
142998,2,2,2,0,0,162.3340713,0,0,NA,0,0
143000,4,4,4,0,0,12.49371108,0,0,NA,0,0
143006,4,4,4,0,0,10.06042774,0,0,NA,0,0
143008,1,2,1,8.930402375,1308.101144,130.7655406,255.9616726,911.8272218,NA,140.3122492,0
143010,1,1,1,9.196085032,1211.483823,119.8024969,256.3730942,845.3408544,65.23826451,109.7698748,0
143012,1,1,1,15.28005346,1576.868482,85.98007311,311.5458751,1002.234239,NA,263.0883681,0
143014,1,1,1,9.559033699,1999.366789,193.0626006,338.2827867,1507.209118,97.25984974,153.874884,0
143016,1,1,1,8.145131032,1468.976954,162.7121416,388.0796874,937.2320261,NA,143.6652403,0
143018,1,1,1,6.913777227,1185.978003,142.6154732,313.3505666,672.6610443,NA,199.9663925,0
143020,1,1,1,6.014154838,1265.486212,172.1733956,229.8686507,805.6088092,NA,181.292309,48.71644341
143022,1,1,1,11.75408758,648.0069651,47.81125181,135.4460951,426.5315461,30.0787393,86.02932397,0
143024,1,1,1,5.965699382,953.64207,149.1221792,308.3535443,581.2645481,45.04587745,64.02397771,0
143026,1,1,1,NA,1211.761935,NA,265.6347068,768.9866865,NA,155.7489854,21.39155683
143028,1,1,1,8.306923109,1016.561397,110.7413167,257.3595128,662.5600896,46.32933232,96.64179436,0
143030,2,2,2,0,0,14.63284058,0,0,NA,0,0
143032,4,4,4,0,0,6.491649788,0,0,NA,0,0
143034,2,2,2,0.139927279,28.16437098,201.2786295,0,28.16437098,NA,0,0
143036,2,2,2,0.244394072,21.05489117,86.15139892,0,21.05489117,NA,0,0
143038,1,2,1,5.14065713,898.1529253,162.5879292,219.6325238,616.1762735,NA,62.34412803,0
143040,4,4,4,0,0,12.14780503,0,0,NA,0,0
143084,2,2,2,NA,0,NA,0,0,NA,0,0
143090,2,2,2,NA,0,NA,0,0,NA,0,0
143100,3,3,3,NA,0,NA,0,0,NA,0,0
143106,3,3,3,NA,0,NA,0,0,NA,0,0
143120,1,1,1,22.870575,784.4760376,33.12014679,174.9602407,582.5165604,42.92761594,26.99923657,0
143126,1,1,1,14.74072501,1104.024436,63.20108809,326.544156,605.0857035,23.42436727,172.3945766,0
143140,1,1,1,10.10678273,319.4667072,31.6091397,70.54996598,248.9167413,NA,0,0
143142,1,1,1,25.08420776,755.559199,30.12091138,161.3471215,594.2120775,24.50576004,0,0
143146,1,1,1,14.17782408,282.9931477,19.96026656,60.52450424,222.4686435,NA,0,0
143148,1,1,1,8.917717319,84.33476662,9.456990349,28.19794999,56.13681663,NA,0,0
143152,1,1,1,11.84875505,220.4010487,18.60119883,57.97160642,162.4294423,NA,0,0
143160,1,2,1,8.661025316,651.9982408,69.78647382,153.6017956,450.8206209,NA,47.57582431,0
143162,1,2,1,10.24731405,949.1978232,86.63790558,151.8203716,735.9854557,26.92478946,61.39199599,0
143170,1,1,1,11.9717911,697.9509828,58.29962928,180.7868724,517.1641104,NA,0,0
143178,2,2,2,NA,0,NA,0,0,NA,0,0
143184,1,1,1,15.39776737,455.6791835,29.59384778,78.21899892,377.4601846,NA,0,0
143196,1,2,1,10.25723885,206.7759032,20.15902197,35.23127954,171.5446237,NA,0,0
143200,2,2,2,NA,0,NA,0,0,NA,0,0
143216,1,1,1,14.73887731,828.2157368,51.49048508,184.387601,574.5243411,NA,69.30379473,0
143220,1,1,1,NA,634.3592851,NA,182.5676109,451.7916742,NA,0,0
143226,1,1,1,14.42649435,1106.671026,68.54828381,208.8591614,780.0522674,28.12994484,117.7595968,0
143228,1,1,1,NA,262.1010639,NA,54.09941338,208.0016506,NA,0,0
143232,1,1,1,13.29588904,NA,37.52287221,126.1908774,372.709068,NA,NA,0
143240,2,2,2,0,0,29.47790899,0,0,NA,0,0
143242,2,2,2,0,0,109.505471,0,0,NA,0,0
143244,2,2,2,NA,0,NA,0,0,NA,0,0
143246,1,1,1,7.49467993,678.1694341,64.82165224,104.0090326,381.8085036,7.646637235,192.351898,0
143248,1,2,1,2.496947288,409.9032602,114.7856821,33.13840574,253.4753918,NA,123.2894627,0
143250,1,1,1,15.96328908,1610.661736,96.585871,525.8912701,1015.936909,52.96342685,68.83355643,0
143254,1,1,1,22.84416577,326.7918769,14.3052664,108.6531835,218.1386934,NA,0,0
143256,1,1,1,25.56814559,2204.769836,72.65162462,399.2659171,1458.301399,36.91431899,294.9818425,52.22067768
143258,2,2,2,0,0,4.801967576,0,0,NA,0,0
143260,2,2,2,0,0,66.40794516,0,0,NA,0,0
143262,1,1,1,28.26784618,2469.245274,77.72544297,435.1488352,1761.982031,72.70969036,272.1144084,0
143274,1,1,1,11.92773889,1610.331429,127.0784359,386.095734,1129.662669,NA,94.5730263,0
143276,2,2,2,0,0,70.29605539,0,0,NA,0,0
143278,2,2,2,0,0,123.2434534,0,0,NA,0,0
143282,1,2,1,NA,141.4431377,NA,30.53479352,110.9083442,NA,0,0
143284,2,2,2,0,0,111.2859592,0,0,NA,0,0
143286,2,2,2,NA,0,NA,0,0,NA,0,0
143288,1,1,1,10.55938382,1370.58526,117.0829822,297.5494682,938.7746792,50.71857574,134.261113,0
143290,2,2,2,0,0,151.0424475,0,0,NA,0,0
143292,NA,4,4,0,0,14.2095799,0,0,NA,0,0
143294,1,2,1,10.93579943,1052.426252,77.53618417,195.0344243,652.8857347,20.85482274,204.5060928,0
143296,2,2,2,0,0,84.99446534,0,0,0,0,0
143298,2,2,2,0,0,86.61136169,0,0,0,0,0
143302,1,2,1,8.927322086,1221.033928,109.6669815,303.0397805,675.9926856,82.42641328,242.0014622,0
143304,1,1,1,21.32428782,837.8748268,31.22910253,138.0020329,527.9363377,0,171.9364562,0
143306,2,2,2,0,0,57.14097417,0,0,0,0,0
143308,3,3,3,2.339550221,521.2391792,72.46791409,0,169.5423244,687.6713888,351.6968548,0
143310,1,1,1,26.23158197,1200.035649,41.55911404,264.6480418,825.5132649,13.96580325,109.8743424,0
143318,2,2,2,NA,0,NA,0,0,NA,0,0
143320,2,2,2,NA,0,NA,0,0,NA,0,0
143324,2,2,2,NA,0,NA,0,0,NA,0,0
143326,2,2,2,NA,0,NA,0,0,NA,0,0
143328,1,2,1,6.694041647,1359.587862,189.1797378,313.485593,952.8914506,NA,93.21081832,0
143330,2,2,2,0,0,56.94949926,0,0,NA,0,0
143332,2,2,2,0,0,12.585163,0,0,NA,0,0
143334,2,2,2,0,0,8.200626256,0,0,NA,0,0
143336,2,2,2,NA,0,NA,0,0,NA,0,0
143338,1,1,1,7.229220747,953.6154573,114.2597478,177.9893493,648.0195898,NA,127.6065183,0
143340,1,1,1,23.88498907,1155.27306,42.7398254,242.2886894,778.551573,NA,134.4327973,0
143344,1,1,1,21.14071045,1819.209964,73.6746992,404.6211257,1152.914358,NA,261.674481,0
143348,2,2,2,0,0,13.31129235,0,0,NA,0,0
143352,1,1,1,24.00512547,725.7848478,28.05907868,150.9177945,522.6439096,17.52855988,52.22314376,0
143356,1,1,1,16.35995142,603.97518,34.77005201,154.8405047,413.9958571,30.47904006,35.13881818,0
143360,1,1,1,13.7174826,946.8753889,61.52747649,205.6627156,638.3393729,NA,102.8733005,0
143362,1,2,1,8.775284986,NA,71.56123318,137.3427209,490.6274943,NA,NA,0
143364,2,2,2,0,0,94.08018595,0,0,NA,0,0
143368,2,2,2,NA,0,NA,0,0,NA,0,0
143370,2,2,2,0,0,63.62996154,0,0,NA,0,0
143374,1,1,1,34.1447773,NA,37.25732417,307.9889573,964.1540792,67.92406748,NA,0
143378,2,2,2,1.075387064,199.7082556,185.7082555,58.58650607,141.1217495,NA,0,0
143380,1,2,1,23.54746904,859.9800729,33.81466579,157.5687838,638.6810119,NA,63.73027721,0
143382,1,1,1,18.14727003,1464.997367,71.70071645,226.5314747,1074.640788,67.16547331,163.8251043,0
143384,1,2,1,7.244238194,1458.253722,156.2429958,255.8964775,875.9650003,54.7361965,250.3170396,76.07520439
143386,1,1,1,18.13702325,1238.23397,62.44772689,349.6722112,782.9436634,57.90981555,105.6180955,0
143388,1,2,1,13.77217749,1650.099039,109.1245314,424.4759253,1078.40649,66.81345684,147.2166237,0
143390,1,1,1,12.36770397,1325.101421,98.27381509,385.4523592,829.969094,56.7267999,109.6799683,0
143392,1,2,1,11.08811232,1867.425329,142.9744315,457.8349826,1127.481573,63.24450328,238.2102687,43.89850551
143394,1,1,1,14.75273631,1408.900538,83.88419022,306.9105961,930.6107428,24.19128414,171.3791996,0
143396,1,1,1,17.05243411,2068.281032,112.5950901,473.6258452,1446.39451,88.8730893,148.2606774,0
143398,1,1,1,12.57654449,961.9191477,71.04453826,212.84445,680.6503464,36.40525441,68.42435137,0
143400,1,1,1,16.30501381,1587.828939,86.08493639,408.0205032,995.5955736,52.21189996,184.212862,0
143402,1,1,1,21.94315811,1181.583137,43.25094863,209.9628013,739.099603,NA,232.5207327,0
143404,1,1,1,14.99457568,1646.306747,97.2610143,346.3322739,1112.055366,NA,140.1601464,47.75896045
143406,1,1,1,18.54114937,869.071149,43.37739186,274.6461847,529.620517,NA,64.80444735,0
143408,1,1,1,16.14906282,915.5122908,54.09010129,267.2420001,606.2624436,NA,42.00784715,0
143410,1,1,1,14.47595031,733.4311318,44.54087708,214.6474363,430.124087,NA,88.65960861,0
143412,2,2,2,0,0,95.90568766,0,0,NA,0,0
143414,1,2,1,6.910357164,859.4633292,107.3669491,261.5314185,480.4125471,NA,117.5193636,0
143416,2,2,2,0,0,163.0228365,0,0,NA,0,0
143418,1,1,1,10.47612113,1516.755244,122.1652249,338.3451004,941.4725933,52.55461577,207.855576,29.08197489
143420,1,2,1,7.669088441,883.1244093,95.50095835,251.5012513,480.9040446,NA,150.7191135,0
143422,1,1,1,10.46540265,919.6754205,71.26849522,198.9140157,546.9394829,NA,173.821922,0
143424,4,4,4,NA,0,NA,0,0,NA,0,0
143426,4,4,4,0,0,5.895057554,0,0,NA,0,0
143428,4,4,4,NA,0,NA,0,0,NA,0,0
143430,2,2,2,0,0,96.28485816,0,0,NA,0,0
143432,1,1,1,4.944166548,773.0275039,116.7450535,41.90394605,535.3030419,NA,122.3242097,73.49630626
143434,1,1,1,10.51335408,3724.230309,301.2370665,984.0074241,2183.004517,111.7162547,380.256569,176.9617995
143436,1,1,1,14.52497594,1074.514346,70.5653197,245.4921115,779.4674594,49.13016114,49.55477544,0
143440,1,1,1,14.53024249,972.4861127,58.51382631,117.6361581,732.5839269,NA,122.2660277,0
143442,1,1,1,13.72980036,NA,111.4931755,364.6181866,1166.160855,76.61076684,NA,0
143444,1,1,1,12.38267732,629.1960356,44.5663663,152.2797006,399.5712327,NA,77.34510236,0
143446,1,1,1,10.61927064,877.1212953,63.90097951,248.4398614,430.1419342,NA,198.5394997,0
143448,1,1,1,21.85336484,1656.740598,64.22641437,263.5115778,1140.051688,57.29143835,253.1773327,0
143450,1,1,1,17.66811759,1654.446146,71.33650133,326.7425145,933.6391792,23.7739284,394.0644521,0
143454,1,1,1,8.510716351,580.0780825,54.91919906,83.05543155,384.3462939,NA,112.6763571,0
143456,1,1,1,22.32367871,1263.157706,48.24602449,664.7175618,412.311188,37.7943999,186.1289559,0
143458,2,2,2,1.270092392,152.5316484,120.0949234,18.71079178,133.8208567,NA,0,0
143462,1,1,1,NA,1205.961447,NA,228.6652733,894.7329441,NA,82.56322931,0
143464,1,1,1,12.81680451,729.3846554,51.68980344,224.8759644,437.6221414,NA,66.88654967,0
143466,1,1,1,28.29960494,1951.156267,63.77970232,479.7882032,1325.152176,NA,146.2158888,0
143468,1,1,1,10.8794762,1116.226238,91.79769794,357.9573053,640.7535645,42.73902156,117.5153684,0
143470,1,1,1,11.78460795,907.5166284,68.20925343,177.4496342,626.3696761,NA,103.6973181,0
143472,1,1,1,14.83163073,1038.733614,62.36708493,256.8261137,668.1794595,37.47675302,113.7280406,0
143474,1,1,1,15.38569863,1770.578398,101.7188418,515.4875948,1049.527851,40.71278449,205.5629524,0
143476,4,4,4,0,0,14.19575316,0,0,NA,0,0
143478,2,2,2,0,0,77.83333627,0,0,NA,0,0
143480,2,2,2,0,0,49.0709192,0,0,NA,0,0
143482,1,2,1,1.294487785,189.7333298,92.61203382,0,119.8851465,NA,69.84818334,0
143484,1,1,1,13.61022954,1381.034434,88.10294801,220.4598905,978.6414549,58.22282746,133.7963624,48.13672613
143486,1,1,1,13.39591856,2231.321606,136.7902161,564.1350605,1268.295535,NA,270.5258349,128.3651761
143488,1,1,1,10.30837329,706.0967181,64.25666716,119.7109294,542.6707823,NA,43.71500645,0
143490,1,1,1,19.91949682,2996.541495,131.4111995,625.8661521,1991.778817,82.07084977,235.4208027,143.4757233
143492,1,2,1,13.52435582,888.9761667,55.17455457,283.4148909,462.7854174,NA,79.30547428,63.47038425
143494,1,1,1,16.06680067,1638.328781,92.95864884,305.2081367,1188.339945,83.16849445,76.35628903,68.4244101
143496,1,1,1,14.3311502,819.0893506,51.91326961,194.808618,549.1682462,30.69375608,32.7795279,42.33295856
143498,1,2,1,11.96404753,405.0334014,28.45558092,80.02973078,260.4141918,NA,47.04714215,17.54233667
143502,1,1,1,11.12151936,2050.80983,161.9589388,512.2791411,1288.950332,71.5062962,134.8400436,114.7403133
143504,1,1,1,13.64845368,964.57169,63.49629365,183.4733037,683.1529191,NA,59.91536452,38.03010276
143506,1,2,1,9.230877122,940.7805819,82.40031164,205.3459944,555.2811572,NA,137.5093805,42.64404986
143508,1,1,1,15.48588532,1074.9843,53.44530695,245.9872775,581.6606171,NA,160.0510304,87.28537506
143512,1,1,1,19.10943162,886.3533518,43.29684184,204.8806149,622.4974235,NA,58.97531337,0
143514,1,2,1,14.82828389,560.3622983,34.54216064,114.0132246,398.1877395,NA,48.16133424,0
143516,1,1,1,20.43185555,961.3275507,44.7628097,157.16508,757.4221819,NA,46.74028885,0
143518,2,2,2,0,0,69.9369427,0,0,NA,0,0
143520,1,1,1,11.3412643,1790.505292,134.8070987,323.4038153,1205.47912,64.49367376,166.9257823,94.69657467
143522,1,2,1,10.98942836,354.0759104,26.27014352,67.06793961,221.6259205,NA,65.3820503,0
143524,1,1,1,16.52951269,953.6880601,53.08981856,194.7953586,682.7534712,16.20330039,76.13923032,0
143526,1,1,1,23.92305454,1923.110447,71.37794573,466.0506056,1241.527883,54.84043744,215.5319582,0
143528,1,2,1,15.90438834,645.6204585,35.71825486,118.2622443,449.8147517,NA,77.54346258,0
143530,1,1,1,20.91888713,1754.395506,77.44388764,374.4258226,1245.614122,45.83272517,112.9250553,21.4305066
143532,1,2,1,7.505060375,421.8154296,49.15660181,141.6632303,227.2600342,NA,52.89216519,0
143534,1,1,1,30.78202434,2450.989176,74.89191024,658.34715,1646.977454,62.20651436,145.6645723,0
143536,1,1,1,14.71076286,1106.924037,69.73754771,393.0119925,632.8805346,NA,81.03150981,0
143538,1,1,1,28.27022342,1477.819148,49.82443253,262.0289281,1146.518912,30.10163617,69.27130882,0
143540,1,1,1,17.44271251,1021.959258,56.27288399,316.3812645,665.1704728,NA,40.40752048,0
143542,1,1,1,20.92742133,1833.630773,76.95486439,389.5164569,1220.950414,56.78947872,223.1639031,0
143544,1,1,1,12.41395359,1429.365507,97.81622532,293.2573365,921.0287452,39.63878124,180.9887544,34.09067145
143546,4,4,4,0,0,4.788297812,0,0,NA,0,0
143548,1,1,1,28.5584726,2152.110876,67.12199892,302.3207546,1614.581013,60.04220276,235.2091085,0
143550,1,1,1,13.90125143,2511.191401,164.0342775,651.6889509,1628.592783,101.4628261,187.2882798,43.62138684
143552,1,1,1,11.7793076,741.7844206,60.73870068,186.6208919,528.8389469,28.94285055,26.32458188,0
143554,1,1,1,11.51637499,837.450173,59.49486428,137.2683528,547.8968145,NA,112.462777,39.82222884
143556,1,1,1,16.25946066,613.4640403,32.57989171,132.0208079,397.7106598,NA,83.73257259,0
143558,1,1,1,16.01555205,746.3636967,43.75870085,146.675977,554.1437739,NA,45.54394584,0
143560,1,1,1,18.43396712,1027.122486,52.05425345,181.2592713,778.307125,49.68291202,67.55608939,0
143564,1,1,1,25.01820107,1915.145416,69.75680551,434.9975156,1310.192271,NA,169.9556302,0
143566,1,1,1,14.54908151,1958.793374,107.4728923,446.6136191,1117.018251,NA,284.0651385,111.0963651
143568,1,1,1,22.34894835,3473.764838,137.5424102,462.9621554,2610.966066,128.0003633,333.6106924,66.22592468
143570,1,1,1,22.13379946,784.9819751,32.11885291,143.7982797,567.1139693,NA,74.06972617,0
143572,1,1,1,20.4237674,679.5275675,30.90170724,172.2037154,458.9255655,NA,48.39828656,0
143574,1,1,1,19.33375339,2577.160667,107.5315326,431.8833885,1647.104744,61.10989667,439.5484444,58.62409012
143576,1,1,1,10.94586989,481.3598591,40.95845142,152.0702271,296.2556529,NA,33.03397911,0
143578,1,1,1,28.97688937,2475.245667,75.25850155,804.2050403,1376.552234,49.88221263,253.5287004,40.95969262
143580,1,1,1,18.37625816,1337.203948,62.97165808,372.142495,785.0409508,NA,180.020502,0
143582,1,2,1,8.951046263,535.9479716,52.97948103,133.2398126,340.9819731,NA,61.72618595,0
143584,1,1,1,14.57710258,1726.078137,101.21919,380.2379938,1095.244522,NA,250.5956219,0
143586,1,2,1,9.735167965,2478.9542,203.1988851,430.9596438,1547.215633,62.42316641,424.0908975,76.6880261
143588,1,1,1,11.1913297,728.9124809,51.56085011,267.1512,309.8832733,NA,151.8780076,0
143590,1,1,1,11.25343028,1793.113206,138.2775733,561.8545523,994.2424788,52.71105596,153.9486457,83.06752948
143592,1,1,1,15.12374509,3017.601351,166.107115,748.1375161,1764.024149,61.41386,453.4657565,51.97392966
143594,1,2,1,14.79500685,670.7656905,39.13308322,146.427616,432.5466181,NA,91.79145646,0
143596,1,1,1,19.34510034,1010.45097,46.57284275,189.9334866,711.0228294,NA,109.4946536,0
143598,1,1,1,7.437300827,329.2042955,41.98297695,79.70441671,232.5356125,NA,16.96426639,0
143604,1,2,1,11.74284265,1017.925346,73.83382975,268.2389547,598.7800904,42.59132894,150.906301,0
143606,1,1,1,33.42245737,1592.359752,46.55346055,413.0500642,1142.880987,NA,36.42870149,0
143610,1,2,1,15.45299718,929.5540473,53.25676161,182.9683574,640.0082295,17.382756,106.5774605,0
143612,4,4,4,NA,0,NA,0,0,NA,0,0
143614,1,1,1,15.046964,2469.110376,146.278874,582.4157128,1618.637238,84.67144244,215.9901829,52.06724242
143616,1,1,1,18.83545744,860.7994906,41.99733811,245.0064941,546.0325805,NA,69.76041606,0
143618,1,1,1,15.70256864,1556.986406,91.90543712,325.1341221,1118.017313,29.53528364,90.73711579,23.09785568
143620,1,1,1,19.34089683,871.1738256,42.8333477,152.053599,676.3817598,NA,42.73846683,0
143622,1,1,1,17.24653796,821.9114995,45.34143855,162.273038,619.709803,NA,39.92865853,0
143624,1,1,1,13.28624319,623.0507033,43.33312585,170.5815299,405.1529181,NA,47.3162553,0
143628,1,1,1,15.45711222,1609.054393,90.43991357,317.2208468,1080.719047,59.9277361,211.1144994,0
143630,1,1,1,15.72608421,1288.495051,75.83479808,281.3071532,911.2772677,NA,95.91062999,0
143632,1,1,1,10.46125317,1971.332368,152.7160476,627.6647367,969.9365009,116.7882554,322.6148195,51.11631148
143634,1,1,1,25.94677683,1771.981671,64.28351347,611.4547504,1056.495228,NA,104.0316927,0
143636,1,1,1,10.3934519,223.7980693,18.74968841,60.19301745,134.6809671,NA,28.9240848,0
143638,1,1,1,13.06674015,381.4831387,27.7166498,104.9643046,257.201956,NA,19.31687811,0
143640,1,1,1,28.15735513,1076.486396,34.4277735,166.130606,803.2644387,NA,107.0913517,0
143642,1,1,1,16.44374178,2191.454326,114.8180816,418.324866,1469.71402,81.54657669,229.5610757,73.85436515
143644,1,1,1,8.23527665,62.65180438,7.60773524,14.66124964,47.99055474,NA,0,0
143646,1,1,1,19.79328213,356.2575592,16.27157978,85.13934358,236.9286258,NA,34.18958989,0
143648,1,1,1,15.85043781,508.4497108,28.79519765,126.3820551,330.0344344,NA,52.03322127,0
143650,1,1,1,19.15798843,637.8392576,30.64537952,125.7865311,461.3172952,NA,50.73543139,0
143652,1,1,1,12.62348021,277.1653971,18.53448458,60.03146309,173.9382362,NA,43.19569783,0
143656,1,1,1,20.09157172,1921.382233,91.07907437,379.1615658,1450.76019,26.50563142,91.46047753,0
143660,1,1,1,15.80848709,444.9826853,25.86253373,88.31654246,320.5309882,NA,36.13515471,0
143662,1,1,1,17.94923499,516.9446232,27.08617529,94.19912825,391.9769971,NA,30.76849789,0
143664,1,1,1,12.74571859,256.4139452,18.56640368,59.18697299,177.4551835,NA,19.77178871,0
143666,1,1,1,16.32582016,151.9331803,9.306312258,26.65515346,125.2780269,NA,0,0
143668,1,1,1,19.39867704,359.6944721,18.54221664,56.52764874,303.1668234,NA,0,0
143670,1,1,1,21.21167161,755.7452328,32.23286939,165.4714051,518.2416355,NA,72.03219225,0
143672,1,1,1,17.81512951,787.0395255,42.09668721,172.8559074,577.1020271,NA,37.08159103,0
143674,1,2,1,19.06543647,351.3471241,16.48196905,54.97508474,259.260849,NA,37.1111904,0
143676,1,2,1,11.92521841,198.351367,16.63293368,34.32147249,164.0298945,NA,0,0
143678,4,4,4,0,0,6.091187781,0,0,NA,0,0
143680,1,2,1,22.98149155,845.1728579,31.0808218,149.7075968,564.5760466,NA,130.8892145,0
143684,1,1,1,9.842237079,2854.079808,261.919884,628.9877737,1948.88982,94.55391866,183.6962091,92.50600535
143686,1,1,1,24.59257594,1812.297644,68.88204374,292.228903,1401.757989,NA,118.3107521,0
143688,1,1,1,14.50258249,1063.612646,67.16028847,282.8828522,691.1147713,NA,89.61502298,0
143690,1,1,1,6.415352129,1319.257544,178.5526175,367.7605496,777.7173653,48.72152926,129.4743856,44.30524391
143692,1,1,1,14.39521324,1661.409577,95.74608761,336.4230765,1041.862272,60.04766216,283.1242288,0
143694,1,2,1,8.331810759,564.361901,59.83160465,116.183669,382.3219384,NA,65.85629364,0
143696,1,1,1,21.69508825,1033.691518,44.08281154,224.8686034,731.5118833,NA,77.3110314,0
143700,2,2,2,0.727364375,112.1059823,154.1263032,16.82949301,95.27648926,NA,0,0
143702,2,2,2,0.281797106,28.16658617,99.95342595,0,28.16658617,NA,0,0
143704,2,2,2,0,0,81.5747764,0,0,NA,0,0
143706,2,2,2,0.125799286,36.29621718,288.5248258,0,36.29621718,NA,0,0
143708,1,2,1,5.002612143,249.6172001,43.65493434,35.65375794,182.7349467,NA,31.22849555,0
143710,1,1,1,NA,1560.938883,NA,393.6099448,995.9647512,NA,171.3641875,0
143714,1,1,1,16.91733714,1212.864636,66.49164682,278.9954874,845.8661187,61.87146949,88.00303037,0
143718,1,2,1,NA,581.2756252,NA,39.5650214,491.6043433,NA,50.10626055,0
143720,3,2,3,2.703333375,472.0348225,130.3162317,20.88175825,331.4064601,71.50643191,119.7466042,0
143722,1,1,1,3.458216345,1446.893319,248.1810607,85.72213247,772.5416681,140.9015382,455.1894557,133.4400629
143726,1,1,1,11.74264002,871.3604086,71.87992999,143.1728435,700.8872993,NA,27.30026581,0
143730,1,2,1,17.19617694,1641.906977,70.56492437,110.916726,1102.5302,121.8670588,428.4600518,0
143732,3,3,3,0,0,13.9254107,0,0,NA,0,0
143736,1,2,1,23.29870098,2466.13602,99.56851449,476.4919054,1843.325141,62.1244654,146.3189732,0
143738,1,1,1,17.59540699,1153.817001,59.20180698,200.0707089,841.6091795,NA,112.1371123,0
143740,1,2,1,4.114068694,727.9129934,130.7026728,59.3225744,478.3972,NA,190.193219,0
143760,1,1,1,8.488685849,370.665058,38.96937744,78.70716738,252.0916355,NA,39.86625518,0
143764,1,2,1,9.205474785,1055.337559,100.4805216,238.3826621,686.588246,NA,130.3666513,0
143766,1,1,1,14.78143535,908.6792379,58.24511582,228.0874464,632.8589675,NA,47.73282401,0
143768,1,1,1,16.14194773,1559.229946,83.87046412,266.5354892,1087.297159,NA,143.4244216,61.97287698
143770,1,1,1,12.14788177,1367.44041,98.58933923,278.822554,918.8290829,NA,169.7887731,0
143772,2,2,2,1.537876832,332.6868863,130.6871196,0,200.9806935,NA,86.37951386,45.32667901
143774,1,1,1,13.84113779,1369.135159,89.0537707,391.6464269,840.9590839,NA,136.5296482,0
143776,1,2,1,9.338074827,209.2410357,19.86431231,39.28736749,146.2070673,NA,23.74660094,0
143778,1,1,1,16.08937791,1467.956245,83.98033893,344.6962403,1006.49517,NA,116.7648351,0
143780,1,2,1,10.33047615,1576.664371,140.6162153,363.7733599,1088.859098,70.56622003,124.0319134,0
143782,1,1,1,8.24764869,1302.795897,138.8748484,381.2031394,764.1878218,NA,157.4049355,0
143784,1,1,1,12.3543005,1774.197548,119.1474796,323.4582543,1148.525512,53.51090804,302.2137813,0
143786,1,2,1,14.39818477,1278.854967,71.74708503,229.5666013,803.4611855,NA,200.2806616,45.5465187
143788,NA,1,1,3.715870622,626.6838499,108.5558438,20.85279336,382.5266775,NA,167.0133109,56.29106817
143790,2,2,2,0,0,75.18099819,0,0,NA,0,0
143792,1,1,1,1.184989391,179.0861581,111.4487779,0,132.0656194,NA,47.02053868,0
143794,2,2,2,0,0,102.617281,0,0,NA,0,0
143796,1,2,1,24.11751402,2811.744217,103.984537,814.3137989,1693.534729,60.16852568,255.4705027,48.42518677
143798,1,2,1,12.49205807,2037.037913,152.7239063,562.8020406,1345.033866,59.22441793,129.2020071,0
143800,1,2,1,21.1376755,1536.183786,68.76765413,650.1951822,803.3931756,NA,82.59542804,0
143802,1,2,1,12.1338156,1661.254636,125.3046207,390.2392011,1130.18396,56.19347555,140.8314754,0
143804,1,1,1,9.87745733,1514.923344,136.2118733,417.8867283,927.5402376,68.80432184,169.4963782,0
143806,1,2,1,11.88871329,2353.7142,169.3089258,684.5998261,1328.265451,65.27590262,281.577857,59.27106584
143808,2,2,2,0,0,7.950628398,0,0,NA,0,0
143810,3,2,3,1.358909188,232.893811,40.87632436,0,55.54721275,382.1508254,177.3465983,0
143812,1,1,1,12.10959442,547.5263549,38.03971385,134.7415438,325.9039628,NA,86.88084841,0
143814,1,1,1,28.63350529,2489.354799,79.15324631,689.7464813,1576.688416,NA,179.4847696,43.43513223
143816,1,1,1,16.90540705,NA,26.38364495,76.52670759,369.4995497,NA,NA,0
143818,1,1,1,11.28436701,720.8757039,60.7720901,261.1106822,424.6638866,NA,35.1011351,0
143820,1,1,1,22.50891573,2634.963543,103.9157615,591.206969,1747.824149,74.87708617,218.0610032,77.8714222
143822,1,2,1,10.10961578,2058.003923,198.9980528,701.772104,1310.021752,NA,46.21006773,0
143824,1,1,1,33.23413303,4040.012141,118.3824633,1210.889022,2723.44951,81.3442616,105.6736091,0
143826,1,1,1,25.53728234,1476.78919,56.85358653,451.7101933,1000.175898,NA,24.90309848,0
143828,1,1,1,32.83624472,1773.587188,50.41792551,575.039748,1080.495593,NA,118.0518475,0
143830,1,2,1,8.662608629,1855.26108,166.3084387,313.4493312,1127.215585,NA,291.8758763,122.7202878
143832,1,1,1,32.83408365,4142.974415,119.3502697,1254.505282,2664.251456,100.6013657,188.885731,35.33194664
143836,1,1,1,24.43863838,3286.91821,127.0239573,806.7238916,2297.568665,NA,122.4493162,60.17633712
143838,2,2,2,0,0,64.67645442,0,0,NA,0,0
143842,1,1,1,17.45182039,2217.80225,116.8919082,415.6716261,1624.304961,97.06288833,138.6719763,39.15368717
143844,1,1,1,16.3164557,1182.523601,68.2024855,360.5211312,752.3017018,NA,69.70076795,0
143846,1,1,1,20.23418496,652.8925026,28.4711698,128.3398809,447.751035,NA,76.80158671,0
143848,1,1,1,14.33603437,2784.399937,174.0621206,676.4057434,1818.954799,77.95356149,179.3655674,109.6738274
143850,1,1,1,17.26769465,1276.27478,60.79769015,296.3706037,753.4653451,NA,184.6331448,41.80568624
143852,1,1,1,16.19532572,2041.057942,110.4329905,517.9089437,1270.589307,71.54373082,216.4966749,36.06301712
143854,1,2,1,13.021794,1163.300248,78.74896047,285.5997217,739.8530189,NA,137.8475079,0
143856,1,1,1,18.19854652,902.630887,44.60402189,231.2341161,580.4942515,NA,90.90251949,0
143860,1,1,1,35.43645482,3633.605498,98.06189031,1081.22244,2393.743306,53.37458121,132.9777719,25.6619805
143868,1,1,1,40.21741118,3154.455426,76.45006228,966.7120658,2107.911524,NA,79.8318372,0
143870,1,1,1,20.95685301,2126.111374,99.31092247,498.9774542,1582.266951,33.77100885,44.86696894,0
143872,1,1,1,20.15886229,2363.153446,109.2092008,884.1062757,1317.426963,53.46374545,112.2921098,49.32809785
143874,1,1,1,22.42380426,3363.57868,146.8589605,1127.513145,2165.623438,93.54790273,70.44209704,0
143876,1,1,1,18.25535549,1533.807813,77.15794912,346.0074253,1062.538365,NA,125.2620235,0
143878,NA,1,1,10.11820899,2233.232243,191.4077649,283.7557773,1652.94799,170.0968956,216.6151112,79.91336456
143880,1,1,1,25.23039019,4465.09984,154.9275538,1194.225109,2714.657524,92.05425629,387.0971152,169.1200922
143882,2,2,2,2.015912399,248.5678784,102.478871,25.5620844,181.0263423,NA,41.97945176,0
143884,1,1,1,16.37514535,158.5814039,9.684274584,26.69931981,131.8820841,NA,0,0
143886,3,3,3,7.372904457,1913.535439,212.3395719,293.8109022,1271.748474,1049.733722,347.9760629,0
143888,3,3,3,0,0,8.137041911,0,0,NA,0,0
143890,3,3,3,1.729146065,276.1495169,65.28091699,0,112.8802408,722.8955543,163.2692761,0
143894,2,2,2,0,0,68.00604345,0,0,NA,0,0
143896,4,4,4,0,0,8.484628703,0,0,NA,0,0
143898,1,1,1,19.64194903,2438.943087,112.5396905,463.8387447,1746.660119,56.20359153,198.1183473,30.32587664
143900,1,1,1,29.58566124,2310.057718,73.20221377,450.7505184,1714.98538,74.83656657,144.3218195,0
143902,1,1,1,14.41650606,1470.355629,93.20214452,279.2778108,1064.371471,81.13291727,126.7063473,0
143904,1,1,1,4.920642375,37.1205776,7.54384789,0,37.1205776,NA,0,0
143906,1,1,1,12.11722253,1203.45097,93.26413026,313.3636115,816.7386087,22.23512906,73.34875008,0
143908,1,1,1,10.82349381,1084.411903,95.72341039,297.1718143,738.889926,NA,48.35016292,0
143910,1,1,1,19.23985356,1818.645609,87.91708112,415.6402392,1275.871527,59.19335114,127.1338435,0
143912,1,1,1,7.827345247,1716.871034,190.1671934,594.8495423,893.6547351,100.213316,154.0462763,74.32048021
143914,1,1,1,13.40778194,1022.512003,73.79844248,276.3473631,713.1260615,23.48934583,33.03857791,0
143916,1,1,1,16.34639453,1231.307393,73.11053833,304.2732793,890.8204243,55.30227548,36.213689,0
143918,1,1,1,14.61476366,1456.372508,95.99968424,355.313601,1047.699096,70.40642382,53.35981132,0
143920,1,1,1,14.43044357,1767.545256,117.7462611,353.1717863,1345.95899,78.67497775,52.09290618,16.32157441
143922,1,1,1,14.51627085,2284.870644,154.7003582,454.1848287,1791.487471,90.386483,39.19834478,0
143924,1,1,1,21.55835346,1719.368746,76.81520478,444.302475,1211.706861,60.95216477,63.3594103,0
143926,1,1,1,12.20062106,2458.692358,176.0510473,578.472193,1569.459923,127.0612302,310.7602424,0
143928,1,1,1,11.93800809,1217.767997,82.54381096,242.9871396,742.4215432,NA,232.3593144,0
143930,1,1,1,10.74130065,1475.209788,123.8916095,467.4454718,863.3115533,64.88947068,144.4527634,0
143932,1,1,1,16.91211765,3483.973616,195.9487067,955.7609288,2358.146652,92.14176498,158.0148178,12.05121751
143934,1,1,1,13.70226955,3308.342901,188.3142991,729.8530874,1850.480199,84.21767002,509.8502625,218.1593531
143936,1,1,1,28.10501259,2800.171555,95.97611819,759.4125232,1937.997487,86.45912742,102.7615452,0
