Taxa,Q1,Q2
80013,0.0367665,0.9632335
80017,0.133124,0.866876
80018,0.0153175,0.9846825
80020,0.3146945,0.6853055
80024,0.967494,0.032506
80027,0.386719,0.613281
80028,0.9687935,0.0312065
80029,0.956213,0.043787
80030,0.9605205,0.0394795
80032,0.9487535,0.0512465
80035,0.998561,0.001439
80036,0.9999915,0.0000085
80037,0.9999915,0.0000085
80038,0.9645125,0.0354875
80039,0.95832,0.04168
80041,0.999991,0.000009
80042,0.8585765,0.1414235
80043,0.7271,0.2729
80045,0.7915785,0.2084215
80046,0.99156,0.00844
80047,0.8983015,0.1016985
80048,0.8387825,0.1612175
80049,0.9931285,0.0068715
80052,0.9847935,0.0152065
80053,0.96868,0.03132
80054,0.268237,0.731763
80056,0.6793565,0.3206435
80057,0.023014,0.976986
80059,0.3874795,0.6125205
80060,0.009912,0.990088
80061,0.754394,0.245606
80062,0.0346375,0.9653625
80063,0.775482,0.224518
80064,0.000009,0.999991
80067,0.255366,0.744634
80068,0.6353555,0.3646445
80069,0.00001,0.99999
80071,0.8205805,0.1794195
80072,0.000009,0.999991
80076,0.4114455,0.5885545
80077,0.6403635,0.3596365
80080,0.0000095,0.9999905
80098,0.000009,0.999991
80101,0.0000085,0.9999915
80103,0.0000085,0.9999915
80104,0.000009,0.999991
80108,0.0000095,0.9999905
80110,0.22286,0.77714
80111,0.7220775,0.2779225
80112,0.0000095,0.9999905
80113,0.000009,0.999991
80114,0.0000095,0.9999905
80115,0.00001,0.99999
80116,0.0000105,0.9999895
80117,0.000009,0.999991
80118,0.00001,0.99999
80119,0.000011,0.999989
80120,0.0985615,0.9014385
80122,0.0000095,0.9999905
80123,0.000009,0.999991
80124,0.1042845,0.8957155
80127,0.1190425,0.8809575
80130,0.034284,0.965716
80131,0.015079,0.984921
80132,0.0000085,0.9999915
80133,0.440347,0.559653
80134,0.0000095,0.9999905
80136,0.000009,0.999991
80138,0.0000085,0.9999915
80139,0.1021585,0.8978415
80140,0.0000095,0.9999905
80141,0.9683895,0.0316105
80142,0.9999905,0.0000095
80144,0.6777195,0.3222805
80145,0.001407,0.998593
80146,0.0000105,0.9999895
80147,0.0000085,0.9999915
80148,0.000009,0.999991
80150,0.9436235,0.0563765
80151,0.9999915,0.0000085
80152,0.9999915,0.0000085
80153,0.999991,0.000009
80154,0.9999895,0.0000105
80155,0.99999,0.00001
80157,0.00001,0.99999
80160,0.00001,0.99999
80162,0.99999,0.00001
80163,0.9998315,0.0001685
80164,0.9602895,0.0397105
80165,0.0080005,0.9919995
80167,0.0000095,0.9999905
80168,0.000077,0.999923
80170,0.000009,0.999991
80171,0.000009,0.999991
80173,0.027298,0.972702
80174,0.00001,0.99999
80175,0.003338,0.996662
80176,0.00001,0.99999
80177,0.000009,0.999991
80180,0.00001,0.99999
80181,0.00001,0.99999
80182,0.0000105,0.9999895
80185,0.00001,0.99999
80187,0.004874,0.995126
80188,0.0000105,0.9999895
80189,0.000009,0.999991
80191,0.9926785,0.0073215
80192,0.971947,0.028053
80194,0.963996,0.036004
80196,0.974857,0.025143
80197,0.9806855,0.0193145
80199,0.9999905,0.0000095
80200,0.936738,0.063262
80201,0.728723,0.271277
80203,0.5774365,0.4225635
80204,0.9217865,0.0782135
80205,0.000011,0.999989
80206,0.869012,0.130988
80208,0.0000095,0.9999905
80209,0.943511,0.056489
80211,0.9393255,0.0606745
80212,0.981366,0.018634
80213,0.963979,0.036021
80214,0.8214545,0.1785455
80218,0.000009,0.999991
80219,0.011207,0.988793
80220,0.000009,0.999991
80229,0.9077975,0.0922025
80231,0.933772,0.066228
80232,0.9828275,0.0171725
80233,0.396039,0.603961
80235,0.866057,0.133943
80236,0.9473275,0.0526725
80237,0.8354645,0.1645355
80238,0.961028,0.038972
80246,0.992665,0.007335
80248,0.8086275,0.1913725
80249,0.3875015,0.6124985
80251,0.0000085,0.9999915
80254,0.9897275,0.0102725
80259,0.9638005,0.0361995
80260,0.9880235,0.0119765
80262,0.2643165,0.7356835
80263,0.7032835,0.2967165
80264,0.000009,0.999991
80266,0.029221,0.970779
80267,0.012101,0.987899
80270,0.495584,0.504416
80271,0.9999905,0.0000095
80272,0.99999,0.00001
80275,0.990785,0.009215
80276,0.9821335,0.0178665
80277,0.9999915,0.0000085
80287,0.989845,0.010155
80288,0.926845,0.073155
80290,0.9448905,0.0551095
80291,0.979597,0.020403
80292,0.9999895,0.0000105
80293,0.986598,0.013402
80294,0.982445,0.017555
80295,0.999991,0.000009
80298,0.7625865,0.2374135
80299,0.7818215,0.2181785
80300,0.790256,0.209744
80301,0.645161,0.354839
80302,0.8276875,0.1723125
80304,0.012557,0.987443
80307,0.000009,0.999991
80312,0.000009,0.999991
80313,0.9186775,0.0813225
80314,0.973625,0.026375
80315,0.946889,0.053111
80316,0.918909,0.081091
80317,0.939825,0.060175
80319,0.886316,0.113684
80320,0.6455365,0.3544635
80322,0.888893,0.111107
80324,0.998665,0.001335
80326,0.7975785,0.2024215
80330,0.133164,0.866836
80331,0.993803,0.006197
80332,0.9347625,0.0652375
80333,0.790934,0.209066
80334,0.000009,0.999991
80335,0.0067255,0.9932745
80336,0.000009,0.999991
80340,0.9999905,0.0000095
80341,0.5934895,0.4065105
80342,0.843177,0.156823
80343,0.9135695,0.0864305
80344,0.98509,0.01491
80345,0.988886,0.011114
80347,0.9793115,0.0206885
80348,0.7577025,0.2422975
80350,0.989134,0.010866
80351,0.9675315,0.0324685
80352,0.970212,0.029788
80354,0.476056,0.523944
80355,0.95559,0.04441
80356,0.9572465,0.0427535
80357,0.99999,0.00001
80358,0.999991,0.000009
80359,0.95873,0.04127
80360,0.935561,0.064439
80361,0.977705,0.022295
80363,0.9999825,0.0000175
80365,0.934241,0.065759
80366,0.4628165,0.5371835
80367,0.0855255,0.9144745
80369,0.99999,0.00001
80370,0.5965085,0.4034915
80371,0.9504165,0.0495835
80372,0.584542,0.415458
80373,0.000009,0.999991
80376,0.90482,0.09518
80378,0.9999915,0.0000085
80382,0.0000085,0.9999915
80383,0.9763645,0.0236355
80384,0.838661,0.161339
80386,0.0000095,0.9999905
80387,0.0000085,0.9999915
80388,0.0000085,0.9999915
80389,0.000011,0.999989
80390,0.0026255,0.9973745
80391,0.009483,0.990517
80394,0.99605,0.00395
80395,0.894921,0.105079
80397,0.9127815,0.0872185
80398,0.9993555,0.0006445
80399,0.864478,0.135522
80401,0.999962,0.000038
80402,0.99999,0.00001
80403,0.999992,0.000008
80404,0.99256,0.00744
80407,0.6672785,0.3327215
80408,0.7667965,0.2332035
80410,0.829751,0.170249
80411,0.697565,0.302435
80413,0.999991,0.000009
80414,0.985039,0.014961
80415,0.924322,0.075678
80419,0.999991,0.000009
80421,0.364597,0.635403
80424,0.000009,0.999991
80426,0.000009,0.999991
80427,0.0000085,0.9999915
80428,0.0000085,0.9999915
80431,0.1682405,0.8317595
80433,0.497274,0.502726
80434,0.00001,0.99999
80435,0.0000095,0.9999905
80436,0.060479,0.939521
80441,0.0000095,0.9999905
80442,0.000009,0.999991
80445,0.000009,0.999991
80446,0.000009,0.999991
80447,0.976255,0.023745
80448,0.000009,0.999991
80451,0.000009,0.999991
80452,0.827231,0.172769
80453,0.7261065,0.2738935
80454,0.8503235,0.1496765
80455,0.728744,0.271256
80456,0.693996,0.306004
80457,0.694622,0.305378
80458,0.7584425,0.2415575
80459,0.7075615,0.2924385
80460,0.7835915,0.2164085
80461,0.726439,0.273561
80462,0.9018405,0.0981595
80463,0.955105,0.044895
80466,0.00001,0.99999
80468,0.587183,0.412817
80470,0.8930005,0.1069995
80472,0.630165,0.369835
80473,0.9263665,0.0736335
80474,0.3777685,0.6222315
80475,0.000009,0.999991
80479,0.9968325,0.0031675
80480,0.98784,0.01216
80482,0.883974,0.116026
80483,0.999991,0.000009
80484,0.999991,0.000009
80485,0.9999785,0.0000215
80486,0.999991,0.000009
80487,0.999989,0.000011
80490,0.999991,0.000009
80491,0.999991,0.000009
80492,0.9912985,0.0087015
80493,0.965188,0.034812
80504,0.895112,0.104888
80509,0.0000085,0.9999915
80532,0.9766655,0.0233345
80533,0.9999895,0.0000105
80535,0.7745875,0.2254125
80547,0.999971,0.000029
80549,0.9896515,0.0103485
80551,0.9989075,0.0010925
80554,0.744692,0.255308
80555,0.962724,0.037276
80556,0.905029,0.094971
80557,0.5506605,0.4493395
80559,0.9999915,0.0000085
80561,0.999988,0.000012
80562,0.9843845,0.0156155
80563,0.993331,0.006669
80564,0.9999915,0.0000085
80565,0.999991,0.000009
80566,0.99999,0.00001
80567,0.9639475,0.0360525
80568,0.7914805,0.2085195
80569,0.9373465,0.0626535
80570,0.9844575,0.0155425
80571,0.9999905,0.0000095
80572,0.7927375,0.2072625
80573,0.8493465,0.1506535
80574,0.999992,0.000008
80575,0.863403,0.136597
80579,0.7021815,0.2978185
80581,0.912577,0.087423
80583,0.664549,0.335451
80587,0.8364195,0.1635805
80588,0.7533875,0.2466125
80589,0.8259805,0.1740195
80590,0.7872445,0.2127555
80591,0.898376,0.101624
80592,0.656578,0.343422
80593,0.664426,0.335574
80594,0.5400425,0.4599575
80601,0.493333,0.506667
80603,0.9944215,0.0055785
80604,0.9318775,0.0681225
80606,0.987565,0.012435
80607,0.953028,0.046972
80608,0.9806655,0.0193345
80610,0.931774,0.068226
80611,0.922241,0.077759
80612,0.9797175,0.0202825
80614,0.935572,0.064428
80615,0.9953435,0.0046565
80616,0.9999905,0.0000095
80618,0.9460585,0.0539415
80620,0.9517215,0.0482785
80622,0.9425325,0.0574675
80623,0.752762,0.247238
80624,0.980001,0.019999
80625,0.9999915,0.0000085
80626,0.8790755,0.1209245
80627,0.999952,0.000048
80628,0.9932515,0.0067485
80629,0.964287,0.035713
80630,0.9999915,0.0000085
80631,0.9521345,0.0478655
80632,0.974242,0.025758
80633,0.9999905,0.0000095
80634,0.952994,0.047006
80635,0.9673935,0.0326065
80637,0.959976,0.040024
80639,0.000009,0.999991
80642,0.274602,0.725398
80646,0.9922995,0.0077005
80648,0.99999,0.00001
80649,0.000009,0.999991
80650,0.0000105,0.9999895
80651,0.00001,0.99999
80652,0.0161535,0.9838465
80653,0.000011,0.999989
80654,0.0000095,0.9999905
80656,0.666317,0.333683
80657,0.9478765,0.0521235
80659,0.953617,0.046383
80665,0.523259,0.476741
80667,0.527732,0.472268
80672,0.1142825,0.8857175
80675,0.6934675,0.3065325
80676,0.0092085,0.9907915
80677,0.443067,0.556933
80683,0.7513155,0.2486845
80684,0.8191455,0.1808545
80685,0.7911075,0.2088925
80686,0.957635,0.042365
80690,0.74501,0.25499
80691,0.7937735,0.2062265
80692,0.9049765,0.0950235
80693,0.947023,0.052977
80695,0.94832,0.05168
80696,0.976581,0.023419
80697,0.9912995,0.0087005
80700,0.0000085,0.9999915
80701,0.574126,0.425874
80702,0.0000085,0.9999915
80706,0.0000105,0.9999895
80711,0.0000095,0.9999905
80713,0.000011,0.999989
80714,0.0000095,0.9999905
80719,0.9678565,0.0321435
80771,0.9761435,0.0238565
80783,0.9748265,0.0251735
80784,0.965809,0.034191
80786,0.984526,0.015474
80788,0.9999895,0.0000105
142462,0.931626,0.068374
142464,0.941864,0.058136
142466,0.9999905,0.0000095
142468,0.999991,0.000009
142470,0.9944275,0.0055725
142472,0.939948,0.060052
142474,0.999974,0.000026
142476,0.9708965,0.0291035
142488,0.613165,0.386835
142490,0.7175925,0.2824075
142492,0.1395415,0.8604585
142496,0.0000225,0.9999775
142498,0.02622,0.97378
142500,0.4279225,0.5720775
142506,0.9866905,0.0133095
142508,0.9945285,0.0054715
142510,0.9999735,0.0000265
142512,0.9999835,0.0000165
142514,0.9930535,0.0069465
142516,0.962787,0.037213
142518,0.9884635,0.0115365
142520,0.9999915,0.0000085
142522,0.999992,0.000008
142524,0.9771065,0.0228935
142526,0.9814655,0.0185345
142528,0.9999915,0.0000085
142532,0.85447,0.14553
142534,0.7421785,0.2578215
142536,0.9926905,0.0073095
142538,0.9350655,0.0649345
142540,0.9986455,0.0013545
142542,0.91155,0.08845
142544,0.9085865,0.0914135
142546,0.9967365,0.0032635
142548,0.999991,0.000009
142550,0.999991,0.000009
142552,0.982037,0.017963
142554,0.989931,0.010069
142556,0.400953,0.599047
142562,0.05546,0.94454
142564,0.556084,0.443916
142566,0.163057,0.836943
142568,0.002534,0.997466
142570,0.7335395,0.2664605
142572,0.044571,0.955429
142574,0.6084005,0.3915995
142578,0.0000245,0.9999755
142580,0.238202,0.761798
142582,0.801738,0.198262
142586,0.7987405,0.2012595
142588,0.837393,0.162607
142590,0.000009,0.999991
142592,0.1494835,0.8505165
142594,0.614653,0.385347
142596,0.0413875,0.9586125
142600,0.5302225,0.4697775
142604,0.3359125,0.6640875
142606,0.000009,0.999991
142608,0.6037225,0.3962775
142610,0.496768,0.503232
142616,0.203247,0.796753
142618,0.0000095,0.9999905
142620,0.0000115,0.9999885
142622,0.0000115,0.9999885
142624,0.000012,0.999988
142626,0.000025,0.999975
142632,0.000009,0.999991
142634,0.0000085,0.9999915
142638,0.0000085,0.9999915
142640,0.0000095,0.9999905
142642,0.1775925,0.8224075
142644,0.00001,0.99999
142646,0.0000085,0.9999915
142648,0.7536965,0.2463035
142650,0.00001,0.99999
142652,0.0000085,0.9999915
142654,0.000011,0.999989
142656,0.58006,0.41994
142658,0.000009,0.999991
142660,0.000011,0.999989
142662,0.0000105,0.9999895
142664,0.1277565,0.8722435
142666,0.999991,0.000009
142668,0.999991,0.000009
142670,0.0000115,0.9999885
142672,0.00001,0.99999
142674,0.00001,0.99999
142676,0.0000095,0.9999905
142678,0.000009,0.999991
142682,0.0000105,0.9999895
142684,0.05958,0.94042
142686,0.0200555,0.9799445
142688,0.0000095,0.9999905
142690,0.0000085,0.9999915
142692,0.0535125,0.9464875
142696,0.032405,0.967595
142698,0.00001,0.99999
142700,0.1448895,0.8551105
142702,0.0179385,0.9820615
142704,0.0000085,0.9999915
142706,0.009758,0.990242
142712,0.01823,0.98177
142714,0.000014,0.999986
142716,0.0618495,0.9381505
142720,0.744174,0.255826
142722,0.9584505,0.0415495
142724,0.9999915,0.0000085
142726,0.689479,0.310521
142728,0.9995275,0.0004725
142730,0.0000105,0.9999895
142732,0.000009,0.999991
142734,0.000009,0.999991
142738,0.00001,0.99999
142740,0.973518,0.026482
142742,0.999992,0.000008
142744,0.999992,0.000008
142746,0.9999915,0.0000085
142748,0.9999895,0.0000105
142750,0.9999915,0.0000085
142752,0.00001,0.99999
142754,0.0000095,0.9999905
142756,0.0606235,0.9393765
142758,0.0000135,0.9999865
142760,0.062898,0.937102
142762,0.994839,0.005161
142764,0.99999,0.00001
142766,0.9430025,0.0569975
142768,0.051844,0.948156
142770,0.000011,0.999989
142772,0.9399715,0.0600285
142774,0.0000215,0.9999785
142776,0.0000095,0.9999905
142778,0.000009,0.999991
142780,0.000009,0.999991
142784,0.0717275,0.9282725
142786,0.00001,0.99999
142788,0.0003125,0.9996875
142790,0.0000105,0.9999895
142792,0.000009,0.999991
142794,0.0000095,0.9999905
142796,0.0000095,0.9999905
142798,0.0000105,0.9999895
142800,0.0000575,0.9999425
142802,0.000018,0.999982
142804,0.8811055,0.1188945
142806,0.071955,0.928045
142808,0.006312,0.993688
142810,0.0058945,0.9941055
142812,0.008034,0.991966
142816,0.000009,0.999991
142818,0.000023,0.999977
142820,0.999991,0.000009
142822,0.99999,0.00001
142824,0.9977235,0.0022765
142826,0.99994,0.00006
142828,0.997159,0.002841
142830,0.9999915,0.0000085
142832,0.999992,0.000008
142834,0.9999915,0.0000085
142836,0.9756905,0.0243095
142838,0.7219975,0.2780025
142840,0.5335785,0.4664215
142842,0.6072695,0.3927305
142844,0.948903,0.051097
142846,0.0001185,0.9998815
142848,0.8893705,0.1106295
142852,0.0330845,0.9669155
142854,0.980707,0.019293
142856,0.943095,0.056905
142858,0.9626805,0.0373195
142860,0.9999905,0.0000095
142862,0.9707205,0.0292795
142864,0.8522485,0.1477515
142870,0.999992,0.000008
142874,0.0054715,0.9945285
142876,0.00001,0.99999
142878,0.874683,0.125317
142882,0.9999915,0.0000085
142884,0.9723515,0.0276485
142886,0.988077,0.011923
142888,0.999987,0.000013
142890,0.9842265,0.0157735
142892,0.812367,0.187633
142894,0.943404,0.056596
142896,0.9040525,0.0959475
142898,0.976929,0.023071
142900,0.9993665,0.0006335
142902,0.520788,0.479212
142904,0.9566655,0.0433345
142906,0.863305,0.136695
142908,0.9675305,0.0324695
142912,0.999923,0.000077
142914,0.568486,0.431514
142916,0.999991,0.000009
142918,0.9999915,0.0000085
142920,0.9827885,0.0172115
142922,0.996835,0.003165
142924,0.999992,0.000008
142926,0.999992,0.000008
142928,0.9951855,0.0048145
142930,0.010781,0.989219
142932,0.8064805,0.1935195
142934,0.1644835,0.8355165
142936,0.0877525,0.9122475
142938,0.0000085,0.9999915
142940,0.003434,0.996566
142942,0.9999915,0.0000085
142944,0.999954,0.000046
142946,0.9999895,0.0000105
142948,0.9999915,0.0000085
142950,0.904594,0.095406
142952,0.9446095,0.0553905
142954,0.9590725,0.0409275
142956,0.9999855,0.0000145
142958,0.0000095,0.9999905
142960,0.6736845,0.3263155
142962,0.7626645,0.2373355
142964,0.000009,0.999991
142966,0.1877965,0.8122035
142968,0.050476,0.949524
142972,0.9465,0.0535
142974,0.8293305,0.1706695
142976,0.4700205,0.5299795
142978,0.9999915,0.0000085
142980,0.9864845,0.0135155
142982,0.977864,0.022136
142984,0.9999915,0.0000085
142986,0.99693,0.00307
142988,0.9999915,0.0000085
142994,0.6556365,0.3443635
142998,0.528582,0.471418
143000,0.336946,0.663054
143004,0.9718565,0.0281435
143006,0.2516865,0.7483135
143008,0.9999915,0.0000085
143010,0.999981,0.000019
143012,0.9638525,0.0361475
143014,0.990273,0.009727
143016,0.9767835,0.0232165
143018,0.999991,0.000009
143020,0.999897,0.000103
143022,0.9936645,0.0063355
143024,0.999991,0.000009
143026,0.988157,0.011843
143028,0.9991525,0.0008475
143030,0.779798,0.220202
143032,0.7925425,0.2074575
143034,0.803794,0.196206
143036,0.663721,0.336279
143038,0.872076,0.127924
143040,0.023667,0.976333
143044,0.5473355,0.4526645
143048,0.0000135,0.9999865
143056,0.0000085,0.9999915
143058,0.951777,0.048223
143060,0.9942835,0.0057165
143062,0.982612,0.017388
143064,0.9518565,0.0481435
143066,0.9566235,0.0433765
143068,0.9763715,0.0236285
143070,0.9137755,0.0862245
143072,0.6536545,0.3463455
143074,0.9343635,0.0656365
143076,0.9173205,0.0826795
143078,0.9978615,0.0021385
143080,0.8646425,0.1353575
143082,0.8519675,0.1480325
143084,0.2208525,0.7791475
143090,0.02558,0.97442
143092,0.999991,0.000009
143094,0.9693815,0.0306185
143096,0.700316,0.299684
143098,0.0717325,0.9282675
143100,0.0000095,0.9999905
143102,0.0040435,0.9959565
143104,0.046451,0.953549
143106,0.000019,0.999981
143108,0.999992,0.000008
143110,0.999991,0.000009
143112,0.6088765,0.3911235
143114,0.906694,0.093306
143116,0.940896,0.059104
143118,0.999766,0.000234
143120,0.999991,0.000009
143122,0.9999915,0.0000085
143124,0.9918545,0.0081455
143126,0.813916,0.186084
143128,0.969298,0.030702
143130,0.9999905,0.0000095
143134,0.993974,0.006026
143136,0.973045,0.026955
143138,0.9820585,0.0179415
143140,0.99161,0.00839
143142,0.999991,0.000009
143144,0.999991,0.000009
143146,0.967426,0.032574
143148,0.9699295,0.0300705
143150,0.999958,0.000042
143152,0.999926,0.000074
143154,0.99999,0.00001
143156,0.995517,0.004483
143158,0.9682725,0.0317275
143160,0.420008,0.579992
143162,0.065224,0.934776
143164,0.9999915,0.0000085
143166,0.999991,0.000009
143168,0.67081,0.32919
143170,0.9913455,0.0086545
143172,0.6066575,0.3933425
143176,0.000009,0.999991
143178,0.6478205,0.3521795
143180,0.9312925,0.0687075
143182,0.999991,0.000009
143184,0.9999915,0.0000085
143186,0.99999,0.00001
143188,0.999991,0.000009
143190,0.9999915,0.0000085
143192,0.000009,0.999991
143194,0.9999905,0.0000095
143196,0.9833115,0.0166885
143198,0.0000095,0.9999905
143200,0.0000085,0.9999915
143202,0.0000095,0.9999905
143204,0.000012,0.999988
143210,0.998451,0.001549
143212,0.9841985,0.0158015
143214,0.9999905,0.0000095
143216,0.9100435,0.0899565
143218,0.99999,0.00001
143220,0.9693005,0.0306995
143222,0.999992,0.000008
143224,0.9429385,0.0570615
143226,0.956536,0.043464
143228,0.9999915,0.0000085
143230,0.9999915,0.0000085
143232,0.9999915,0.0000085
143234,0.9999915,0.0000085
143236,0.9999915,0.0000085
143238,0.9951685,0.0048315
143240,0.7046645,0.2953355
143242,0.9118055,0.0881945
143244,0.8021045,0.1978955
143246,0.856689,0.143311
143248,0.892647,0.107353
143250,0.9808095,0.0191905
143252,0.999991,0.000009
143254,0.999107,0.000893
143256,0.9756475,0.0243525
143258,0.851368,0.148632
143260,0.9097375,0.0902625
143262,0.999992,0.000008
143264,0.0000095,0.9999905
143266,0.0007295,0.9992705
143268,0.005539,0.994461
143270,0.000009,0.999991
143272,0.0000095,0.9999905
143274,0.2204765,0.7795235
143276,0.129139,0.870861
143278,0.2384785,0.7615215
143280,0.98096,0.01904
143282,0.4624295,0.5375705
143284,0.0100865,0.9899135
143286,0.043642,0.956358
143288,0.0526945,0.9473055
143290,0.21717,0.78283
143292,0.44393,0.55607
143294,0.9999895,0.0000105
143296,0.0000215,0.9999785
143298,0.000009,0.999991
143300,0.0000095,0.9999905
143302,0.00001,0.99999
143304,0.00001,0.99999
143306,0.0000095,0.9999905
143308,0.00001,0.99999
143310,0.943723,0.056277
143312,0.000009,0.999991
143314,0.0020785,0.9979215
143316,0.0000095,0.9999905
143318,0.810867,0.189133
143320,0.7796765,0.2203235
143322,0.874333,0.125667
143324,0.76596,0.23404
143326,0.758576,0.241424
143328,0.8832365,0.1167635
143330,0.8063635,0.1936365
143332,0.7471535,0.2528465
143334,0.7818155,0.2181845
143336,0.7390755,0.2609245
143338,0.9060645,0.0939355
143340,0.9121995,0.0878005
143342,0.999991,0.000009
143344,0.9999915,0.0000085
143346,0.0000095,0.9999905
143348,0.733145,0.266855
143350,0.703563,0.296437
143352,0.858251,0.141749
143354,0.941621,0.058379
143356,0.644856,0.355144
143358,0.6267395,0.3732605
143360,0.939355,0.060645
143362,0.45922,0.54078
143364,0.0000125,0.9999875
143366,0.0241075,0.9758925
143368,0.154751,0.845249
143370,0.1488615,0.8511385
143372,0.999991,0.000009
143374,0.9999905,0.0000095
143376,0.9959795,0.0040205
143378,0.933426,0.066574
143380,0.9999915,0.0000085
143382,0.999992,0.000008
143384,0.9999905,0.0000095
143386,0.9999915,0.0000085
143388,0.999991,0.000009
143390,0.9999915,0.0000085
143392,0.9999915,0.0000085
143394,0.9999915,0.0000085
143396,0.999992,0.000008
143398,0.999214,0.000786
143400,0.9874925,0.0125075
143402,0.8861595,0.1138405
143404,0.5795245,0.4204755
143406,0.767464,0.232536
143408,0.9760595,0.0239405
143410,0.8730015,0.1269985
143412,0.000009,0.999991
143414,0.00001,0.99999
143416,0.0000085,0.9999915
143418,0.953521,0.046479
143420,0.86387,0.13613
143422,0.945489,0.054511
143424,0.7988815,0.2011185
143426,0.7475325,0.2524675
143428,0.7892035,0.2107965
143430,0.8209035,0.1790965
143432,0.8886215,0.1113785
143434,0.8732215,0.1267785
143436,0.983569,0.016431
143438,0.8904065,0.1095935
143440,0.930023,0.069977
143442,0.954683,0.045317
143444,0.9207385,0.0792615
143446,0.9638955,0.0361045
143448,0.7539405,0.2460595
143450,0.939373,0.060627
143454,0.8265785,0.1734215
143456,0.8611895,0.1388105
143458,0.8049385,0.1950615
143462,0.997484,0.002516
143464,0.9999915,0.0000085
143466,0.9999915,0.0000085
143468,0.9953805,0.0046195
143470,0.999991,0.000009
143472,0.999991,0.000009
143474,0.6705065,0.3294935
143476,0.050925,0.949075
143478,0.0021365,0.9978635
143480,0.000009,0.999991
143482,0.802286,0.197714
143484,0.9938275,0.0061725
143486,0.9958625,0.0041375
143488,0.9893025,0.0106975
143490,0.995075,0.004925
143492,0.8899975,0.1100025
143494,0.999993,0.000007
143496,0.999991,0.000009
143498,0.999991,0.000009
143500,0.983613,0.016387
143502,0.9915685,0.0084315
143504,0.99999,0.00001
143506,0.9853675,0.0146325
143508,0.624237,0.375763
143510,0.8363705,0.1636295
143512,0.999991,0.000009
143514,0.999978,0.000022
143516,0.9831395,0.0168605
143518,0.811177,0.188823
143520,0.983458,0.016542
143522,0.911776,0.088224
143524,0.999992,0.000008
143526,0.9999905,0.0000095
143528,0.999992,0.000008
143530,0.999991,0.000009
143532,0.999991,0.000009
143534,0.9999905,0.0000095
143536,0.99999,0.00001
143538,0.9999915,0.0000085
143540,0.999989,0.000011
143542,0.99633,0.00367
143544,0.9909635,0.0090365
143546,0.7741195,0.2258805
143548,0.9531765,0.0468235
143550,0.99999,0.00001
143552,0.99525,0.00475
143554,0.7874015,0.2125985
143556,0.8658185,0.1341815
143558,0.999992,0.000008
143560,0.9999915,0.0000085
143564,0.6217375,0.3782625
143566,0.6557625,0.3442375
143568,0.935296,0.064704
143570,0.926591,0.073409
143572,0.922425,0.077575
143574,0.7119095,0.2880905
143576,0.988242,0.011758
143578,0.895192,0.104808
143580,0.7114975,0.2885025
143582,0.8405075,0.1594925
143584,0.7787735,0.2212265
143586,0.86635,0.13365
143588,0.7924635,0.2075365
143590,0.930478,0.069522
143592,0.693943,0.306057
143594,0.5616835,0.4383165
143596,0.478645,0.521355
143598,0.0645995,0.9354005
143604,0.4899205,0.5100795
143606,0.9872305,0.0127695
143610,0.970821,0.029179
143612,0.622099,0.377901
143614,0.9914985,0.0085015
143616,0.954207,0.045793
143618,0.9805335,0.0194665
143620,0.99999,0.00001
143622,0.9668865,0.0331135
143624,0.926163,0.073837
143626,0.9928105,0.0071895
143628,0.9999905,0.0000095
143630,0.953161,0.046839
143632,0.99999,0.00001
143634,0.999991,0.000009
143636,0.9267545,0.0732455
143638,0.963363,0.036637
143640,0.972016,0.027984
143642,0.996753,0.003247
143644,0.9999905,0.0000095
143646,0.9737535,0.0262465
143648,0.796868,0.203132
143650,0.9597545,0.0402455
143652,0.999992,0.000008
143656,0.999991,0.000009
143660,0.989124,0.010876
143662,0.999992,0.000008
143664,0.974051,0.025949
143666,0.987949,0.012051
143668,0.9999915,0.0000085
143670,0.950957,0.049043
143672,0.9810675,0.0189325
143674,0.9925695,0.0074305
143676,0.9416665,0.0583335
143678,0.609528,0.390472
143680,0.000009,0.999991
143684,0.4058015,0.5941985
143686,0.97781,0.02219
143688,0.9985355,0.0014645
143690,0.9619725,0.0380275
143692,0.9999905,0.0000095
143694,0.999991,0.000009
143696,0.9999895,0.0000105
143700,0.0000145,0.9999855
143702,0.018153,0.981847
143704,0.0000115,0.9999885
143706,0.0040915,0.9959085
143708,0.0000105,0.9999895
143710,0.6184895,0.3815105
143712,0.975375,0.024625
143714,0.988671,0.011329
143716,0.990396,0.009604
143718,0.478958,0.521042
143720,0.2135345,0.7864655
143722,0.317162,0.682838
143726,0.5168155,0.4831845
143730,0.5345435,0.4654565
143732,0.4783775,0.5216225
143736,0.452987,0.547013
143738,0.677602,0.322398
143740,0.526995,0.473005
143744,0.172365,0.827635
143746,0.6533995,0.3466005
143750,0.360653,0.639347
143756,0.608339,0.391661
143758,0.6850985,0.3149015
143760,0.8951225,0.1048775
143762,0.652437,0.347563
143764,0.9652725,0.0347275
143766,0.9781865,0.0218135
143768,0.923559,0.076441
143770,0.9927985,0.0072015
143772,0.786316,0.213684
143774,0.9704215,0.0295785
143776,0.8733335,0.1266665
143778,0.985209,0.014791
143780,0.8415935,0.1584065
143782,0.9918885,0.0081115
143784,0.993516,0.006484
143786,0.99974,0.00026
143788,0.0000085,0.9999915
143790,0.2727815,0.7272185
143792,0.0000085,0.9999915
143794,0.000009,0.999991
143796,0.0000105,0.9999895
143798,0.00001,0.99999
143800,0.0000095,0.9999905
143802,0.0000095,0.9999905
143804,0.9999915,0.0000085
143806,0.00028,0.99972
143808,0.52767,0.47233
143810,0.03933,0.96067
143812,0.903188,0.096812
143814,0.878023,0.121977
143816,0.9733845,0.0266155
143818,0.9984415,0.0015585
143820,0.8661025,0.1338975
143822,0.5738035,0.4261965
143824,0.476061,0.523939
143826,0.749832,0.250168
143828,0.8909675,0.1090325
143830,0.8416325,0.1583675
143832,0.825242,0.174758
143834,0.4622125,0.5377875
143836,0.970442,0.029558
143838,0.0000095,0.9999905
143840,0.6961225,0.3038775
143842,0.9999905,0.0000095
143844,0.999991,0.000009
143846,0.874745,0.125255
143848,0.7705925,0.2294075
143850,0.768209,0.231791
143852,0.8468665,0.1531335
143854,0.8617795,0.1382205
143856,0.8472375,0.1527625
143858,0.431436,0.568564
143860,0.8582565,0.1417435
143866,0.643332,0.356668
143868,0.783452,0.216548
143870,0.990409,0.009591
143872,0.8358125,0.1641875
143874,0.88716,0.11284
143876,0.8001465,0.1998535
143878,0.383973,0.616027
143880,0.79725,0.20275
143882,0.00001,0.99999
143884,0.9734575,0.0265425
143886,0.137892,0.862108
143888,0.9860825,0.0139175
143890,0.999986,0.000014
143892,0.701045,0.298955
143894,0.7706135,0.2293865
143896,0.6808825,0.3191175
143898,0.098269,0.901731
143900,0.00001,0.99999
143902,0.0676155,0.9323845
143904,0.9999895,0.0000105
143906,0.9999915,0.0000085
143908,0.9999915,0.0000085
143910,0.95965,0.04035
143912,0.999991,0.000009
143914,0.9739745,0.0260255
143916,0.9999885,0.0000115
143918,0.9861095,0.0138905
143920,0.9985125,0.0014875
143922,0.9969845,0.0030155
143924,0.99999,0.00001
143926,0.999989,0.000011
143928,0.984169,0.015831
143930,0.9984975,0.0015025
143932,0.9999865,0.0000135
143934,0.987399,0.012601
143936,0.5940615,0.4059385
