"","Name","Chromosome","Position"
"35951","S4_33094522_TGAC",4,33094522
"35952","S4_33094537_A",4,33094537
"35953","S4_33101883_C",4,33101883
"35954","S4_33102355_A",4,33102355
"35955","S4_33102421_T",4,33102421
"35956","S4_33102440_A",4,33102440
"35957","S4_33102450_T",4,33102450
"35958","S4_33102462_T",4,33102462
"35959","S4_33102621_T",4,33102621
"35960","S4_33102649_A",4,33102649
"35961","S4_33111715_G",4,33111715
"35962","S4_33111846_A",4,33111846
"35963","S4_33111865_C",4,33111865
"35964","S4_33116227_T",4,33116227
"35965","S4_33116590_T",4,33116590
"35966","S4_33116607_T",4,33116607
"35967","S4_33117988_A",4,33117988
"35968","S4_33118012_T",4,33118012
"35969","S4_33118181_T",4,33118181
"35970","S4_33118261_T",4,33118261
"35971","S4_33122758_T",4,33122758
"35972","S4_33128262_G",4,33128262
"35973","S4_33128286_T",4,33128286
"35974","S4_33128313_C",4,33128313
"35975","S4_33128319_C",4,33128319
"35976","S4_33128389_A",4,33128389
"35977","S4_33128618_G",4,33128618
"35978","S4_33128741_T",4,33128741
"35979","S4_33137978_G",4,33137978
"35980","S4_33137984_G",4,33137984
"35981","S4_33137996_T",4,33137996
"35982","S4_33139985_T",4,33139985
"35983","S4_33141425_C",4,33141425
"35984","S4_33141611_A",4,33141611
"35985","S4_33162654_G",4,33162654
"35986","S4_33162671_G",4,33162671
"35987","S4_33163078_A",4,33163078
"35988","S4_33166771_A",4,33166771
"35989","S4_33196780_CCCTGCG",4,33196780
"35990","S4_33196780_CCCAGCA",4,33196780
"35991","S4_33196840_G",4,33196840
"35992","S4_33196873_T",4,33196873
"35993","S4_33197020_A",4,33197020
"35994","S4_33197062_G",4,33197062
"35995","S4_33197092_C",4,33197092
"35996","S4_33197445_A",4,33197445
"35997","S4_33197502_G",4,33197502
"35998","S4_33197954_C",4,33197954
"35999","S4_33198110_G",4,33198110
"36000","S4_33198149_T",4,33198149
"36001","S4_33198176_G",4,33198176
"36002","S4_33198224_A",4,33198224
"36003","S4_33198323_C",4,33198323
"36004","S4_33198344_A",4,33198344
"36005","S4_33219048_A",4,33219048
"36006","S4_33221681_A",4,33221681
"36007","S4_33221955_G",4,33221955
"36008","S4_33221972_G",4,33221972
"36009","S4_33224285_C",4,33224285
"36010","S4_33226782_C",4,33226782
"36011","S4_33226820_G",4,33226820
"36012","S4_33226976_T",4,33226976
"36013","S4_33233258_G",4,33233258
"36014","S4_33233276_T",4,33233276
"36015","S4_33233466_C",4,33233466
"36016","S4_33233487_C",4,33233487
"36017","S4_33233928_G",4,33233928
"36018","S4_33235805_A",4,33235805
"36019","S4_33235851_G",4,33235851
"36020","S4_33235864_G",4,33235864
"36021","S4_33235895_A",4,33235895
"36022","S4_33239859_C",4,33239859
"36023","S4_33239907_G",4,33239907
"36024","S4_33239925_A",4,33239925
"36025","S4_33240009_A",4,33240009
"36026","S4_33240213_C",4,33240213
"36027","S4_33240318_G",4,33240318
"36028","S4_33240339_T",4,33240339
"36029","S4_33240375_A",4,33240375
"36030","S4_33241646_G",4,33241646
"36031","S4_33241670_G",4,33241670
"36032","S4_33256910_G",4,33256910
"36033","S4_33256914_C",4,33256914
"36034","S4_33257054_T",4,33257054
"36035","S4_33257078_A",4,33257078
"36036","S4_33257102_T",4,33257102
"36037","S4_33263526_A",4,33263526
"36038","S4_33263613_TGTGGACATG",4,33263613
"36039","S4_33263613_TGTGGACATA",4,33263613
"36040","S4_33263667_G",4,33263667
"36041","S4_33263696_T",4,33263696
"36042","S4_33274175_C",4,33274175
"36043","S4_33274390_C",4,33274390
"36044","S4_33276305_A",4,33276305
"36045","S4_33287079_C",4,33287079
"36046","S4_33289395_T",4,33289395
"36047","S4_33289758_T",4,33289758
"36048","S4_33332139_C",4,33332139
"36049","S4_33332159_A",4,33332159
"36050","S4_33332200_G",4,33332200
"36051","S4_33332252_A",4,33332252
