"Sample.Name","Alpha (ug/g)","Beta (ug/g)","Lut (ug/g)","Lycopene (ug/g)","Phyto (ug/g)","Zeta (ug/g)","Total (ug/g)","AB.Ratio"
80001,4.345264218,7.4445329135,1.644238236,NA,0,0,11.7897971315,7.17037037174216
80002,37.120507025,65.945640545,48.308723405,NA,10.793855355,21.00615389,134.866156815,2.1334893639382
80003,57.0016745,99.943655645,17.640943845,NA,9.0793282425,13.36672713,179.3913855175,8.89665153542696
80004,189.3269981,287.99275325,32.24578853,NA,55.736026895,49.27824523,582.334023475,14.8025454829837
80005,34.820705665,75.957544145,6.0727455555,NA,4.827272267,0,115.605522077,18.2418724442801
80006,186.23925825,273.05865345,47.201936625,NA,55.23352086,74.02509755,588.55653011,9.73048871593836
80007,196.40820935,137.99803685,29.012563,NA,8.335484951,9.141925745,351.883656896,11.5262566151084
80008,102.4962592,177.6113444,40.95608425,NA,19.994624095,29.426366835,329.52859453,6.83921836595011
80009,0,NA,0.42846586,0.0146800665,0,0,NA,NA
80011,4.4945255165,57.81284807,41.242124055,48.5595897,34.929655655,5.4719698995,102.708999141,1.51077023829829
80013,0,NA,1.466524699,1.5824272395,0,0,NA,NA
80017,6.760185459,9.171870212,4.3796808655,NA,0,0,15.932055671,3.63772068337247
80018,0,0,1.753930831,NA,0,0,0,0
80020,0,0,1.634281488,NA,0,0,0,0
80024,52.50918318,145.4076196,34.637975415,NA,8.9293097915,24.500061755,231.3461743265,5.71386752281982
80027,256.79374965,187.45462515,50.77543894,NA,28.83725921,17.11643624,490.20207025,8.7492768959606
80028,197.2256615,316.5325454,NA,NA,20.334861105,19.33270063,553.425768635,NA
80029,61.76554517,122.0740253,41.418822635,NA,13.083087585,16.788980855,213.71163891,4.43855133425861
80030,89.44252109,170.32320305,37.16568667,NA,9.5964064195,18.87880765,288.2409382095,6.98939660247639
80032,143.0343741,323.2683598,36.34347205,NA,18.96064809,28.34188621,513.6052682,12.8304399001416
80033,128.93077615,171.29957885,17.474630525,5.1473241945,6.8021296545,0,307.0324846545,17.1809272058987
80034,2.7556923,4.368065454,NA,NA,0,0,7.123757754,NA
80035,111.29318855,245.63706925,32.37223161,NA,19.79276051,33.5647771,410.28779541,11.0258156465723
80036,145.36889115,359.93433905,50.10642277,NA,42.089579265,51.428301565,598.82111103,10.08459998271
80037,149.63795365,240.2121543,29.548515485,NA,15.748168865,26.376598825,431.97487564,13.1935598642139
80038,119.2697967,240.91937575,50.46611225,NA,13.727549995,45.64460758,419.561330025,7.13724827198275
80039,165.30096535,295.9105097,NA,NA,10.5502366855,33.667418655,505.4291303905,NA
80040,3.739142695,9.391011,2.713491833,NA,NA,0,NA,4.83884032202282
80041,166.2820225,306.9946904,47.52295057,7.2697211645,18.598805155,26.205627,518.081145055,9.95890842684265
80042,75.6734784,174.7336348,16.50364321,NA,6.834426894,17.179600555,274.421140649,15.1728385068499
80043,140.088984,143.0095445,7.119282571,NA,9.8943612775,NA,NA,39.7650361081587
80045,68.32906089,71.123783765,5.3979673365,NA,4.8587975445,0,144.3116421995,25.8343253972745
80046,156.1602469,169.32343245,31.28428617,NA,8.2599588895,6.104484221,339.8481224605,10.4040628442442
80047,377.466946,532.2490698,46.08920429,8.9898985355,24.95643258,52.62893027,987.30137865,19.7381584215673
80048,371.54319415,552.44932955,22.779464775,NA,24.445213305,21.253173645,969.69091065,40.5625212368494
80049,497.9424323,265.80454195,49.190097955,NA,18.60137785,28.037315255,810.385667355,15.5264373522632
80052,63.243272475,127.31525335,13.789998775,5.2043417045,5.8951963895,0,196.4537222145,13.8186035353727
80053,392.79054865,561.2916883,35.181873835,9.48562669,24.722267215,21.24208817,1000.046592335,27.1185736559845
80054,0,0,8.9046158435,NA,0,0,0,0
80056,21.730934715,40.300722105,17.725081625,NA,2.297314115,0,64.328970935,3.49965422627497
80059,0,3.432411321,32.241405315,NA,0,0,3.432411321,0.106459730506942
80062,0,0,2.4211384425,NA,0,0,0,0
80063,26.639979275,47.045928565,15.71971991,NA,0,0,73.68590784,4.687482236444
80064,0,0,5.2622594275,NA,0,0,0,0
80065,107.51949905,104.0323155,10.620618925,NA,5.009172781,0,216.560987331,19.918972335221
80066,0,6.9285112125,8.5922325365,NA,0,0,6.9285112125,0.80636914597778
80068,0,0,1.353608741,NA,0,0,0,0
80069,12.24345224,28.428955615,11.965881645,NA,0,0,40.672407855,3.39903143467871
80070,0,0,6.76932781,NA,0,0,0,0
80071,16.10974304,24.089894045,6.0758453075,NA,0,0,40.199637085,6.61630358419062
80072,0,0,NA,NA,0,0,0,NA
80076,0,0,4.2770309765,NA,0,0,0,0
80077,49.50660204,89.24484066,7.926652704,NA,0,0,138.7514427,17.5044180540397
80079,0,9.3985620845,14.649181725,NA,0,0,9.3985620845,0.641575909216868
80080,90.659891155,80.610832205,43.21133174,NA,0,0,171.27072336,3.96356040101994
80081,0,0,25.8800403,NA,0,0,0,0
80083,16.5329816,22.741665575,23.03283365,NA,0,0,39.274647175,1.70515915548237
80084,25.19943588,28.29494401,14.449501465,NA,0,0,53.49437989,3.70216093749502
80085,0,0,6.096712223,NA,0,0,0,0
80086,0,0,21.789675535,NA,0,0,0,0
80087,0,5.1987626805,21.205497165,NA,0,0,5.1987626805,0.245161084413557
80088,0,0,5.1909113265,NA,0,0,0,0
80090,0,0,7.1677476245,NA,0,0,0,0
80091,0,0,9.1356586435,NA,0,0,0,0
80093,0,0,15.22839603,NA,0,0,0,0
80094,0,0,10.19144459,NA,0,0,0,0
80096,0,0,18.416660875,NA,0,0,0,0
80097,3.180917387,0,1.603609018,0,0,0,3.180917387,1.98359908886469
80098,7.5868861755,11.042577385,21.351202655,NA,0,0,18.6294635605,0.87252525590812
80101,0,0,14.719654235,NA,0,0,0,0
80103,0,0,8.9946413205,NA,0,0,0,0
80104,0,0,6.7193214675,NA,0,0,0,0
80106,0,31.75368395,15.31105553,NA,0,0,31.75368395,2.07390560943253
80108,0,0,32.782880555,NA,0,0,0,0
80110,0,0,7.2118469375,NA,0,0,0,0
80111,21.2886112,74.749421395,26.772893275,NA,0,0,96.038032595,3.58713687043598
80112,0,0,28.7023616,NA,0,0,0,0
80113,0,0,23.38416742,NA,0,0,0,0
80114,0,0,15.90490684,NA,0,0,0,0
80115,0,0,20.2060043,NA,0,0,0,0
80116,0,0,12.25507665,NA,0,0,0,0
80117,0,11.617196405,54.233110265,NA,0,0,11.617196405,0.214208559093047
80118,0,0,21.22282823,NA,0,0,0,0
80119,0,0,13.41526519,NA,0,0,0,0
80120,0,0,1.9854309095,NA,0,0,0,0
80122,0,0,22.469605825,NA,0,0,0,0
80123,0,0,27.63456919,NA,0,0,0,0
80124,0,0,4.0508786075,NA,0,0,0,0
80127,0,0,37.53746429,NA,0,0,0,0
80130,0,11.628724295,24.88077769,NA,0,0,11.628724295,0.467377846459911
80131,0,0,29.23814789,NA,0,0,0,0
80132,0,0,7.2966360825,NA,0,0,0,0
80133,0,0,4.8240161435,NA,0,0,0,0
80134,0,0,3.0542837275,NA,0,0,0,0
80135,0,25.67598502,23.27402491,NA,0,0,25.67598502,1.10320346907285
80136,0,19.61473977,30.181197055,NA,0,0,19.61473977,0.649899330840176
80138,0,0,10.78770149,NA,0,0,0,0
80139,0,0,21.735563705,NA,0,0,0,0
80140,0,0,4.213676638,NA,0,0,0,0
80141,6.934670753,66.871211545,7.165858621,NA,0,0,73.805882298,10.2996564963907
80142,35.33375179,144.1019257,63.189138995,NA,NA,10.98023818,NA,2.83966011159288
80144,0,0,22.84254536,NA,0,0,0,0
80145,0,9.232884888,52.660133225,NA,0,0,9.232884888,0.17532969103118
80146,0,0,17.68373818,NA,0,0,0,0
80147,0,0,26.860654575,NA,0,0,0,0
80148,0,0,17.54784331,NA,0,0,0,0
80149,0,29.21803803,8.1653252005,NA,0,0,29.21803803,3.57830671927321
80150,247.6043898,459.1574321,92.52142098,NA,45.396851905,96.30852089,848.467194695,7.63889934259416
80151,134.543135,285.8018977,36.01717135,NA,14.89574296,24.369958795,459.610734455,11.6706842026893
80152,144.1381904,393.3757569,53.473728415,NA,19.589807875,39.255063075,596.35881825,10.0519257443291
80153,28.902425635,65.581364095,22.793721995,NA,0,0,94.48378973,4.14516724169602
80154,228.1237963,353.08381475,58.19779069,13.747338005,8.8049196165,18.571769625,608.5843002915,9.98676417367623
80155,15.18268583,37.527827215,26.593459415,NA,0,0,52.710513045,1.98208560317161
80157,0,0,43.52632382,NA,0,0,0,0
80160,0,9.188304976,43.0086886,NA,0,0,9.188304976,0.213638343206772
80162,90.437161375,251.62709995,57.6116187,NA,6.3015194645,0,348.3657807895,5.93741799039227
80163,139.8493831,183.15786855,36.894249125,2.7072914415,0,0,323.00725165,8.75494851665449
80164,70.73807428,137.70601635,69.540139915,NA,0,0,208.44409063,2.99746435490041
80165,0,7.9531181365,37.043114865,NA,0,0,7.9531181365,0.214698957295691
80167,0,0,17.831122725,NA,0,0,0,0
80168,0,0,33.051079375,NA,0,0,0,0
80170,0,0,1.8970164545,NA,0,0,0,0
80171,0,0,37.188037895,NA,0,0,0,0
80173,17.808367015,114.3889921,216.8314553,NA,12.71370158,0,144.911060695,0.609677959003211
80174,0,0,21.640069275,NA,0,0,0,0
80175,0,0,106.1945741,NA,0,0,0,0
80176,0,0,70.431673175,NA,0,0,0,0
80177,0,0,49.361732825,NA,0,0,0,0
80180,0,0,35.06801162,NA,0,0,0,0
80181,0,0,23.33080516,NA,0,0,0,0
80183,93.66843513,298.3384192,113.10264885,NA,0,0,392.00685433,3.46593875842723
80185,0,0,19.935176155,NA,0,0,0,0
80186,0,62.70118818,115.43133735,NA,0,0,62.70118818,0.543190346914923
80187,0,0,35.375358925,NA,0,0,0,0
80188,0,0,57.150886165,NA,0,0,0,0
80189,0,0,3.758561399,0,0,0,0,0
80191,94.656375995,119.63908325,35.44316945,NA,13.523352915,0,227.81881216,6.04617088624957
80192,372.9226049,598.595195,120.02635315,27.50390183,70.089470035,49.2158586,1090.823128535,8.09420410104329
80194,231.53939525,329.020149,67.49440802,NA,0,0,560.55954425,8.3052738840808
80196,232.66085595,270.0277919,33.605894405,NA,0,0,502.68864785,14.9583475384368
80197,385.12304915,579.75678905,101.07599885,NA,40.249657095,84.526799445,1089.65629474,9.54608264254616
80198,19.036025075,36.326831255,8.1324534565,NA,0,0,55.36285633,6.80764502694452
80199,53.631986525,95.662939895,17.166509155,NA,0,0,149.29492642,8.69687162788805
80200,64.699801745,166.0309814,88.632220795,NA,0,0,230.730783145,2.60323820248918
80201,627.69690575,625.3200691,192.7990241,NA,45.52441989,0,1298.54139474,6.49908359598382
80203,159.3210816,256.9038464,63.63765841,NA,32.73273045,0,448.95765845,6.54054436318786
80204,148.01608895,330.39330345,96.418660795,13.343309085,0,0,478.4093924,4.96179254571029
80205,0,19.682493845,88.67106176,NA,0,0,19.682493845,0.221972010420641
80206,11.22932124,27.402843695,164.6771361,NA,0,0,38.632164935,0.23459337373672
80208,0,0,128.40102855,NA,0,0,0,0
80209,144.67167935,324.0296497,297.9489963,NA,29.999680985,30.082650345,528.78366038,1.57309249190446
80211,406.79511015,858.59191915,116.6224682,34.689731205,21.448184925,36.794594545,1323.62980877,10.8502851022664
80212,23.452643945,27.286794055,24.780081985,NA,0,0,50.739438,2.047589593558
80213,209.73412565,381.68311805,78.71162835,NA,16.539666525,0,607.956910225,7.51372136617727
80214,0,0,58.258778635,NA,0,0,0,0
80215,0,0,12.70082879,NA,0,0,0,0
80217,0,0,3.638832494,NA,0,0,0,0
80218,0,0,53.99261312,NA,0,0,0,0
80219,0,0,15.137157495,NA,0,0,0,0
80220,0,0,2.722922679,0,0,0,0,0
80221,0,0,2.756250133,0,0,0,0,0
80223,0,0,2.542764525,0,0,0,0,0
80224,63.603311245,151.1509117,27.07020772,NA,10.950288645,0,225.70451159,7.93323143901609
80226,0,0,NA,NA,0,0,0,NA
80227,13.32820641,15.053944145,3.1628468385,NA,0,0,28.382150555,8.97360890496373
80228,0,0,2.782319103,NA,0,0,0,0
80229,123.85390975,352.5728857,77.16344442,8.1686652755,34.80729159,67.054364265,578.288451305,6.1742551674704
80230,30.052234595,55.635223215,7.4587180635,NA,0,0,85.68745781,11.4882285508713
80231,39.55932161,100.76496605,10.43773794,NA,0,0,140.32428766,13.4439366524276
80232,384.03764105,535.4185778,48.787502735,11.894794385,33.09459169,38.922787885,991.473598425,18.8461422968138
80233,0,0,47.41057648,NA,0,0,0,0
80234,0,0,2.5172958445,NA,0,0,0,0
80235,192.01126165,160.77322975,65.218977075,NA,24.61260035,28.59139034,405.98848209,5.40923067521141
80236,89.51225007,205.30276425,59.865694365,NA,16.18303762,32.07429414,343.07234608,4.92460694638433
80237,422.4791454,626.78343815,147.6971409,NA,NA,29.49365587,NA,7.10414959393435
80238,55.13548646,32.109981655,10.798909645,NA,0,0,87.245468115,8.07909974090722
80240,6.797532598,9.037065614,3.717472885,NA,0,0,15.834598212,4.25950604129289
80241,0,0,2.532005603,0,0,0,0,0
80242,216.39212765,523.9998678,100.44995724,12.933046335,19.558941285,18.946627465,778.8975642,7.37075471003954
80243,0,0,6.05800418,NA,0,0,0,0
80244,8.1353798085,19.14542894,55.96154207,NA,0,0,27.2808087485,0.487492083659445
80245,0,0,2.913956807,0,0,0,0,0
80246,11.3681363,54.023004935,12.981577655,NA,0,0,65.391141235,5.03722605779074
80247,0,0,2.3631672115,NA,0,0,0,0
80248,359.79839525,323.85467645,24.146180395,NA,NA,0,NA,28.3130938523745
80249,6.936297398,34.621528545,37.76984367,NA,0,0,41.557825943,1.10029118219541
80250,55.054085355,184.20458625,117.08709365,NA,0,0,239.258671605,2.04342480581334
80251,0,0,55.61703547,NA,0,0,0,0
80253,0,0,2.535067654,NA,0,0,0,0
80254,98.25471086,226.389079,70.49778608,NA,0,0,324.64378986,4.60502106394658
80255,0,0,2.485334913,NA,0,0,0,0
80256,0,5.745825917,3.0685662925,NA,0,0,5.745825917,1.87247899158757
80258,0,0,5.250832975,NA,0,0,0,0
80259,113.7294871,246.4581446,87.11166298,NA,10.084481222,NA,NA,4.13478080177043
80260,219.8857639,324.3091801,57.945096905,16.12109974,5.118714601,0,549.313658601,9.39156154820482
80262,0,0,43.330634615,NA,0,0,0,0
80263,0,0,67.96642164,NA,0,0,0,0
80264,0,0,46.928171465,NA,0,0,0,0
80266,0,117.7533338,103.4035706,47.74530856,12.851402265,0,130.604736065,1.13877434905522
80267,0,43.599427625,70.31690572,11.078749165,0,0,43.599427625,0.620041897159294
80270,70.92165918,231.96487575,111.3525234,NA,20.614116065,0,323.500650995,2.72006889185593
80271,35.32563124,41.283780065,11.705463,NA,0,0,76.609411305,6.54475703395927
80272,124.3887589,178.30805235,45.208264535,NA,7.8532979765,17.32598479,327.8760940165,6.695607857622
80273,10.52881021,9.2082681625,4.65484241,NA,0,0,19.7370783725,4.24011741624138
80274,0,0,2.3671511335,NA,0,0,0,0
80275,34.02257791,25.35309828,5.511188984,NA,0,0,59.37567619,10.773659978342
80276,395.401285,457.9533418,53.42926639,NA,16.236718165,13.487079465,883.07842443,15.9716702934128
80277,76.928339885,196.00158185,28.30134861,NA,0,0,272.929921735,9.64370728391943
80286,0,0,6.025320131,NA,0,0,0,0
80287,290.9811948,469.45571755,89.08335326,13.229413055,NA,12.977939615,NA,8.53624032461573
80288,88.857349415,182.4854454,48.69443927,NA,NA,23.42235066,NA,5.57235690322798
80290,16.96081145,49.786629105,12.053857675,NA,0,0,66.747440555,5.53743393647627
80291,70.809788695,258.42192125,99.691118265,NA,NA,15.863327515,NA,3.3025179742676
80292,16.20046158,53.348406475,4.4417808695,NA,0,0,69.548868055,15.6578791476557
80293,66.733756575,220.7427256,34.682787245,NA,0,0,287.476482175,8.28873643125218
80294,305.9462318,466.9042262,91.26004516,NA,18.14769796,19.03229677,810.03045273,8.46866179657279
80295,32.803125515,61.438253925,10.7756665,NA,0,0,94.24137944,8.74575873705817
80296,0,0,2.2240112195,NA,0,0,0,0
80297,0,0,2.6670984485,NA,0,0,0,0
80298,0,0,2.3498128885,NA,0,0,0,0
80299,0,0,2.440088775,NA,0,0,0,0
80300,0,0,65.370953975,NA,0,0,0,0
80301,0,0,69.31535226,NA,0,0,0,0
80302,30.64878741,127.0607045,21.04882374,NA,0,0,157.70949191,7.49255606194743
80304,0,0,3.949436992,NA,0,0,0,0
80307,0,0,39.016321135,NA,0,0,0,0
80308,0,27.384680665,18.5750693,NA,0,0,27.384680665,1.47427071321882
80312,0,0,27.76179633,NA,0,0,0,0
80313,199.5842661,549.22274595,106.9650236,NA,23.16468622,23.98633561,795.95803388,7.00048470844258
80314,211.87472725,276.01062955,75.3257631,NA,0,0,487.8853568,6.47700516690816
80315,485.93991135,610.51976085,45.801471505,20.48172811,12.43494223,0,1108.89461443,23.9393983680263
80316,847.45003515,1018.624205,113.1447505,22.66880601,55.466323355,NA,NA,16.4928044111954
80317,25.857666065,45.507192425,8.825947063,NA,0,0,71.36485849,8.08580178201778
80319,62.93275056,116.4233388,10.88504864,NA,0,0,179.35608936,16.4772887372233
80320,867.65159165,1284.115692,130.11325995,30.38161687,135.0837078,33.24355359,2320.09454504,16.5376479267131
80322,43.807789075,101.12835055,23.313352315,NA,0,0,144.936139625,6.21687253152979
80324,359.26531595,623.1918873,214.9488343,NA,18.58150847,23.808518845,1024.847230565,4.57065611195083
80325,191.75845065,572.72350985,311.00249045,22.571215635,55.634440225,89.273213315,909.38961404,2.45812166775207
80326,593.23601795,1135.5635395,252.11145385,28.891562275,85.68325871,71.06043684,1885.543253,6.85728288441267
80330,0,0,89.200066935,NA,0,0,0,0
80331,159.7595808,385.0475659,35.32458992,NA,14.6957884,0,559.5029351,15.4228866614965
80332,85.802300265,222.2225512,159.49443135,NA,NA,10.697947335,NA,1.93125771763818
80333,0,0,3.976160145,0,0,0,0,0
80334,0,441.41587755,91.603214755,227.3959992,26.92384887,0,468.33972642,4.81878151034984
80335,0,31.5021057,117.3993761,52.33504474,24.750828555,0,56.252934255,0.268332820381999
80336,0,102.5951182,87.188121985,57.03289851,31.21448842,0,133.80960662,1.1767098070727
80339,0,0,3.5777241085,NA,0,0,0,0
80340,212.55745135,334.34718055,56.75584414,16.93174612,8.4469052075,13.899239675,569.2507767825,9.63609369549586
80341,23.466096615,82.055490155,72.558119655,NA,0,0,105.52158677,1.45430431868597
80342,196.2431085,401.31675565,142.4640584,NA,21.50166385,46.35795706,665.41948506,4.19446048962199
80343,77.68409954,206.69958815,80.453622015,NA,5.700321017,19.7719093,309.855918007,3.53475307347852
80344,193.4736598,362.74766145,39.338159765,15.96378237,5.953400383,0,562.174721633,14.1394850336869
80347,136.7741925,310.69506215,86.06903894,11.699317805,0,0,447.46925465,5.19895725757944
80348,205.40187385,313.41137135,51.713795245,NA,8.52820522,0,527.34145042,10.0323954709196
80349,9.817350017,24.682731635,6.6613130635,NA,0,0,34.500081652,5.17917133200656
80350,10.183016495,18.108955115,6.901724121,NA,0,0,28.29197161,4.09926144742812
80351,225.82313465,385.5757286,57.26460627,14.573461115,NA,NA,NA,10.676732157509
80352,205.4407301,566.0330176,76.79710508,NA,0,32.819392585,804.293140285,10.0456097517784
80354,0,0,27.266661365,NA,0,0,0,0
80356,85.53351534,243.7331017,170.87680385,NA,0,0,329.26661704,1.9269240155559
80357,33.38260612,90.67772837,16.850238525,NA,0,0,124.06033449,7.36252690464511
80358,30.149854035,53.37752103,11.440778825,NA,0,0,83.527375065,7.30084693906317
80359,62.14223127,137.6472284,33.049026715,NA,0,0,199.78945967,6.045244883999
80360,129.23127815,126.66914985,25.32774069,NA,6.085633955,0,261.986061955,10.1035631694159
80361,129.95624155,223.4953281,73.429043115,NA,0,0,353.45156965,4.81351185656125
80362,0,0,2.806209656,NA,0,0,0,0
80363,296.40069985,420.0328911,63.37641069,18.42628802,13.925021645,25.9396673,756.298279895,11.3044204168389
80365,26.23796178,46.1399402,9.857346586,NA,0,0,72.37790198,7.34253395156009
80366,140.71386385,352.87157745,80.58234144,13.01572295,0,NA,NA,6.12523081955262
80367,424.0172241,699.37069535,105.68561285,18.845901065,16.203704055,0,1139.591623505,10.6295255253374
80368,0,0,5.4425470695,NA,0,0,0,0
80369,66.72503876,130.69061385,35.908568885,NA,0,0,197.41565261,5.49773100794518
80370,153.81790095,379.02108605,68.200820605,NA,18.27857787,29.28943159,580.40699646,7.81279436630321
80371,224.9136963,436.1952122,143.12437805,NA,7.6384828165,39.163135085,707.9105264015,4.61912161650787
80372,189.3590547,306.33303605,119.73353455,12.205534225,27.614109205,32.827536835,556.13373679,4.13996039299251
80373,48.67779997,62.56060583,63.36091441,NA,0,0,111.2384058,1.75563131996788
80376,461.5081549,817.61031885,125.66430115,NA,110.2278497,98.23956483,1487.58588828,10.1788531989142
80377,0,0,3.2991776085,NA,0,0,0,0
80378,207.84310375,494.90210565,96.323102315,12.005187605,0,17.12089073,719.86610013,7.29570780540116
80381,0,0,3.309416353,NA,0,0,0,0
80382,0,0,28.04174263,NA,0,0,0,0
80383,192.37168835,229.2122531,82.140691375,9.170637019,7.224097721,0,428.808039171,5.13246156555132
80384,78.88479164,164.48106465,57.296931945,NA,18.02152997,17.31431891,278.70170517,4.2474500471266
80386,0,11.37384541,64.749080075,NA,0,0,11.37384541,0.175660339835338
80387,0,0,20.835936415,NA,0,0,0,0
80388,53.090011835,128.1107882,79.697030945,NA,0,0,181.200800035,2.2736204584591
80389,0,0,52.237242715,NA,0,0,0,0
80390,0,0,33.917301355,NA,0,0,0,0
80391,0,0,42.904918875,NA,0,0,0,0
80392,0,6.8378479315,3.93299357,NA,0,0,6.8378479315,1.73858609473903
80394,116.43743025,215.83410995,72.198038045,NA,0,0,332.2715402,4.6022239550734
80395,0,10.505186615,36.378710005,NA,0,0,10.505186615,0.288772928274701
80397,25.58360209,45.71122891,14.02851202,NA,0,0,71.294831,5.08213778470284
80398,69.27128582,157.96172285,37.780179,NA,0,0,227.23300867,6.01460910680174
80399,478.7844339,820.27668145,176.7103539,49.20509568,26.082550255,38.539286615,1363.68295222,7.35135823498569
80401,36.29808476,72.0016091,25.61315282,NA,0,0,108.29969386,4.22828437487143
80402,0,0,3.6894480075,NA,0,0,0,0
80403,74.326922655,179.4066336,27.74038095,NA,0,0,253.733556255,9.14672212729652
80404,78.601201915,220.99193635,66.473427205,NA,13.11560037,0,312.708738635,4.50696091448803
80405,0,53.95457371,7.598495442,NA,0,0,53.95457371,7.10069172533433
80407,0,0,5.933068788,NA,0,0,0,0
80408,0,0,3.733779441,NA,0,0,0,0
80410,8.3517185905,21.087136135,55.152452575,NA,0,0,29.4388547255,0.533772359179623
80411,0,0,3.664235987,0,0,0,0,0
80413,525.7869407,756.87194605,74.24214231,23.94278432,10.811902055,0,1293.470788805,17.276695510674
80414,11.269829435,16.77008897,11.94678445,NA,0,0,28.039918405,2.347068244376
80415,0,0,2.8217822495,NA,0,0,0,0
80419,144.0802895,239.3247168,26.349459025,NA,13.706479185,0,397.111485485,14.5507733550139
80421,0,0,15.335729445,NA,0,0,0,0
80424,182.64895795,385.79390575,118.7960529,126.75948105,26.579178895,NA,NA,4.78503157153296
80425,9.0236845155,0,2.9648793305,NA,0,0,9.0236845155,3.04352505097678
80426,1171.6626415,808.50100855,35.855405585,17.689511715,17.0095381,0,1997.17318815,55.2263631589875
80427,554.4922584,822.288885,108.90728825,NA,77.981941945,54.537056435,1509.30014178,12.6417723324408
80428,0,0,20.27745135,NA,0,0,0,0
80429,23.67236351,45.59466351,4.4256000865,NA,0,0,69.26702702,15.651442892749
80431,0,0,86.94437187,0,0,0,0,0
80433,0,0,9.9248048,0,0,0,0,0
80434,0,0,95.161965075,NA,0,0,0,0
80435,0,0,103.99859145,NA,0,0,0,0
80436,180.562861,447.0082164,177.7060446,NA,33.844961065,84.301423895,745.71746236,3.53151227248688
80439,0,7.7109104535,4.8450618115,NA,0,0,7.7109104535,1.59149888143795
80441,0,0,13.38145166,NA,0,0,0,0
80442,0,0,2.754568148,NA,0,0,0,0
80443,0,0,3.102994978,NA,0,0,0,0
80444,0,0,2.577919597,NA,0,0,0,0
80445,0,0,2.7340847115,NA,0,0,0,0
80446,54.477076855,141.30003185,85.707692905,64.687751145,26.212846825,0,221.98995553,2.2842419632273
80447,18.519392185,22.601116545,13.10105473,NA,0,0,41.12050873,3.13871742218117
80448,339.72640965,616.3661353,66.465336455,29.3658989,53.31704247,13.669463275,1023.079050695,14.3848296863331
80450,6.480472139,49.977220385,147.6124954,NA,19.167737365,0,75.625429889,0.382472312868982
80451,1493.205238,1472.3027745,98.224074555,NA,73.7534794,42.549463995,3081.810955895,30.1912542921388
80452,0,0,3.006362849,NA,0,0,0,0
80453,0,0,116.35547765,NA,0,0,0,0
80454,0,13.788694045,65.72805444,NA,0,0,13.788694045,0.209783998058044
80455,0,0,3.0994422045,NA,0,0,0,0
80456,0,0,2.6181602995,NA,0,0,0,0
80457,0,0,28.99071484,NA,0,0,0,0
80458,0,0,16.930568465,NA,0,0,0,0
80459,0,0,3.8234635515,NA,0,0,0,0
80460,0,0,3.1703614115,NA,0,0,0,0
80461,0,0,103.2616402,NA,0,0,0,0
80462,0,0,10.440446225,NA,0,0,0,0
80463,185.6370468,409.3373731,95.731878325,NA,25.96449726,74.22194337,695.16086053,6.21500831603995
80464,0,0,NA,NA,0,0,0,NA
80465,16.865756195,22.71312083,9.0957450375,NA,0,0,39.578877025,4.35136174791883
80468,118.9851598,216.5027867,11.657352045,NA,0,0,335.4879465,28.7790868119056
80469,0,0,2.4197754645,NA,0,0,0,0
80470,19.732323535,34.6189402,4.673991004,NA,0,0,54.351263735,11.6284485118791
80472,44.356925185,36.001906315,7.4786205725,NA,0,0,80.3588315,10.7451408613363
80473,413.9977372,685.6058394,89.74559522,31.02027088,12.18163465,49.75264012,1161.53785137,12.2524517655096
80474,0,0,2.451596578,NA,0,0,0,0
80475,0,0,45.686196815,NA,0,0,0,0
80479,337.21877275,547.72364615,55.49856748,39.112616275,50.472569075,29.18533156,964.600319535,15.945320016033
80480,41.82797865,69.561297545,13.713732405,NA,0,0,111.389276195,8.12246242710611
80482,150.82088585,195.39229805,92.73129589,NA,20.3282355,45.231985525,411.773404925,3.73350960511418
80483,29.44445815,78.996688955,8.790732719,NA,0,0,108.441147105,12.3358485090348
80484,87.30158917,230.06411525,30.36026963,NA,17.97985566,19.246265405,354.591825485,10.4533229871714
80485,70.13850208,209.82553825,43.734751215,NA,15.8946415,35.73194809,331.59062992,6.40140923527144
80486,13.726291775,38.502994035,5.083918436,NA,0,0,52.22928581,10.2734311078157
80487,36.40941015,64.63067044,15.03091878,NA,0,0,101.04008059,6.72214932891814
80488,0,0,2.4512306655,NA,0,0,0,0
80489,0,0,2.398178604,0,0,0,0,0
80490,12.372800945,46.8334447,10.240958855,NA,0,0,59.206245645,5.78131857409948
80491,188.32506745,438.3668301,82.48662917,14.18714037,21.621557595,33.43264834,681.746103485,7.59749675621276
80492,6.6311161215,23.33904057,5.322347275,NA,0,0,29.9701566915,5.63100360479578
80493,312.9194325,424.05112935,136.44198905,NA,14.66287206,18.4596592,770.09309311,5.40134724641058
80494,17.99880042,12.789836855,4.0783055565,NA,0,0,30.788637275,7.549369915633
80498,0,0,4.638271255,0,0,0,0,0
80504,0,0,4.770992536,0,0,0,0,0
80509,0,0,NA,NA,0,0,0,NA
80530,0,0,4.681101535,0,0,0,0,0
80532,0,0,NA,NA,0,0,0,NA
80533,0,0,11.777366595,NA,0,0,0,0
80535,0,0,NA,NA,0,0,0,NA
80547,266.9949183,414.05644885,68.65506511,NA,0,0,681.05136715,9.91989980722924
80549,618.0779988,974.23136315,116.97389085,NA,30.258265865,36.45663097,1659.024258785,13.6125194295869
80551,364.5817723,589.59059085,61.59308578,27.039048785,12.74271283,0,966.91507598,15.4915499210113
80554,0,0,8.58640428,NA,0,0,0,0
80555,234.8783745,734.49838105,163.94185045,NA,16.432561465,35.53992248,1021.349239495,5.91293042556968
80556,248.63155595,177.3466419,15.87089748,NA,0,0,425.97819785,26.840208525498
80558,0,0,3.453423938,0,0,0,0,0
80559,83.2536806,225.24542945,17.87016104,NA,0,0,308.49911005,17.263364854937
80560,13.285427965,28.06862805,4.6330654575,NA,0,0,41.354056015,8.92585187805972
80561,284.0873606,371.3688265,104.31596271,NA,0,0,655.4561871,6.28337380082642
80562,434.2104749,709.393278,60.627196365,NA,42.10666609,32.128547765,1217.838966755,18.8628836803709
80563,82.059618825,166.56416285,118.8025329,NA,7.3210491435,17.36478249,273.3096133085,2.09274815617168
80564,438.1998159,900.1769772,85.70186926,46.7359039,39.98070827,38.8716463,1417.22914767,15.6166581272535
80565,272.60900025,448.09631265,95.9694355,NA,21.151027555,NA,NA,7.50973796131165
80566,500.5989999,1101.90806,156.39420095,NA,89.397753705,123.8584288,1815.763242405,10.2465887492358
80568,0,0,3.979497581,0,0,0,0,0
80569,342.32525115,703.1508256,53.10057594,27.632045865,16.800027885,NA,NA,19.6886014556851
80570,387.16607615,517.16791565,147.60111365,15.68277045,NA,28.969811475,NA,6.12687783606028
80571,228.85706885,441.01358865,99.08545162,NA,11.690823665,0,681.561481165,6.76053493775255
80572,383.75072905,617.10176985,57.792652475,NA,26.62015044,0,1027.47264934,17.3179886376205
80573,0,10.06425305,7.6246702355,NA,0,0,10.06425305,1.31995912467682
80574,8.594896057,28.859663655,NA,NA,0,0,37.454559712,NA
80575,0,0,NA,NA,0,0,0,NA
80579,616.35506355,1205.455798,99.30556428,25.72410553,113.2124604,0,1935.02332195,18.3455063647114
80581,481.9921769,830.1825167,NA,NA,0,0,1312.1746936,NA
80582,8.5505071915,11.921735995,3.8476658755,NA,0,0,20.4722431865,5.32069151764371
80587,8.099701712,20.92779997,10.1380962385,NA,0,0,29.027501682,2.86321031080435
80588,188.3175345,352.21845395,22.360403165,NA,0,0,540.53598845,24.1738033282013
80589,226.24374375,557.7753292,184.6619169,NA,88.271432555,174.34163295,1046.632138455,4.2456998503626
80590,120.1373866,187.78033885,27.01935527,NA,0,0,307.91772545,11.3961907074772
80591,91.193661525,188.9956309,62.56821354,NA,13.692308605,0,293.88160103,4.47814116102059
80592,361.9811147,490.04977065,36.013281045,13.247070235,41.432197305,0,893.463082655,23.6587964391624
80593,301.77037745,371.92070895,27.86430933,10.2101236455,0,0,673.6910864,24.1775627172884
80594,630.45060265,820.1827975,NA,NA,18.06274894,0,1468.69614909,NA
80601,323.93930255,843.24819605,173.0565398,NA,169.56519075,149.6018629,1486.35455225,6.74454429719275
80603,54.31617573,81.98207458,9.01195229,NA,0,0,136.29825031,15.1241646564465
80604,139.5196017,392.44763545,81.2033259,13.668934455,NA,0,NA,6.55105232764856
80606,93.36456017,198.9791883,56.448983065,NA,0,0,292.34374847,5.17890194998502
80607,25.65413297,31.226824335,5.349459011,NA,0,0,56.880957305,10.6330298424638
80608,88.490513705,150.25932465,23.13658659,NA,0,0,238.749838355,10.3191470110025
80611,174.6802987,601.0580567,84.714218065,NA,25.296436515,19.522680135,820.55747205,9.15712111991386
80612,645.84880285,751.4688818,196.6512128,42.751875305,63.92941037,83.719892435,1544.966987455,7.10556352414217
80613,31.58647039,74.734458315,39.971723935,NA,0,0,106.320928705,2.65990350773696
80614,104.7574163,327.30254095,41.001985695,9.2663261285,0,0,432.05995725,10.5375373881633
80616,442.40680245,597.4971649,76.6838031,19.56876282,0,34.004088635,1073.908055985,13.5609336693161
80618,252.40174845,458.29665775,59.78879598,NA,0,22.60390467,733.30231087,11.8868158247866
80620,283.8861036,371.2440363,46.47984873,NA,17.5077066,0,672.6378465,14.0949284001682
80621,0,0,NA,NA,0,0,0,NA
80622,163.69045595,318.96967545,41.41812775,9.4873828475,0,0,482.6601314,11.6533546449356
80623,78.56267497,133.3184892,169.88069265,NA,0,0,211.88116417,1.24723510873912
80624,1264.052456,1722.9651175,162.3964038,91.278751465,131.48328525,300.6556003,3419.15645905,18.3933726585391
80625,65.049529175,207.42966175,32.74354469,NA,0,0,272.479190925,8.32161555826349
80626,555.43450205,1065.599333,84.022878085,NA,33.18775766,77.593143505,1731.814736215,19.2927673033303
80627,45.331948805,107.79399955,8.8712878085,NA,0,0,153.125948355,17.2608477664633
80628,166.8059079,475.8308526,41.59776926,NA,16.10372101,31.52396211,690.26444362,15.448827471572
80629,48.9008788,143.4269857,27.800447355,NA,0,0,192.3278645,6.91815718085591
80630,371.6267766,556.58078515,57.34501761,40.57624969,18.973654425,0,947.181216175,16.1863680653598
80631,112.5940811,276.2893506,79.24085191,NA,29.483957025,54.962086905,473.32947563,4.90761295880167
80632,56.5806663,134.2955998,30.92813479,NA,0,0,190.8762661,6.17160612484514
80633,311.78898445,518.5159323,57.310444375,22.046837395,40.47433008,22.97189862,893.75114545,14.4878464266837
80634,89.517048185,189.9751152,100.50489316,NA,34.97948776,48.346101605,362.81775275,2.78088115511012
80635,51.21090705,101.57885255,35.58097941,NA,0,0,152.7897596,4.29414148046354
80636,12.005275815,17.38179891,4.126388092,NA,0,0,29.387074725,7.12174280988595
80637,55.3176732,145.5522507,93.566201675,NA,0,NA,NA,2.14682139815525
80639,25.58278021,31.90709374,4.4208061325,NA,0,0,57.48987395,13.0043870341559
80642,54.01089242,135.6089784,46.416812315,NA,0,0,189.61987082,4.08515495491539
80646,126.3067985,192.4762783,52.72279468,NA,0,0,318.7830768,6.04639945084186
80647,0,0,15.52978843,NA,0,0,0,0
80648,596.2650206,966.1713633,160.8211361,69.42205659,177.9374749,67.69637812,1808.07023692,9.71536715751382
80649,92.90509416,169.5614517,17.97569063,0,0,0,262.46654586,14.6011939826092
80650,0,20.64672116,171.0092454,0,0,0,20.64672116,0.120734531701524
80651,0,0,4.832133234,0,0,0,0,0
80652,11.05979061,17.99041818,56.27664073,0,0,0,29.05020879,0.51620367550677
80653,99.35394607,70.67506583,47.15475611,0,26.59996205,0,196.62897395,3.6057659062718
80654,0,0,4.250051224,0,0,0,0,0
80656,967.1478078,1062.274381,120.4926292,19.3376291,64.29782759,47.18730078,2140.90731717,16.8427081579526
80657,25.25850775,44.12668272,13.18902882,0,0,0,69.38519047,5.26082635931339
80658,0,11.26828601,4.0174320495,NA,0,0,11.26828601,2.80484794046546
80659,669.752015,1383.0447315,131.82792505,74.120273975,NA,69.488603635,NA,15.5717898595568
80665,16.42964851,124.638294,82.55460816,NA,0,0,141.06794251,1.70878338174163
80666,18.21288925,16.51546758,6.027772965,NA,0,0,34.72835683,5.7613909866295
80667,0,0,17.27037748,NA,0,0,0,0
80670,47.806342755,427.97587985,122.0230399,NA,13.553071135,0,489.33529374,3.89911792883468
80671,0,0,4.603906705,NA,0,0,0,0
80672,0,13.180539725,26.31530455,NA,0,0,13.180539725,0.50086973912677
80674,0,16.21858877,28.82433232,12.17998395,0,0,16.21858877,0.562670059099568
80675,1494.063187,3004.999668,203.81852315,181.47826205,NA,35.13424315,NA,22.0738664252263
80676,0,0,5.245956159,NA,0,0,0,0
80677,31.01789004,329.12890945,192.6652244,NA,19.31934626,17.49842755,396.9645733,1.86928803893683
80683,0,0,4.9895687905,NA,0,0,0,0
80684,58.34569675,108.36797175,158.571483,NA,0,0,166.7136685,1.05134709814122
80685,0,28.078644665,13.47950863,NA,0,0,28.078644665,2.08306144057122
80686,42.877034575,58.83782934,17.13722185,NA,0,0,101.714863915,5.93531815164078
80688,0,0,5.1591969955,NA,0,0,0,0
80690,0,0,9.499360482,NA,0,0,0,0
80691,0,0,4.876191623,NA,0,0,0,0
80692,122.2671343,249.88340225,35.422249715,NA,NA,0,NA,10.5061236805749
80693,195.5910425,366.82417915,171.55326685,NA,21.052561605,29.94617844,613.413961695,3.2783708056213
80695,91.39212417,178.64843525,95.66570869,NA,0,0,270.04055942,2.82275188380251
80696,299.65811405,611.64422465,177.86525485,15.91133275,27.74056178,111.5237663,1050.56666678,5.12355456645275
80697,215.62928245,470.80548025,147.28977925,NA,41.04863615,129.4916661,856.97506495,4.6604371749033
80700,0,18.834957355,102.1675031,NA,0,0,18.834957355,0.184353701358098
80701,227.6841787,351.397465,236.1062967,NA,62.35064734,22.27357727,663.70586831,2.45263108944438
80702,0,0,50.76933043,NA,0,0,0,0
80706,0,0,21.540872405,NA,0,0,0,0
80711,62.06207722,58.36041103,28.499507925,NA,0,0,120.42248825,4.22542342018349
80712,687.8535112,703.06245105,130.51433975,NA,0,0,1390.91596225,10.6571888185949
80713,0,0,34.209801085,NA,0,0,0,0
80714,107.5110818,129.93864545,39.448906485,NA,0,0,237.44972725,6.01917133850814
80715,0,0,NA,NA,0,0,0,NA
80716,24.21795073,41.57759698,85.15743018,NA,0,0,65.79554771,0.772634256000044
80719,331.7499887,614.41725595,54.00665116,NA,13.272927915,0,959.440172565,17.519457776541
80720,138.10220655,147.90676225,NA,NA,0,0,286.0089688,NA
80722,0,0,NA,NA,0,0,0,NA
80723,392.7093711,709.4055258,68.307734975,16.72942804,23.83803891,58.99421418,1184.94714999,16.1345548539029
80725,797.17313555,795.05795355,57.44538182,NA,NA,74.541908815,NA,27.7173036135283
80727,990.10203375,517.5268435,58.995681135,30.01428361,16.037610825,0,1523.666488075,25.5549024648107
80729,0,0,NA,NA,0,0,0,NA
80730,96.70143599,207.80162975,34.49092858,8.768593512,0,0,304.50306574,8.82849718104052
80731,107.99084425,96.162676535,7.129482153,NA,0,0,204.153520785,28.6351121166766
80732,1280.315864,892.99312865,127.15175085,63.7204953,169.3179786,117.54203865,2460.1690099,17.0922459039816
80733,262.4720158,311.0028383,39.28817163,NA,15.800560555,19.399191615,608.67460627,14.5966287131087
80734,7.7607864315,10.459219835,8.0939674915,NA,0,0,18.2200062665,2.25105997591836
80735,1110.1905285,1096.0545865,47.614833665,16.3874232,71.557241815,100.045112375,2377.84746919,46.3352477617019
80738,29.71419754,89.94118597,71.64433982,NA,9.433535826,32.881847055,161.970766391,1.67013031051195
80739,0,9.0639582495,3.2300117725,NA,0,0,9.0639582495,2.8061687968662
80741,6.861338636,18.25502434,4.6107383725,NA,0,0,25.116362976,5.44736242806629
80742,77.95180435,99.930301205,14.687384665,NA,0,NA,NA,12.111217184833
80743,210.27012565,294.9315231,31.71010178,NA,0,14.85317633,520.05482508,15.9318835447144
80744,266.28406795,520.0854868,51.694869925,NA,31.00259593,110.99475225,928.36690293,15.2117522665379
80745,110.6923869,153.7020619,14.84457699,NA,0,0,264.3944488,17.8108442549834
80746,523.3395906,859.99502955,111.3114641,NA,52.093566475,77.202937725,1512.63112435,12.4276024157515
80747,72.70566032,174.2356471,NA,NA,0,0,246.94130742,NA
80748,1114.0228845,1174.8755395,46.662601195,NA,8.123109706,0,2297.021533706,49.0520966551959
80749,1531.095914,925.1893138,100.329534865,NA,13.902777755,14.321668545,2484.5096741,24.4821749757446
80750,370.68170705,594.15315835,68.55556135,NA,NA,0,NA,14.0737650804751
80751,17.44599864,24.04912581,4.442109555,NA,0,0,41.49512445,9.34131045986775
80752,893.09066255,994.68436815,40.038751015,32.806454,0,0,1887.7750307,47.1486992686852
80753,3193.3248,1827.149639,139.0993964,94.552665065,142.8517431,107.48419875,5270.81038085,36.0927118947585
80754,130.03094305,83.904832355,7.9348747085,NA,0,0,213.935775405,26.9614560108716
80755,464.6678604,786.6273853,62.98032567,NA,NA,0,NA,19.8680339040552
80756,20.47236252,26.620765545,4.2629687285,NA,0,0,47.093128065,11.0470263950471
80757,872.01419885,1085.8892555,86.178303835,29.8526873,NA,26.525435695,NA,22.7192154779313
80758,409.7361537,1113.012887,78.9974049,NA,31.739060945,NA,NA,19.2759375150056
80760,1116.458307,1878.1190125,102.52509933,69.956757255,81.452530965,NA,NA,29.2082362179556
80761,0,0,40.22792619,NA,0,0,0,0
80762,145.2997608,446.8469317,78.08236249,169.2289819,21.513087385,0,613.659779885,7.58361649951147
80763,15.30616242,33.777672075,23.858493875,10.7460319,0,0,49.083834495,2.05728973304691
80764,0,0,3.0942007605,NA,0,0,0,0
80765,89.112466495,243.43422785,69.368107085,143.92812015,34.055825465,0,366.60251981,4.79394217774337
80766,0,0,10.072091936,NA,0,0,0,0
80767,14.21288624,47.714835055,106.45233115,NA,0,0,61.927721295,0.581741335544252
80768,0,0,NA,NA,0,0,0,NA
80769,227.42869745,641.47870085,44.91593047,NA,28.901374575,0,897.808772875,19.3451942152319
80771,34.129218085,71.54644963,6.4027042275,NA,0,0,105.675667715,16.5048491949881
80773,13.826238205,27.44469388,5.350826516,NA,0,0,41.270932085,7.71300133943644
80774,14.42112027,13.99091916,4.2981163055,NA,0,0,28.41203943,6.61034681486936
80776,0,0,3.270944204,0,0,0,0,0
80777,0,0,3.3103355665,NA,0,0,0,0
80779,0,0,3.115394235,NA,0,0,0,0
80782,1291.387331,2003.872587,229.3508743,NA,48.14242441,0,3343.40234241,14.3677669773766
80783,478.28095235,735.8948238,86.115179995,50.05522048,12.42551734,0,1226.60129349,14.0994395671065
80784,52.3480382,81.17500045,11.82125644,NA,0,0,133.52303865,11.2951647168564
80786,395.68031475,930.25438145,73.816906945,NA,14.64783983,0,1340.58253603,17.9624797499025
80788,699.31680335,944.12759535,152.0194604,56.45702862,30.480413075,63.146706145,1737.07151792,10.8107501130165
81581,15.2517795,20.67009863,NA,NA,0,0,35.92187813,NA
82215,366.5094895,646.2821156,71.19193901,NA,19.95851183,0,1032.75011693,14.2262118321814
82217,338.45460995,365.02260005,30.052806035,NA,0,0,703.47721,23.4080374784544
